fiscal_year_end,ticker,financial_currency,total_assets,current_assets,current_liabilities,total_liabilities,total_debt,book_equity,retained_earnings,share_capital,working_capital,shares_outstanding,revenue,ebit,ebitda,interest_expense,pretax_income,net_income,operating_cash_flow,price_fy_end,market_cap,debt_to_assets,liabilities_to_assets,interest_coverage,roa,current_ratio,asset_growth,name,sector,industry,default,fiscal_year,z_score,z_model,z_zone
2022-12-31,ABB,INR,93182300000.0,78986000000.0,43503400000.0,43788200000.0,330900000.0,49394100000.0,22542000000.0,423800000.0,35482600000.0,211908375.0,84984100000.0,13740700000.0,14787700000.0,112800000.0,13627900000.0,10162300000.0,7419400000.0,2683.0,568550170125.0,0.0035511035894155865,0.4699197165126853,50.0,0.10905826535726205,1.8156282037725786,,ABB India Limited,Industrials,Specialty Industrial Machinery,0,2022,9.984718757678761,Z (1968),Safe
2023-12-31,ABB,INR,110011900000.0,95474900000.0,50141600000.0,50565900000.0,489800000.0,59446000000.0,32593900000.0,423800000.0,45333300000.0,211908375.0,103666800000.0,16711600000.0,17910800000.0,122700000.0,16588900000.0,12420500000.0,13514800000.0,4674.85009765625,990639887562.9272,0.004452245620701034,0.4596402752793107,50.0,0.12225250523883063,1.9041055730172152,0.18060940758062416,ABB India Limited,Industrials,Specialty Industrial Machinery,0,2023,14.107535098808533,Z (1968),Safe
2024-12-31,ABB,INR,123913300000.0,107626000000.0,52739600000.0,53159300000.0,518800000.0,70754000000.0,43901900000.0,423800000.0,54886400000.0,211908375.0,120876700000.0,25286600000.0,26575800000.0,154000000.0,25132600000.0,18716400000.0,13318000000.0,6912.25,1464763665093.75,0.004186798350136749,0.4290039890794612,50.0,0.1600203825838345,2.040705655712216,0.1263626934904314,ABB India Limited,Industrials,Specialty Industrial Machinery,0,2024,19.208997594207336,Z (1968),Safe
2025-12-31,ABB,INR,136384800000.0,117497100000.0,57334500000.0,58024900000.0,848200000.0,78359900000.0,51507800000.0,423800000.0,60162600000.0,211908375.0,130653200000.0,22493300000.0,23948600000.0,193900000.0,22299400000.0,16682600000.0,12195100000.0,5170.0,1095566298750.0,0.006219168118441351,0.42544990350830886,50.0,0.12818072817281417,2.0493263218481017,0.10064698462554067,ABB India Limited,Industrials,Specialty Industrial Machinery,0,2025,13.888889252973177,Z (1968),Safe
2023-03-31,ADANIENT,INR,1414878200000.0,372822800000.0,448030500000.0,1035977700000.0,530126000000.0,330510100000.0,155857300000.0,1140000000.0,-75207700000.0,1175884969.0,1273896500000.0,62412900000.0,86774300000.0,30033700000.0,32379200000.0,24639800000.0,176264600000.0,1750.449951171875,2058327786569.792,0.37467960139607775,0.732202743670798,2.0780956059359985,0.01741478524441185,0.8321370978091893,,Adani Enterprises Limited,Energy,Thermal Coal,0,2023,2.32846672457656,Z (1968),Grey
2024-03-31,ADANIENT,INR,1607318500000.0,370269000000.0,446516900000.0,1165455600000.0,653101500000.0,390760900000.0,186290600000.0,1140000000.0,-76247900000.0,1175884969.0,963161500000.0,86443700000.0,116865200000.0,37194600000.0,49249100000.0,32407800000.0,103121900000.0,3197.10009765625,3759421949222.417,0.40632985932781834,0.7250931287109555,2.324092744645728,0.021446519347996112,0.8292384901892851,0.13601191961258574,Adani Enterprises Limited,Energy,Thermal Coal,0,2024,2.8174759528574027,Z (1968),Grey
2025-03-31,ADANIENT,INR,1981355400000.0,409442200000.0,473831500000.0,1416650900000.0,914726000000.0,503139700000.0,251386900000.0,1154200000.0,-64389300000.0,1190510909.0,977110800000.0,153663400000.0,195776700000.0,48876000000.0,104787400000.0,70990000000.0,45131000000.0,2315.800048828125,2756985221192.615,0.4616667963758546,0.714990808817035,3.1439438579261805,0.03956336071661457,0.864109287795345,0.23270863864255897,Adani Enterprises Limited,Energy,Thermal Coal,0,2025,2.0553901094320723,Z (1968),Grey
2026-03-31,ADANIENT,INR,2616003500000.0,611760400000.0,589122500000.0,1724221000000.0,1066217900000.0,809259500000.0,336150300000.0,1292400000.0,22637900000.0,1292682416.0,1002670200000.0,199175700000.0,260529100000.0,63929100000.0,135246600000.0,93394700000.0,23569100000.0,1758.800048828125,2273569896380.0586,0.4075751045440115,0.6591050050200621,3.1155717818645967,0.04062971894580604,1.038426473271688,0.320310076627343,Adani Enterprises Limited,Energy,Thermal Coal,0,2026,1.6159818750441524,Z (1968),Distress
2023-03-31,ADANIGREEN,INR,673610000000.0,78080000000.0,84440000000.0,600060000000.0,542240000000.0,73040000000.0,5820000000.0,15840000000.0,-6360000000.0,1584032478.0,77750000000.0,40610000000.0,53610000000.0,26350000000.0,14260000000.0,9740000000.0,72650000000.0,881.1500244140625,1395770256662.368,0.8049761731565743,0.8908121910304182,1.5411764705882354,0.014459405293864401,0.9246802463287541,,Adani Green Energy Limited,Utilities,Utilities - Renewable,0,2023,0.4991657204879711,Z'' (1995),Distress
2024-03-31,ADANIGREEN,INR,885380000000.0,138630000000.0,268140000000.0,710900000000.0,648580000000.0,106420000000.0,15920000000.0,15840000000.0,-129510000000.0,1584032478.0,92200000000.0,58600000000.0,77630000000.0,41890000000.0,16710000000.0,11000000000.0,77130000000.0,1835.1500244140625,2906937240674.368,0.7325442183017461,0.8029320743635501,1.398901885891621,0.014111700524057242,0.5170060416200493,0.31438072475171097,Adani Green Energy Limited,Utilities,Utilities - Renewable,0,2024,-0.29899953357127795,Z'' (1995),Distress
2025-03-31,ADANIGREEN,INR,1113980000000.0,85820000000.0,168880000000.0,888250000000.0,794470000000.0,121370000000.0,30310000000.0,15840000000.0,-83060000000.0,1584032478.0,110470000000.0,70520000000.0,95500000000.0,48370000000.0,22150000000.0,14440000000.0,89570000000.0,948.6500244140624,1502692448927.368,0.713181565198657,0.7973662004703854,1.4579284680587141,0.014444622279129321,0.5081714827096163,0.25819422169012185,Adani Green Energy Limited,Utilities,Utilities - Renewable,0,2025,0.16845518454463448,Z'' (1995),Distress
2026-03-31,ADANIGREEN,INR,1440970000000.0,114610000000.0,202320000000.0,1142180000000.0,1014400000000.0,199650000000.0,44670000000.0,16470000000.0,-87710000000.0,1647176155.0,123260000000.0,78610000000.0,112330000000.0,58600000000.0,20010000000.0,16520000000.0,101350000000.0,806.9000244140625,1329106479683.7617,0.7039702422673616,0.7926466199851488,1.341467576791809,0.012931759917023817,0.5664788453934362,0.2935330975421462,Adani Green Energy Limited,Utilities,Utilities - Renewable,0,2026,0.25189794027117707,Z'' (1995),Distress
2023-03-31,ADANIPORTS,INR,1147630900000.0,175963900000.0,125301200000.0,678461100000.0,524428400000.0,455559200000.0,307231800000.0,4320300000.0,50662700000.0,2160138945.0,208519100000.0,80439500000.0,114686600000.0,25570600000.0,54868900000.0,53088500000.0,118995000000.0,631.9000244140625,1364991852083.267,0.4569660855245358,0.5911840644932095,3.1457807012741195,0.04625921104076232,1.4043273328587436,,Adani Ports and Special Economic Zone Limited,Industrials,Marine Shipping,0,2023,2.3383768778671032,Z'' (1995),Grey
2024-03-31,ADANIPORTS,INR,1189178700000.0,174723600000.0,164629400000.0,643748700000.0,491666600000.0,529447700000.0,371956900000.0,4320300000.0,10094200000.0,2160138945.0,267105600000.0,128052400000.0,166937000000.0,27115100000.0,100937300000.0,81106400000.0,150175800000.0,1341.8499755859375,2898582390610.483,0.41345056045823897,0.5413389089461491,4.722549428178395,0.06941635296260337,1.0613146861982126,0.03620310327998322,Adani Ports and Special Economic Zone Limited,Industrials,Marine Shipping,0,2024,2.6625476613579355,Z'' (1995),Safe
2025-03-31,ADANIPORTS,INR,1353322300000.0,189441200000.0,209859900000.0,703588900000.0,513048200000.0,624353900000.0,463326600000.0,4320300000.0,-20418700000.0,2160138945.0,304753300000.0,157163000000.0,200952300000.0,26866800000.0,130296200000.0,110923100000.0,172262800000.0,1182.949951171875,2555336259512.216,0.37910274588691845,0.5198975144354009,5.849710423273334,0.08725510825757787,0.90270318436252,0.138031062951262,Adani Ports and Special Economic Zone Limited,Industrials,Marine Shipping,0,2025,2.729280770734343,Z'' (1995),Safe
2026-03-31,ADANIPORTS,INR,1853147600000.0,219748300000.0,157603500000.0,863332800000.0,632361600000.0,961253000000.0,565645900000.0,4607900000.0,62144800000.0,2303959098.0,387357700000.0,185999300000.0,241173100000.0,37513700000.0,148485600000.0,128062100000.0,203562500000.0,1312.5999755859375,3024176655785.799,0.34123649945638435,0.46587373828182926,4.958169948578786,0.07987731305383532,1.3943110400466994,0.3693320504657316,Adani Ports and Special Economic Zone Limited,Industrials,Marine Shipping,0,2026,3.0586291338809186,Z'' (1995),Safe
2023-03-31,ALOKINDS,INR,74611100000.0,18074900000.0,44127100000.0,263615400000.0,239224100000.0,-189004300000.0,-225860300000.0,4965300000.0,-26052200000.0,4965240401.0,69008700000.0,-4021700000.0,-372600000.0,4777800000.0,-8799500000.0,-8804600000.0,8132700000.0,11.600000381469728,57596790545.688896,3.2062802987759196,3.5331927823071902,-0.8417472476872201,-0.11800657006799256,0.4096099675709485,,Alok Industries Limited,Consumer Cyclical,Textile Manufacturing,0,2023,-3.7789148511781923,Z (1968),Distress
2024-03-31,ALOKINDS,INR,74068300000.0,17921800000.0,27353900000.0,271827000000.0,224733900000.0,-197758700000.0,-234328500000.0,4965300000.0,-9432100000.0,4965240401.0,54214900000.0,-3504500000.0,-258300000.0,4992900000.0,-8497400000.0,-8468200000.0,-11607300000.0,25.850000381469727,128351466259.9389,3.034144161537392,3.6699505726471378,-0.7018966933044923,-0.11391221648728742,0.6551826247811098,-0.007275056928526702,Alok Industries Limited,Consumer Cyclical,Textile Manufacturing,0,2024,-3.722836847135084,Z (1968),Distress
2025-03-31,ALOKINDS,INR,67298700000.0,14998300000.0,16191800000.0,273599900000.0,224202300000.0,-206301200000.0,-242492800000.0,4965300000.0,-1193500000.0,4965240401.0,36275800000.0,-5038900000.0,-2057900000.0,3075200000.0,-8114100000.0,-8164300000.0,1152200000.0,15.050000190734863,74726868982.09445,3.33145068181109,4.06545594491424,-1.6385600936524454,-0.11550503299921482,0.9262898504181128,-0.09139672437466495,Alok Industries Limited,Consumer Cyclical,Textile Manufacturing,0,2025,-4.609986981068791,Z (1968),Distress
2026-03-31,ALOKINDS,INR,64745500000.0,14393800000.0,23492600000.0,280023200000.0,225619800000.0,-215277700000.0,-249933900000.0,4965300000.0,-9098800000.0,4965240401.0,36440700000.0,-4511800000.0,-1878900000.0,2939500000.0,-7451300000.0,-7441100000.0,4192800000.0,11.18000030517578,55511389198.45112,3.4847178568394717,4.3249832034658775,-1.534886885524749,-0.11270619989367196,0.6126950614235972,-0.03793832570317113,Alok Industries Limited,Consumer Cyclical,Textile Manufacturing,0,2026,-5.121177967929959,Z (1968),Distress
2024-03-31,AMBUJACEM,INR,651036800000.0,239662300000.0,121288800000.0,142611600000.0,6990100000.0,414516800000.0,109143300000.0,4395400000.0,118373500000.0,2197675987.0,325297900000.0,61724800000.0,78003800000.0,2763800000.0,58961000000.0,35734000000.0,56458200000.0,612.3499755859375,1345746836985.251,0.01073687386027948,0.2190530550653972,22.333309211954557,0.06478933991077913,1.9759639801861342,0.44020065219040805,Ambuja Cements Limited,Basic Materials,Building Materials,0,2024,6.927293822100222,Z (1968),Safe
2025-03-31,AMBUJACEM,INR,811063600000.0,194358800000.0,138452600000.0,171592700000.0,7885000000.0,535789200000.0,146587200000.0,4926200000.0,55906200000.0,2463123478.0,336540700000.0,63196100000.0,86166500000.0,2159400000.0,61036700000.0,43031000000.0,22373500000.0,538.3499755859375,1326022464246.4497,0.009721802334613464,0.21156503633007326,29.265583032323793,0.058861894846619287,1.4037930670857752,0.24580300222660223,Ambuja Cements Limited,Basic Materials,Building Materials,0,2025,5.644448619298638,Z (1968),Safe
2026-03-31,AMBUJACEM,INR,896066000000.0,137159300000.0,130962400000.0,177603600000.0,8659300000.0,593473200000.0,188866400000.0,4943600000.0,6196900000.0,2471823478.0,399694000000.0,35223800000.0,70927900000.0,2236100000.0,32987700000.0,47281800000.0,53615300000.0,401.25,991819170547.5,0.009663685487452934,0.19820370374503662,15.752336657573453,0.05539333393317063,1.0473181615486582,0.10480361835989194,Ambuja Cements Limited,Basic Materials,Building Materials,0,2026,4.229828499351126,Z (1968),Safe
2023-03-31,APOLLOHOSP,INR,144278000000.0,43370000000.0,33249000000.0,78965000000.0,43324000000.0,61974000000.0,20592000000.0,719000000.0,10121000000.0,143784657.0,164448000000.0,14574000000.0,20728000000.0,3137000000.0,11437000000.0,8191000000.0,13769000000.0,4310.89990234375,619841263819.8296,0.3002814011838257,0.5473114404136459,4.645839974497928,0.056772342283646846,1.3044001323348071,,Apollo Hospitals Enterprise Limited,Healthcare,Medical Care Facilities,0,2023,2.4283408018378427,Z'' (1995),Grey
2024-03-31,APOLLOHOSP,INR,167531000000.0,52797000000.0,46645000000.0,94326000000.0,53326000000.0,69354000000.0,27726000000.0,719000000.0,6152000000.0,143784657.0,188623000000.0,17906000000.0,24776000000.0,4101000000.0,13805000000.0,8986000000.0,19202000000.0,6356.7998046875,914010279534.6592,0.31830526887561106,0.5630360948123034,4.366252133625945,0.057637848811291525,1.1318898059813485,0.16116802284478582,Apollo Hospitals Enterprise Limited,Healthcare,Medical Care Facilities,0,2024,2.2706826432153764,Z'' (1995),Grey
2025-03-31,APOLLOHOSP,INR,206574000000.0,70289000000.0,45789000000.0,120045000000.0,54192000000.0,82123000000.0,39412000000.0,719000000.0,24500000000.0,143784657.0,215267000000.0,24616000000.0,32191000000.0,4225000000.0,20391000000.0,14459000000.0,21364000000.0,6616.2001953125,951308075726.3408,0.26233698335705363,0.5811234714920561,5.826272189349113,0.07729915398083426,1.5350630063989168,0.2330494057816166,Apollo Hospitals Enterprise Limited,Healthcare,Medical Care Facilities,0,2025,2.9190806512198195,Z'' (1995),Safe
2026-03-31,APOLLOHOSP,INR,221969000000.0,68998000000.0,64813000000.0,122224000000.0,84924000000.0,94801000000.0,50444000000.0,719000000.0,4185000000.0,143784657.0,249106000000.0,30170000000.0,38931000000.0,3561000000.0,26609000000.0,19417000000.0,28557000000.0,7419.0,1066738370283.0,0.3825939658240565,0.5506354490942429,8.472339230553215,0.09061867770562114,1.0645703793991945,0.07452535168995134,Apollo Hospitals Enterprise Limited,Healthcare,Medical Care Facilities,0,2026,2.5923363481517283,Z'' (1995),Grey
2023-03-31,ASHOKLEY,INR,547460100000.0,242434400000.0,224549500000.0,439502000000.0,311609300000.0,85517600000.0,37165900000.0,2936100000.0,17884900000.0,5872254552.0,414883000000.0,43584300000.0,52586500000.0,20935000000.0,22649300000.0,12387100000.0,-44992600000.0,69.5999984741211,408708907858.85065,0.5691908871532373,0.8028018845574316,2.0818867924528304,0.022626489126787504,1.079647917274365,,Ashok Leyland Limited,Industrials,Farm & Heavy Construction Machinery,0,2023,1.7127589295761187,Z (1968),Distress
2024-03-31,ASHOKLEY,INR,675956000000.0,291267000000.0,266799300000.0,557810100000.0,408021800000.0,90046200000.0,37728000000.0,2936300000.0,24467700000.0,5872654552.0,455172600000.0,70883200000.0,80156100000.0,29822500000.0,41060700000.0,24835200000.0,-62579800000.0,85.625,502846046015.0,0.6036218333737698,0.8252165821444,2.37683628133121,0.0405997599671935,1.091708261603385,0.2347128128606999,Ashok Leyland Limited,Industrials,Farm & Heavy Construction Machinery,0,2024,1.6818814151979575,Z (1968),Distress
2025-03-31,ASHOKLEY,INR,817146400000.0,342402400000.0,265514600000.0,658697800000.0,499621100000.0,122320900000.0,63583500000.0,2936500000.0,76887800000.0,5873054552.0,483417600000.0,85265400000.0,96131900000.0,39302100000.0,45963300000.0,31068000000.0,1284700000.0,102.11000061035156,599697603889.348,0.6114217721573515,0.8060952113354474,2.1694871266420876,0.041615364090232525,1.289580309331389,0.2088751338844541,Ashok Leyland Limited,Industrials,Farm & Heavy Construction Machinery,0,2025,1.7040373256788408,Z (1968),Distress
2026-03-31,ASHOKLEY,INR,1010407400000.0,437423200000.0,331176800000.0,824945000000.0,639357000000.0,142416900000.0,76822600000.0,5873900000.0,106246400000.0,5873854552.0,560760300000.0,98594400000.0,109970000000.0,47046500000.0,51547900000.0,34710300000.0,-48947100000.0,154.1300048828125,905337230780.6904,0.6327714939538249,0.816447900124247,2.0956798061492354,0.03798553016606132,1.320814743061712,0.23650719136742215,Ashok Leyland Limited,Industrials,Farm & Heavy Construction Machinery,0,2026,1.76809184673587,Z (1968),Distress
2023-03-31,ASIANPAINT,INR,257980000000.0,165351600000.0,78959300000.0,93521100000.0,19326200000.0,159922300000.0,113668400000.0,959200000.0,86392300000.0,958840131.0,343887100000.0,58332800000.0,66913000000.0,1444500000.0,56888300000.0,41064500000.0,41934300000.0,2761.64990234375,2647980754139.4185,0.07491355919063493,0.3625129855027521,40.382692973347176,0.15917706798976664,2.0941371060787013,,Asian Paints Limited,Basic Materials,Specialty Chemicals,0,2023,20.086439099216634,Z (1968),Safe
2024-03-31,ASIANPAINT,INR,299240900000.0,175370600000.0,85009600000.0,105004100000.0,24743800000.0,187283000000.0,140378800000.0,959200000.0,90361000000.0,958842215.0,353954200000.0,75529400000.0,84059400000.0,2051700000.0,73477700000.0,54602300000.0,61036000000.0,2846.75,2729584075551.25,0.08268856296047766,0.35090156459227334,36.8130818345762,0.19598080402224682,2.0629505373510755,0.15993836731529565,Asian Paints Limited,Basic Materials,Specialty Chemicals,0,2024,18.631909358818227,Z (1968),Safe
2025-03-31,ASIANPAINT,INR,303713700000.0,169916800000.0,81412300000.0,103123200000.0,22902900000.0,193998100000.0,145964000000.0,959200000.0,88504500000.0,958743124.0,338151700000.0,53300900000.0,63564300000.0,2270200000.0,51030700000.0,36672300000.0,44239600000.0,2340.64990234375,2244081999563.342,0.07540950572858583,0.33954082413799574,23.47850409655537,0.12164199427286897,2.0871146006193166,0.014947154616898883,Asian Paints Limited,Basic Materials,Specialty Chemicals,0,2025,15.771760877025969,Z (1968),Safe
2026-03-31,ASIANPAINT,INR,345344900000.0,201846400000.0,91370300000.0,125195100000.0,39289300000.0,213715900000.0,171031200000.0,959200000.0,110476100000.0,958644295.0,355409000000.0,61988500000.0,74277000000.0,1954100000.0,60034400000.0,43253500000.0,70881800000.0,2165.199951171875,2075656580725.1963,0.11376829366815609,0.3625219309739336,31.72227623970114,0.13328072380521575,2.2091029579633643,0.13707382972845816,Asian Paints Limited,Basic Materials,Specialty Chemicals,0,2026,12.646336245762706,Z (1968),Safe
2023-03-31,AVANTIFEED,INR,27346486000.0,22107473000.0,3231472000.0,3578008000.0,30535000.0,20954840000.0,18308022000.0,136246000.0,18876001000.0,136245630.0,50368515000.0,4271162000.0,4697107000.0,3338000.0,4267824000.0,2786723000.0,4511831000.0,339.45001220703125,46248580766.65466,0.0011165968453862773,0.13083977224715454,50.0,0.10190424466236722,6.841301116023905,,Avanti Feeds Limited,Consumer Defensive,Packaged Foods,0,2023,11.878335891469282,Z (1968),Safe
2024-03-31,AVANTIFEED,INR,30981922000.0,25047180000.0,3511947000.0,4089190000.0,165268000.0,23654797000.0,20682129000.0,136246000.0,21535233000.0,136245630.0,53117055000.0,5374208000.0,5938200000.0,5649000.0,5368559000.0,3571419000.0,2601052000.0,484.25,65976946327.5,0.00533433658505757,0.13198632415380815,50.0,0.12245899116601983,7.131992595560241,0.13293978612096624,Avanti Feeds Limited,Consumer Defensive,Packaged Foods,0,2024,13.73625193462392,Z (1968),Safe
2025-03-31,AVANTIFEED,INR,36827021000.0,27639645000.0,4529307000.0,5078610000.0,151369000.0,28009629000.0,24675141000.0,136246000.0,23110338000.0,136245630.0,55254265000.0,7387109000.0,7977327000.0,14490000.0,7372619000.0,5288240000.0,5843614000.0,913.6500244140624,124480823175.80933,0.004110270010707627,0.13790444793240267,50.0,0.15597470675807468,6.102400433443791,0.18866160078771088,Avanti Feeds Limited,Consumer Defensive,Packaged Foods,0,2025,18.559885755829352,Z (1968),Safe
2026-03-31,AVANTIFEED,INR,42603962000.0,28329338000.0,5078699000.0,5524011000.0,132346000.0,32860536000.0,29185048000.0,136246000.0,23250639000.0,136245630.0,59746136000.0,8815680000.0,9447764000.0,12941000.0,8802739000.0,6060637000.0,5046242000.0,1176.0,160224860880.0,0.003106424702941947,0.12965956077042787,50.0,0.15260133441883755,5.578069895459447,0.15686691030480038,Avanti Feeds Limited,Consumer Defensive,Packaged Foods,0,2026,21.10223294335647,Z (1968),Safe
2023-03-31,BAJAJ-AUTO,INR,351364500000.0,96503900000.0,52707400000.0,57749000000.0,0.0,293615400000.0,209314300000.0,2829600000.0,43796500000.0,282957358.0,353915200000.0,78814900000.0,81673400000.0,395100000.0,78419800000.0,60602100000.0,52774200000.0,3884.75,1099218596490.5,0.0,0.16435638773979727,50.0,0.17247644540071635,1.8309364529458863,,Bajaj Auto Limited,Consumer Cyclical,Auto Manufacturers,0,2023,14.151718277322953,Z (1968),Safe
2024-03-31,BAJAJ-AUTO,INR,393656800000.0,118470100000.0,90994100000.0,104032600000.0,17859000000.0,289624100000.0,196667000000.0,2791800000.0,27476000000.0,279179756.0,437820800000.0,101004000000.0,104651700000.0,603600000.0,100400400000.0,77082400000.0,65515300000.0,9148.150390625,2553978393905.992,0.04536692875621608,0.2642723306189554,50.0,0.20692670129028526,1.301953643148292,0.12036588784581248,Bajaj Auto Limited,Consumer Cyclical,Auto Manufacturers,0,2024,17.4719549125427,Z (1968),Safe
2025-03-31,BAJAJ-AUTO,INR,541986100000.0,194459300000.0,115838100000.0,190098600000.0,92365200000.0,351887400000.0,244988100000.0,2792600000.0,78621200000.0,279257608.0,492669500000.0,106124300000.0,110266600000.0,3889000000.0,102235300000.0,73247300000.0,-14055700000.0,7878.85009765625,2200228832062.051,0.1704198687014298,0.35074441946020385,27.288326047827205,0.15657105932188445,1.6787162427560536,0.3767985209451481,Bajaj Auto Limited,Consumer Cyclical,Auto Manufacturers,0,2025,9.306556049520703,Z (1968),Safe
2026-03-31,BAJAJ-AUTO,INR,772229900000.0,340517300000.0,193381600000.0,370025700000.0,226398500000.0,388319900000.0,292506000000.0,2795000000.0,147135700000.0,279271733.0,603864300000.0,151191400000.0,157638300000.0,11676000000.0,139515400000.0,107442100000.0,25966000000.0,8781.5,2452424723339.5,0.29317499879245806,0.47916520714880373,12.948903734155532,0.16350752083371378,1.7608567723092579,0.42481495374143363,Bajaj Auto Limited,Consumer Cyclical,Auto Manufacturers,0,2026,6.163629219732337,Z (1968),Safe
2023-03-31,BALKRISIND,INR,123476600000.0,39279500000.0,33492700000.0,47907300000.0,33465300000.0,75569300000.0,28103800000.0,386600000.0,5786800000.0,193317190.0,96461600000.0,14772800000.0,20480900000.0,424900000.0,14347900000.0,10574000000.0,14479300000.0,1951.449951171875,377248820986.1841,0.2710254412576958,0.38798687362625794,34.76771004942339,0.08563565890217256,1.1727779486276113,,Balkrishna Industries Limited,Consumer Cyclical,Auto Parts,0,2023,6.2756467393030295,Z (1968),Safe
2024-03-31,BALKRISIND,INR,136845400000.0,46440600000.0,36604400000.0,48307300000.0,30994400000.0,88538100000.0,35725700000.0,386600000.0,9836200000.0,193317190.0,93043700000.0,20417200000.0,26924400000.0,1007200000.0,19410000000.0,14714900000.0,20819900000.0,2317.35009765625,447983609125.13184,0.22649208522902486,0.3530063853077999,20.271247021445593,0.11305152849163728,1.2687163291844696,0.10826990701072114,Balkrishna Industries Limited,Consumer Cyclical,Auto Parts,0,2024,7.188194376111236,Z (1968),Safe
2025-03-31,BALKRISIND,INR,156346600000.0,55714000000.0,42266500000.0,52470600000.0,32674500000.0,103876000000.0,44182300000.0,386600000.0,13447500000.0,193317190.0,103572400000.0,22969300000.0,29775900000.0,1095400000.0,21873900000.0,16549600000.0,17641400000.0,2554.800048828125,493886766451.3159,0.20898759550895254,0.33560435596296945,20.968869819244112,0.11289257551365658,1.3181597719233908,0.14250533814070487,Balkrishna Industries Limited,Consumer Cyclical,Auto Parts,0,2025,7.293690328904903,Z (1968),Safe
2026-03-31,BALKRISIND,INR,177663400000.0,51544700000.0,50890000000.0,68110500000.0,41108200000.0,109552900000.0,48520200000.0,386600000.0,654700000.0,193317190.0,107296100000.0,17505500000.0,25255100000.0,1068700000.0,16436800000.0,12431000000.0,22493200000.0,2083.0,402679706770.0,0.23138249070996053,0.38336821202341054,16.38018152896042,0.07443489715876771,1.012865002947534,0.13634322716323855,Balkrishna Industries Limited,Consumer Cyclical,Auto Parts,0,2026,4.863140677355252,Z (1968),Safe
2023-03-31,BEL,INR,354911700000.0,300477400000.0,205657800000.0,216117900000.0,613400000.0,138616300000.0,93517900000.0,7309800000.0,94819600000.0,7309778829.0,174041800000.0,39375000000.0,43663200000.0,145900000.0,39229100000.0,29844200000.0,11992600000.0,97.5500030517578,713068947076.6246,0.001728317212422132,0.6089342785825319,50.0,0.08408908469346037,1.4610552091873004,,Bharat Electronics Limited,Industrials,Aerospace & Defense,0,2023,3.525650705567441,Z (1968),Safe
2024-03-31,BEL,INR,395266800000.0,340629800000.0,220267300000.0,231822900000.0,625100000.0,163264700000.0,114743500000.0,7309800000.0,120362500000.0,7309778829.0,199054900000.0,52730700000.0,57162700000.0,68600000.0,52662100000.0,39845200000.0,46594900000.0,201.5,1472920434043.5,0.001581463457087719,0.5864972722222054,50.0,0.10622858426361192,1.5464383501318626,0.1137046200505647,Bharat Electronics Limited,Industrials,Aerospace & Defense,0,2024,5.527843703620784,Z (1968),Safe
2025-03-31,BEL,INR,408318600000.0,348578800000.0,197525400000.0,208390300000.0,612300000.0,199738900000.0,147145500000.0,7309800000.0,151053400000.0,7309778829.0,231173000000.0,71083900000.0,75757700000.0,93900000.0,70990000000.0,53214400000.0,5642700000.0,301.32000732421875,2202582610292.699,0.0014995643108102349,0.5103620065311745,50.0,0.13244242615657278,1.764728991815736,0.03302022836221008,Bharat Electronics Limited,Industrials,Aerospace & Defense,0,2025,8.430802036544534,Z (1968),Safe
2026-03-31,BEL,INR,445375200000.0,380568700000.0,192597500000.0,205303800000.0,654600000.0,239883100000.0,182932600000.0,7309800000.0,187971200000.0,7309778829.0,267964700000.0,80594600000.0,86151300000.0,65000000.0,80529600000.0,60620000000.0,15413700000.0,400.6499938964844,2928662843223.5005,0.0014697720034703324,0.4609681904156316,50.0,0.1420181334337909,1.975979438985449,0.09075413170009883,Bharat Electronics Limited,Industrials,Aerospace & Defense,0,2026,10.839332052037552,Z (1968),Safe
2023-03-31,BERGEPAINT,INR,79671700000.0,41644500000.0,29745500000.0,34649100000.0,11889700000.0,44941200000.0,39779600000.0,971400000.0,11899000000.0,1165706982.0,104153800000.0,12615700000.0,15256000000.0,992300000.0,11623400000.0,8594200000.0,9755700000.0,484.75,565076459524.5,0.1492336676636748,0.43489846457399556,12.71359467902852,0.10787017221924472,1.4000268948244272,,Berger Paints India Limited,Basic Materials,Specialty Chemicals,0,2023,12.4931892488566,Z (1968),Safe
2024-03-31,BERGEPAINT,INR,83686600000.0,43180300000.0,23625100000.0,29794900000.0,7532900000.0,53789700000.0,48346900000.0,1165800000.0,19555200000.0,1165796049.0,111002100000.0,16351400000.0,19660200000.0,782500000.0,15568900000.0,11677400000.0,15910500000.0,573.0499877929688,668059411648.5413,0.09001321597483947,0.35602951966025626,20.896357827476038,0.14296671794454277,1.8277298297150064,0.05039305048091114,Berger Paints India Limited,Basic Materials,Specialty Chemicals,0,2024,16.513552859589197,Z (1968),Safe
2025-03-31,BERGEPAINT,INR,91316400000.0,48903000000.0,23797100000.0,29649500000.0,6702700000.0,61541000000.0,56063000000.0,1165900000.0,25105900000.0,1165894779.0,114574800000.0,16317400000.0,19859300000.0,632700000.0,15684700000.0,11804000000.0,12690500000.0,500.2000122070313,583180582687.9141,0.0734008348993171,0.32468975999929917,25.790105895369052,0.13490054456209322,2.054998298111955,0.09117110744133461,Berger Paints India Limited,Basic Materials,Specialty Chemicals,0,2025,14.835312197458784,Z (1968),Safe
2026-03-31,BERGEPAINT,INR,100572600000.0,54271000000.0,25658800000.0,31273600000.0,6351300000.0,69161600000.0,62929900000.0,1166000000.0,28612200000.0,1166002812.0,117896800000.0,15456700000.0,19377600000.0,575700000.0,14881000000.0,11268700000.0,15400400000.0,410.0,478061152920.0,0.06315139511159103,0.3109554689845942,26.848532221643218,0.11745019255923998,2.115102810731601,0.10136404851702441,Berger Paints India Limited,Basic Materials,Specialty Chemicals,0,2026,12.068664483069233,Z (1968),Safe
2023-03-31,BHARTIARTL,INR,4466332000000.0,575013000000.0,1219638000000.0,3401889000000.0,2260203000000.0,775629000000.0,64497000000.0,28366000000.0,-644625000000.0,5964501570.0,1391448000000.0,308562000000.0,672880000000.0,142955000000.0,165607000000.0,83459000000.0,653246000000.0,749.0,4467411675930.0,0.5060535132632326,0.7616740090078391,2.1584554580112623,0.01868625082058387,0.47146202397760645,,Bharti Airtel Limited,Communication Services,Telecom Services,0,2023,-0.19606818115937774,Z'' (1995),Distress
2024-03-31,BHARTIARTL,INR,4445310000000.0,582761000000.0,1386678000000.0,3389671000000.0,2155923000000.0,820188000000.0,114706000000.0,28766000000.0,-803917000000.0,6044256703.0,1499824000000.0,286349000000.0,681725000000.0,159559000000.0,126790000000.0,74670000000.0,788982000000.0,1228.5999755859375,7425973637740.939,0.48498822354346494,0.7625274727746771,1.7946276925776672,0.016757854500887716,0.4202569017464761,-0.0047067705669887605,Bharti Airtel Limited,Communication Services,Telecom Services,0,2024,-0.41528940815496856,Z'' (1995),Distress
2025-03-31,BHARTIARTL,INR,5143604000000.0,675888000000.0,1804402000000.0,3608927000000.0,2136421000000.0,1136719000000.0,408823000000.0,29001000000.0,-1128514000000.0,6090056304.0,1729852000000.0,560126000000.0,1015829000000.0,176141000000.0,383985000000.0,335561000000.0,983322000000.0,1733.4000244140625,10556503746036.615,0.41535487568638646,0.701633912719564,3.1799864880976036,0.06998936480189519,0.37457728377601,0.15708555758765974,Bharti Airtel Limited,Communication Services,Telecom Services,0,2025,-0.1176479176128914,Z'' (1995),Distress
2026-03-31,BHARTIARTL,INR,5521516000000.0,902154000000.0,1745057000000.0,3561882000000.0,1954117000000.0,1490566000000.0,582655000000.0,30468000000.0,-842903000000.0,6091718266.0,2109728000000.0,630153000000.0,1157261000000.0,178426000000.0,451727000000.0,266952000000.0,1222296000000.0,1782.4000244140625,10857878786041.99,0.35390950601247917,0.6450913118788391,3.5317330433905374,0.05006075881002745,0.5169768093535053,0.07347221908996104,Bharti Airtel Limited,Communication Services,Telecom Services,0,2026,0.5489070578122277,Z'' (1995),Distress
2023-03-31,BOSCHLTD,INR,162523000000.0,88336000000.0,50235000000.0,52472000000.0,532000000.0,110051000000.0,98231000000.0,295000000.0,38101000000.0,29493640.0,146118000000.0,18892000000.0,22748000000.0,70000000.0,18822000000.0,14255000000.0,12137000000.0,19369.900390625,571288868956.9531,0.003273382844274349,0.3228589184300068,50.0,0.08771066249084745,1.7584552602766994,,Bosch Limited,Consumer Cyclical,Auto Parts,0,2023,8.942658207205746,Z (1968),Safe
2024-03-31,BOSCHLTD,INR,173485000000.0,99207000000.0,50932000000.0,52916000000.0,393000000.0,120569000000.0,108923000000.0,295000000.0,48275000000.0,29493640.0,163789000000.0,32224000000.0,36519000000.0,417000000.0,31807000000.0,24913000000.0,12584000000.0,30031.30078125,885732373973.9062,0.0022653255324667837,0.30501772487534945,50.0,0.148288135996762,1.9478324039896333,0.06744891492281102,Bosch Limited,Consumer Cyclical,Auto Parts,0,2024,12.813058698319654,Z (1968),Safe
2025-03-31,BOSCHLTD,INR,202411000000.0,110558000000.0,61994000000.0,64278000000.0,1183000000.0,138133000000.0,124092000000.0,295000000.0,48564000000.0,29493640.0,176820000000.0,27416000000.0,31172000000.0,93000000.0,27323000000.0,20152000000.0,23734000000.0,28358.44921875,836393892216.0938,0.005844544021816996,0.31756179259032363,50.0,0.10722114627450145,1.7833661322063425,0.1667348762140819,Bosch Limited,Consumer Cyclical,Auto Parts,0,2025,10.274035132878073,Z (1968),Safe
2026-03-31,BOSCHLTD,INR,216797000000.0,129233000000.0,65709000000.0,68345000000.0,1188000000.0,148452000000.0,136973000000.0,295000000.0,63524000000.0,29493640.0,195947000000.0,36590000000.0,40510000000.0,173000000.0,36417000000.0,27732000000.0,21753000000.0,28745.0,847794681800.0,0.005479780624270631,0.31524882724391945,50.0,0.132306635369554,1.9667473253283416,0.07107321242422593,Bosch Limited,Consumer Cyclical,Auto Parts,0,2026,10.139703996446135,Z (1968),Safe
2023-03-31,BPCL,INR,1881381900000.0,560423500000.0,748711300000.0,1346158300000.0,693760300000.0,535223600000.0,93742900000.0,21294500000.0,-188287800000.0,4258910978.0,4662577300000.0,67514200000.0,131202400000.0,39302900000.0,28211300000.0,21310500000.0,124656000000.0,172.14999389648438,733171498868.3704,0.3687503850228388,0.7155157068323024,1.71779181688883,0.011327046358849312,0.748517485978908,,Bharat Petroleum Corporation Limited,Energy,Oil & Gas Refining & Marketing,0,2023,2.873140339351934,Z (1968),Grey
2024-03-31,BPCL,INR,2024177500000.0,656941100000.0,808833800000.0,1267826400000.0,545990500000.0,756351100000.0,252725100000.0,21362900000.0,-151892700000.0,4272584874.0,4466662600000.0,402948500000.0,470661100000.0,41004100000.0,361944400000.0,268588400000.0,359696300000.0,301.20001220703125,1286902616204.377,0.2697344970982041,0.6263415140223622,9.827029492172734,0.13754157727059535,0.8122077737107426,0.07589931634826508,Bharat Petroleum Corporation Limited,Energy,Oil & Gas Refining & Marketing,0,2024,3.5573545274329503,Z (1968),Safe
2025-03-31,BPCL,INR,2183822200000.0,728322200000.0,906720000000.0,1369981400000.0,611005700000.0,813840800000.0,166379900000.0,42725800000.0,-178397800000.0,4272584874.0,4387377700000.0,217370600000.0,289937500000.0,35547600000.0,181823000000.0,133365500000.0,236777900000.0,278.4700012207031,1189786715078.3376,0.27978729220721354,0.627331932059304,6.114916337530523,0.06338664900570216,0.8032492941591671,0.07886892330341588,Bharat Petroleum Corporation Limited,Energy,Oil & Gas Refining & Marketing,0,2025,2.867222722241965,Z (1968),Grey
2026-03-31,BPCL,INR,2486160300000.0,837188700000.0,1054524200000.0,1484457700000.0,544244200000.0,1001702600000.0,231011600000.0,42725800000.0,-217335500000.0,4272584874.0,4503026700000.0,377397600000.0,455961300000.0,29485200000.0,347912400000.0,258434500000.0,507689900000.0,281.0,1200596349594.0,0.21890953692728501,0.5970884902313016,12.79956045744984,0.11067900147377426,0.7939018374353097,0.13844446677023425,Bharat Petroleum Corporation Limited,Energy,Oil & Gas Refining & Marketing,0,2026,2.822626960585776,Z (1968),Grey
2023-03-31,BRITANNIA,INR,93527200000.0,47462300000.0,41344000000.0,57882200000.0,30076200000.0,35342700000.0,32257000000.0,240900000.0,6118300000.0,240868296.0,159849000000.0,31984800000.0,34243900000.0,1657100000.0,30327700000.0,23217700000.0,25262100000.0,4322.14990234375,1041068882034.1056,0.3215770385513519,0.6188809244797235,19.301671594955042,0.24824543020639986,1.147985197368421,,Britannia Industries Limited,Consumer Defensive,Packaged Foods,0,2023,14.190613805990825,Z (1968),Safe
2024-03-31,BRITANNIA,INR,90735600000.0,48486600000.0,40844100000.0,51075400000.0,20746300000.0,39415200000.0,36295100000.0,240900000.0,7642500000.0,240868296.0,165462100000.0,30756100000.0,33760700000.0,1621400000.0,29134700000.0,21398100000.0,25729800000.0,4911.25,1182964418730.0,0.22864564735340925,0.5629036453167224,18.96885407672382,0.2322563208634624,1.1871139283274696,-0.02984800143701516,Britannia Industries Limited,Consumer Defensive,Packaged Foods,0,2024,17.499914640234696,Z (1968),Safe
2025-03-31,BRITANNIA,INR,88385500000.0,39136800000.0,36182600000.0,44572300000.0,12641400000.0,43557200000.0,40364400000.0,240900000.0,2954200000.0,240868296.0,175350200000.0,30627700000.0,33761100000.0,1362000000.0,29265700000.0,21787300000.0,24906200000.0,4936.89990234375,1189142667000.1057,0.14302572254498758,0.5042942564108366,22.487298091042586,0.24326893928186014,1.081646979487378,-0.025900528568720493,Britannia Industries Limited,Consumer Defensive,Packaged Foods,0,2025,19.814299977755326,Z (1968),Safe
2026-03-31,BRITANNIA,INR,97319400000.0,46776600000.0,41799900000.0,45960600000.0,13976100000.0,51065600000.0,47629100000.0,240900000.0,4976700000.0,240868296.0,188582100000.0,33985300000.0,37353600000.0,1097500000.0,32887800000.0,25334900000.0,26116000000.0,5423.0,1306228769208.0,0.14361062645269082,0.4722655503424805,30.96610478359909,0.27285117409395226,1.1190600934451995,0.10107879686147614,Britannia Industries Limited,Consumer Defensive,Packaged Foods,0,2026,20.889082845812087,Z (1968),Safe
2023-03-31,CCCL,INR,11760984000.0,1722725000.0,17363007000.0,18217778000.0,15158759000.0,-6456794000.0,-11277238000.0,797022000.0,-15640282000.0,757626581.0,1387507000.0,-359534000.0,-295213000.0,776631000.0,-1136165000.0,-1125618000.0,-4481000.0,1.25,947033226.25,1.2889022721228087,1.5490011720107772,-0.4629405728074208,-0.09570780812217754,0.0992181250632451,,Consolidated Construction Consortium Limited,Industrials,Engineering & Construction,1,2023,-12.427267303813995,Z'' (1995),Distress
2024-03-31,CCCL,INR,5422406000.0,2214436000.0,4522827000.0,5146476000.0,1408202000.0,275930000.0,-4548568000.0,797022000.0,-2308391000.0,398511188.0,1301952000.0,6627940000.0,6682569000.0,139950000.0,6487990000.0,6725723000.0,505430000.0,1.5,597766782.0,0.2597005830990892,0.9491129952275797,47.35934262236513,0.7828167782957844,0.4896132441059541,-0.5389496321056129,Consolidated Construction Consortium Limited,Industrials,Engineering & Construction,1,2024,2.74299645607434,Z'' (1995),Safe
2025-03-31,CCCL,INR,4222207000.0,1962334000.0,1933506000.0,2224812000.0,3000000.0,1997395000.0,-3672163000.0,893519000.0,28828000.0,446759451.0,1812719000.0,1070358000.0,1118738000.0,26249000.0,1044109000.0,876405000.0,1555198000.0,14.34000015258789,6406530595.510082,0.0007105288774330582,0.5269310576198656,40.777096270334106,0.1817397960913517,1.014909702892052,-0.22134067423206594,Consolidated Construction Consortium Limited,Industrials,Engineering & Construction,1,2025,-0.1442808816092973,Z'' (1995),Distress
2026-03-31,CCCL,INR,4952008000.0,3275759000.0,2016663000.0,2164115000.0,3000000.0,2787893000.0,-2881945000.0,893519000.0,1259096000.0,446759451.0,2947078000.0,669912000.0,691876000.0,35898000.0,634014000.0,790218000.0,-978502000.0,12.850000381469728,5740859115.775206,0.0006058148532877976,0.4370176704076407,18.661541032926625,0.17226934402561964,1.6243462591419588,0.17284822842650782,Consolidated Construction Consortium Limited,Industrials,Engineering & Construction,1,2026,2.0324413025460366,Z'' (1995),Grey
2023-03-31,CGPOWER,INR,46689500000.0,30811500000.0,28384000000.0,28775100000.0,165500000.0,17905100000.0,-3094700000.0,3054300000.0,2427500000.0,1527131434.0,68946000000.0,10183400000.0,11128400000.0,162000000.0,10021400000.0,9626700000.0,9468600000.0,300.04998779296875,458215768129.95886,0.0035446942031934375,0.616307735143876,50.0,0.2061855449298022,1.0855235343855694,,CG Power and Industrial Solutions Limited,Industrials,Electrical Equipment & Parts,0,2023,11.720469186128323,Z (1968),Safe
2024-03-31,CGPOWER,INR,56257400000.0,41839300000.0,25480800000.0,26069700000.0,175600000.0,30174400000.0,9094300000.0,3054700000.0,16358500000.0,1527333214.0,79557500000.0,11609200000.0,12558100000.0,25400000.0,11583800000.0,14270100000.0,10277900000.0,540.9000244140625,826134572741.0085,0.0031213671445889787,0.4634003704401554,50.0,0.27723224303014465,1.641993187027095,0.20492616112830508,CG Power and Industrial Solutions Limited,Industrials,Electrical Equipment & Parts,0,2024,21.684078388622012,Z (1968),Safe
2025-03-31,CGPOWER,INR,74170700000.0,53182600000.0,31899700000.0,33794400000.0,410900000.0,38439500000.0,16793700000.0,3057800000.0,21282900000.0,1528869444.0,98147200000.0,13550600000.0,14669000000.0,70900000.0,13479700000.0,9746000000.0,9161000000.0,638.5,976183139994.0,0.005539923446859744,0.4556300533768725,50.0,0.14944632329996374,1.667181823026549,0.31841677717064787,CG Power and Industrial Solutions Limited,Industrials,Electrical Equipment & Parts,0,2025,19.91904140299617,Z (1968),Safe
2026-03-31,CGPOWER,INR,126676100000.0,80041500000.0,41997800000.0,44693600000.0,1185100000.0,79704800000.0,26843300000.0,3149900000.0,38043700000.0,1574921249.0,122796800000.0,16384000000.0,18339900000.0,121700000.0,16262300000.0,12062700000.0,7024500000.0,655.0499877929688,1031652144932.3372,0.009355355903757695,0.35281793487485014,50.0,0.12011841861558163,1.9058498302292024,0.7078994805226322,CG Power and Industrial Solutions Limited,Industrials,Electrical Equipment & Parts,0,2026,15.90290767661639,Z (1968),Safe
2023-03-31,CIPLA,INR,294632800000.0,172749500000.0,51096700000.0,57497400000.0,8031200000.0,234077800000.0,180570300000.0,1614300000.0,121652800000.0,807150593.0,224731800000.0,41329100000.0,51521000000.0,945600000.0,40383500000.0,28019100000.0,32376500000.0,900.5,726839108996.5,0.027258336478491192,0.19514935200697275,43.70674703891709,0.09509837329720248,3.380834770151497,,Cipla Limited,Healthcare,Drug Manufacturers - Specialty & Generic,0,2023,10.163892313039394,Z (1968),Safe
2024-03-31,CIPLA,INR,327178200000.0,194414100000.0,52457700000.0,59154900000.0,5594100000.0,267064300000.0,214387800000.0,1614700000.0,141956400000.0,807367062.0,254466300000.0,57730300000.0,68240500000.0,711300000.0,57019000000.0,41215500000.0,41339100000.0,1496.949951171875,1208588084038.6802,0.01709802181196669,0.1808033053546966,50.0,0.13256600478280378,3.706111781492517,0.11046088554974198,Cipla Limited,Healthcare,Drug Manufacturers - Specialty & Generic,0,2024,15.056610527242755,Z (1968),Safe
2025-03-31,CIPLA,INR,373870400000.0,232885200000.0,54839600000.0,60977900000.0,4381900000.0,311934500000.0,256442800000.0,1615200000.0,178045600000.0,807617120.0,271454000000.0,68648300000.0,78602800000.0,440200000.0,68208100000.0,52725200000.0,50049800000.0,1442.199951171875,1164745371029.5703,0.011720371551211329,0.16309903110810592,50.0,0.1504181022542517,4.246661171853916,0.14271183104497798,Cipla Limited,Healthcare,Drug Manufacturers - Specialty & Generic,0,2025,14.324405086911268,Z (1968),Safe
2026-03-31,CIPLA,INR,424959800000.0,241470300000.0,70135900000.0,79757400000.0,6137700000.0,344319500000.0,282160000000.0,1615600000.0,171334400000.0,807782631.0,277116900000.0,52718600000.0,63554800000.0,482300000.0,52236300000.0,38792300000.0,39400200000.0,1224.199951171875,988887457427.6888,0.014443013197954253,0.18768222311851615,50.0,0.09712276776716754,3.44289158619195,0.1366500263192807,Cipla Limited,Healthcare,Drug Manufacturers - Specialty & Generic,0,2026,9.914069584531369,Z (1968),Safe
2023-03-31,COALINDIA,INR,2224306600000.0,1080837100000.0,687734200000.0,1608170400000.0,43314200000.0,608429300000.0,335372600000.0,61627300000.0,393102900000.0,6162728327.0,1274290300000.0,438206900000.0,506874400000.0,5460900000.0,432746000000.0,317632300000.0,357339700000.0,213.6499938964844,1316666869449.2417,0.01947312479313778,0.7229985290696885,50.0,0.14280059232841372,1.5715913211819335,,Coal India Limited,Energy,Thermal Coal,0,2023,2.137425665249379,Z (1968),Grey
2024-03-31,COALINDIA,INR,2368783400000.0,1039524500000.0,580211200000.0,1509132400000.0,65230300000.0,851975600000.0,544255600000.0,61627300000.0,459313300000.0,6162728327.0,1270744100000.0,495475300000.0,562920200000.0,7349200000.0,488126100000.0,374022900000.0,181031000000.0,434.1000061035156,2675240404365.009,0.027537469234206892,0.6370917661783682,50.0,0.16286330117633227,1.791631219804099,0.06495363543856758,Coal India Limited,Energy,Thermal Coal,0,2024,2.844680989975403,Z (1968),Grey
2025-03-31,COALINDIA,INR,2593958500000.0,961914600000.0,612976500000.0,1569143400000.0,91457300000.0,1017203200000.0,720121700000.0,61627300000.0,348938100000.0,6162728327.0,1662956200000.0,478219100000.0,569293000000.0,6584700000.0,471634400000.0,355057800000.0,302369000000.0,398.2000122070313,2453998495040.017,0.03525781156483421,0.6049223223887352,50.0,0.14308936759334592,1.569252002319828,0.09505938786973944,Coal India Limited,Energy,Thermal Coal,0,2025,2.737902459712052,Z (1968),Grey
2026-03-31,COALINDIA,INR,2856602700000.0,1255276100000.0,676511100000.0,1646557000000.0,140721800000.0,1191015600000.0,889161700000.0,61627300000.0,578765000000.0,6162728327.0,1664173000000.0,427807600000.0,529298500000.0,8576700000.0,419230900000.0,310942900000.0,432146000000.0,450.4500122070313,2776001050125.767,0.049261943216674826,0.5764039220434819,49.88021033730922,0.11409573751781743,1.8555144180191574,0.10125227523879055,Coal India Limited,Energy,Thermal Coal,0,2026,2.7672465090339067,Z (1968),Grey
2023-03-31,COFFEEDAY,INR,58488400000.0,36500100000.0,21295400000.0,24728800000.0,18400600000.0,32178500000.0,6573100000.0,2112500000.0,15204700000.0,211251719.0,9163500000.0,-3049800000.0,-1437800000.0,773900000.0,-3823700000.0,-3798000000.0,1719100000.0,28.549999237060547,6031236416.277729,0.31460255366876166,0.42279836685565003,-3.9408192272903477,-0.06493595311207008,1.713989875747814,,Coffee Day Enterprises Limited,Consumer Cyclical,Restaurants,1,2023,3.0876256498646213,Z'' (1995),Safe
2024-03-31,COFFEEDAY,INR,51037900000.0,36755900000.0,16952800000.0,19742900000.0,13630100000.0,28565300000.0,3358100000.0,2112500000.0,19803100000.0,211251719.0,10071600000.0,-3498800000.0,-2184200000.0,190700000.0,-3689500000.0,-3225000000.0,1888000000.0,49.650001525878906,10488648170.694542,0.267058401697562,0.38682821981311927,-18.34714210802307,-0.05888996524122517,2.1681315180973053,-0.12738423345483896,Coffee Day Enterprises Limited,Consumer Cyclical,Restaurants,1,2024,3.8183580214191446,Z'' (1995),Safe
2025-03-31,COFFEEDAY,INR,49387800000.0,36619800000.0,15833600000.0,19928600000.0,13733000000.0,25904600000.0,2723200000.0,2112500000.0,20786200000.0,211251719.0,10699800000.0,803200000.0,2057400000.0,922900000.0,-119700000.0,-580500000.0,1958900000.0,28.31999969482422,5982648617.611092,0.27806462324703674,0.4035126083769676,0.8703001408603316,-0.01156078573512557,2.312790521422797,-0.03233087568258097,Coffee Day Enterprises Limited,Consumer Cyclical,Restaurants,1,2025,4.414860379590401,Z'' (1995),Safe
2026-03-31,COFFEEDAY,INR,45377300000.0,34170800000.0,9693300000.0,13814300000.0,8267800000.0,27940900000.0,4853400000.0,2112500000.0,24477500000.0,211251719.0,11096000000.0,2791800000.0,4086600000.0,805900000.0,1985900000.0,2030700000.0,1717500000.0,21.1200008392334,4461636482.569498,0.1822012327749778,0.3044319516586487,3.4642015138354636,0.042857549878594546,3.5251978170488893,-0.08120426502091604,Coffee Day Enterprises Limited,Consumer Cyclical,Restaurants,1,2026,6.424464374603507,Z'' (1995),Safe
2023-03-31,COFORGE,INR,56834000000.0,26064000000.0,17393000000.0,25135000000.0,5622000000.0,30825000000.0,25080000000.0,611000000.0,8671000000.0,305435400.0,80146000000.0,10280000000.0,12865000000.0,768000000.0,9512000000.0,6938000000.0,9505000000.0,762.8200073242188,232992234065.07568,0.09891966076644262,0.44225287679909914,13.385416666666666,0.12207481437167893,1.498533892945438,,Coforge Limited,Technology,Information Technology Services,0,2023,4.942624123360905,Z'' (1995),Safe
2024-03-31,COFORGE,INR,61077000000.0,26025000000.0,15315000000.0,23808000000.0,7260000000.0,36266000000.0,29373000000.0,618000000.0,10710000000.0,309104960.0,90089000000.0,11903000000.0,15089000000.0,1205000000.0,10698000000.0,8080000000.0,9034000000.0,1100.489990234375,340166914411.7969,0.11886634903482489,0.38980303551254974,9.878008298755187,0.13705252266540016,1.6993143976493634,0.07465601576521097,Coforge Limited,Technology,Information Technology Services,0,2024,5.627164188229546,Z'' (1995),Safe
2025-03-31,COFORGE,INR,124907000000.0,47615000000.0,27800000000.0,41617000000.0,10704000000.0,63792000000.0,32968000000.0,669000000.0,19815000000.0,334394280.0,120733000000.0,14254000000.0,18937000000.0,1293000000.0,12961000000.0,8121000000.0,12371000000.0,1621.8399658203125,542334007645.708,0.0856957576436869,0.3331838888132771,11.023975251353441,0.08733009291121817,1.712769784172662,1.0450742505362083,Coforge Limited,Technology,Information Technology Services,0,2025,4.277453551091626,Z'' (1995),Safe
2026-03-31,COFORGE,INR,148814000000.0,59058000000.0,36694000000.0,52008000000.0,7278000000.0,95376000000.0,43124000000.0,672000000.0,22364000000.0,335810937.0,163906000000.0,20909000000.0,27728000000.0,1581000000.0,19328000000.0,15557000000.0,17917000000.0,1114.699951171875,374328435076.8816,0.048906688886798284,0.34948324754391386,13.225173940543959,0.113670489293843,1.6094729383550443,0.19139840040990497,Coforge Limited,Technology,Information Technology Services,0,2026,4.800298588869116,Z'' (1995),Safe
2023-03-31,COLPAL,INR,28829893000.0,15478836000.0,10846354000.0,11666050000.0,689615000.0,17163843000.0,12965264000.0,271986000.0,4632482000.0,271985634.0,51878636000.0,14145865000.0,15893902000.0,49138000.0,14096727000.0,10471465000.0,11762632000.0,1507.3499755859375,409977538769.6257,0.02392013733800538,0.40465117230924164,50.0,0.36321553465356254,1.427100387835396,,Colgate-Palmolive (India) Limited,Consumer Defensive,Household & Personal Products,0,2023,25.32676947848228,Z (1968),Safe
2024-03-31,COLPAL,INR,31965300000.0,19038100000.0,12393500000.0,13221700000.0,717500000.0,18743600000.0,14519300000.0,272000000.0,6644600000.0,271985634.0,56441800000.0,17863300000.0,19578400000.0,50000000.0,17813300000.0,13236600000.0,11989600000.0,2710.35009765625,737176289672.9971,0.022446215114514802,0.413626651400112,50.0,0.43544890136297454,1.536135877677815,0.10875541577625691,Colgate-Palmolive (India) Limited,Consumer Defensive,Household & Personal Products,0,2024,37.94824387970243,Z (1968),Safe
2025-03-31,COLPAL,INR,30185500000.0,17627100000.0,12771400000.0,13540800000.0,608400000.0,16644700000.0,12540700000.0,272000000.0,4855700000.0,271985634.0,59992000000.0,19341600000.0,20969000000.0,43200000.0,19298400000.0,14368100000.0,13944600000.0,2389.800048828125,649991281413.7485,0.020155372612678274,0.4485862417385831,50.0,0.46236251182607463,1.380201074275334,-0.0556791270533985,Colgate-Palmolive (India) Limited,Consumer Defensive,Household & Personal Products,0,2025,33.678073248960025,Z (1968),Safe
2026-03-31,COLPAL,INR,34082200000.0,22311100000.0,17430400000.0,18241100000.0,474100000.0,15841100000.0,11775600000.0,272000000.0,4880700000.0,271985634.0,59835700000.0,17877500000.0,19338100000.0,37900000.0,17839600000.0,13253100000.0,18063000000.0,1788.699951171875,486500690255.25146,0.013910486999078698,0.535208994724519,50.0,0.4124342399058936,1.2800107857536258,0.1290917824783422,Colgate-Palmolive (India) Limited,Consumer Defensive,Household & Personal Products,0,2026,20.144513124294004,Z (1968),Safe
2023-03-31,CONCOR,INR,134652000000.0,41280000000.0,13483100000.0,21370900000.0,7735600000.0,112262900000.0,94619800000.0,3046500000.0,27796900000.0,761617935.0,74488100000.0,16302000000.0,22059200000.0,669300000.0,15632700000.0,11739500000.0,14058600000.0,580.25,441928806783.75,0.0574488310608086,0.15871208745506937,24.356790676826535,0.08718400023764965,3.061610460502407,,Container Corporation of India Limited,Industrials,Railroads,0,2023,9.974313724201792,Z'' (1995),Safe
2024-03-31,CONCOR,INR,140413500000.0,42859700000.0,12457000000.0,21115200000.0,9144800000.0,118265200000.0,99391300000.0,3046500000.0,30402700000.0,761617935.0,79647500000.0,17390300000.0,23603400000.0,704900000.0,16384900000.0,12469500000.0,13868000000.0,882.0999755859375,671823161869.3121,0.06512764086074345,0.1503787029024987,24.670591573272805,0.09066567781128494,3.4406117042626634,0.04278807592906153,Container Corporation of India Limited,Industrials,Railroads,0,2024,10.441244980175071,Z'' (1995),Safe
2025-03-31,CONCOR,INR,144771400000.0,48432200000.0,11797300000.0,19892900000.0,8372100000.0,123814600000.0,103668700000.0,3046500000.0,36634900000.0,761617935.0,82119300000.0,17937300000.0,23749700000.0,716700000.0,17220600000.0,12900100000.0,17115400000.0,553.280029296875,421387993389.82544,0.05782979234848872,0.1374090462618998,25.027626622017582,0.090468324234558,4.105363091554847,0.031036189540179615,Container Corporation of India Limited,Industrials,Railroads,0,2025,11.362345819853495,Z'' (1995),Safe
2026-03-31,CONCOR,INR,151756600000.0,47624000000.0,12146100000.0,21232900000.0,9402800000.0,129423500000.0,108055800000.0,3808100000.0,35477900000.0,761617935.0,83937900000.0,17272400000.0,23427700000.0,764700000.0,16507700000.0,12418000000.0,14822300000.0,425.2999877929688,323916098458.40607,0.06195974343125769,0.13991417836192957,22.587158362756636,0.08375600280580586,3.9209293518083994,0.04824986150579469,Container Corporation of India Limited,Industrials,Railroads,0,2026,11.019877296185868,Z'' (1995),Safe
2023-03-31,CORDSCABLE,INR,3366175000.0,2419663000.0,1509624000.0,1774109000.0,834257000.0,1592066000.0,921692000.0,129278000.0,910039000.0,12927780.0,5262551000.0,300081000.0,376972000.0,202626000.0,97455000.0,72194000.0,349961000.0,62.650001525878906,809925436.7262268,0.24783530268034193,0.5270400380253552,1.4809599952622072,0.021446894472212527,1.6028249418398224,,Cords Cable Industries Limited,Industrials,Electrical Equipment & Parts,0,2023,2.839210705232639,Z (1968),Grey
2024-03-31,CORDSCABLE,INR,3616612000.0,2693724000.0,1692051000.0,1924203000.0,847468000.0,1692409000.0,1022398000.0,129278000.0,1001673000.0,12927780.0,6277449000.0,356077000.0,437537000.0,218557000.0,137520000.0,100706000.0,298258000.0,173.10000610351562,2237798796.904907,0.23432649120226334,0.532045737834194,1.6292180072017826,0.028844070426321183,1.591987475554815,0.0743980927907788,Cords Cable Industries Limited,Industrials,Electrical Equipment & Parts,0,2024,3.486546017596198,Z (1968),Safe
2025-03-31,CORDSCABLE,INR,4205922000.0,3162523000.0,2060350000.0,2381049000.0,1161062000.0,1824873000.0,1695595000.0,129278000.0,1102173000.0,12927780.0,7945629000.0,421259000.0,506198000.0,224837000.0,196422000.0,146699000.0,141704000.0,157.07000732421875,2030566499.285889,0.2760540970564837,0.5661182019067401,1.8736195555002069,0.03750677210223695,1.5349445482563642,0.16294532009516094,Cords Cable Industries Limited,Industrials,Electrical Equipment & Parts,0,2025,3.6102235977222046,Z (1968),Safe
2026-03-31,CORDSCABLE,INR,4899973000.0,3852981000.0,2555849000.0,2882688000.0,1112017000.0,2017285000.0,1349674000.0,129278000.0,1297132000.0,12927780.0,9538998000.0,506786000.0,604620000.0,229737000.0,277049000.0,206433000.0,434007000.0,129.69000244140625,1676603819.761963,0.22694349540293385,0.5883069151605529,2.205939835551087,0.045340518422406585,1.5075151153295832,0.16501756333094142,Cords Cable Industries Limited,Industrials,Electrical Equipment & Parts,0,2026,3.340308508350577,Z (1968),Safe
2023-03-31,CUMMINSIND,INR,79186400000.0,50984700000.0,18903500000.0,21604000000.0,3760900000.0,57582400000.0,45402600000.0,554400000.0,32081200000.0,277200000.0,76414000000.0,16075300000.0,17495700000.0,162400000.0,15912900000.0,12281500000.0,8196600000.0,1629.5999755859375,451725113232.4219,0.047494266692260284,0.27282462645100675,50.0,0.1550960771041492,2.697103710952998,,Cummins India Limited,Industrials,Specialty Industrial Machinery,0,2023,15.469376015520583,Z (1968),Safe
2024-03-31,CUMMINSIND,INR,89705100000.0,59422000000.0,20569300000.0,23581900000.0,1269800000.0,66123200000.0,53838500000.0,554400000.0,38852700000.0,277200000.0,88599900000.0,22320100000.0,23911900000.0,274000000.0,22046100000.0,17205800000.0,12853400000.0,3006.25,833332500000.0,0.01415527099351096,0.262882489401383,50.0,0.20374974465855297,2.8888683620735756,0.1328346786821979,Cummins India Limited,Industrials,Specialty Industrial Machinery,0,2024,24.371434597141555,Z (1968),Safe
2025-03-31,CUMMINSIND,INR,101684900000.0,70085100000.0,22584700000.0,26070900000.0,296600000.0,75614000000.0,63177000000.0,554400000.0,47500400000.0,277200000.0,102192400000.0,26086600000.0,27945100000.0,158500000.0,25928100000.0,19999400000.0,16825900000.0,3051.85009765625,845972847070.3125,0.002916853928164359,0.2563891000532036,50.0,0.20899106536391662,3.103211466169575,0.13354647617582494,Cummins India Limited,Industrials,Specialty Industrial Machinery,0,2025,22.75132561536153,Z (1968),Safe
2026-03-31,CUMMINSIND,INR,113042100000.0,81101800000.0,24397000000.0,28290500000.0,365100000.0,84751600000.0,72170800000.0,554400000.0,56704800000.0,277200000.0,119497300000.0,30983600000.0,32985100000.0,124100000.0,30859500000.0,23617500000.0,17342600000.0,4500.10009765625,1247427747070.3125,0.003229770147582184,0.2502651666945324,50.0,0.21997699404359955,3.324252981924007,0.11169013294992669,Cummins India Limited,Industrials,Specialty Industrial Machinery,0,2026,29.91347971322487,Z (1968),Safe
2023-03-31,DABUR,INR,136543700000.0,42489600000.0,36094300000.0,42129400000.0,11737900000.0,89732600000.0,81253300000.0,1771800000.0,6395300000.0,1771763464.0,114265100000.0,22878200000.0,25987800000.0,691400000.0,22186800000.0,17071500000.0,14884300000.0,544.9000244140625,965433954789.544,0.08596442018196372,0.30854151454808976,33.08967312698872,0.12502590745673364,1.1771831009328342,,Dabur India Limited,Consumer Defensive,Household & Personal Products,0,2023,16.028618187412768,Z (1968),Safe
2024-03-31,DABUR,INR,151226800000.0,56796200000.0,39304300000.0,48196000000.0,13650900000.0,98663000000.0,89823000000.0,1772000000.0,17491900000.0,1772039162.0,122616500000.0,24689200000.0,28681300000.0,1101800000.0,23587400000.0,18426800000.0,20134700000.0,523.1500244140625,927042330862.9749,0.09026773032293219,0.31870012458109276,22.408059538936286,0.12806594143597066,1.445037820289383,0.10753407150970706,Dabur India Limited,Consumer Defensive,Household & Personal Products,0,2024,13.860818899555683,Z (1968),Safe
2025-03-31,DABUR,INR,162322800000.0,65324600000.0,43184400000.0,50220200000.0,9500800000.0,108006900000.0,98078500000.0,1772300000.0,22140200000.0,1772318252.0,124000100000.0,24047800000.0,28503800000.0,1468900000.0,22578900000.0,17676300000.0,19867500000.0,506.5,897679194638.0,0.05853028656479558,0.30938475679325395,16.37129825039145,0.11274962557758007,1.5126897676012634,0.07337323807684881,Dabur India Limited,Consumer Defensive,Household & Personal Products,0,2025,12.987298559958587,Z (1968),Safe
2026-03-31,DABUR,INR,174799100000.0,88859600000.0,52390800000.0,56771600000.0,12873200000.0,114195200000.0,102325400000.0,1773700000.0,36468800000.0,1773690172.0,130420000000.0,25459000000.0,30148300000.0,1254700000.0,24204300000.0,18950300000.0,25786200000.0,410.4500122070313,728011152748.8914,0.0736456881070898,0.32478199258463003,20.29090619271539,0.11242402228986013,1.6960916802186643,0.07686104478237188,Dabur India Limited,Consumer Defensive,Household & Personal Products,0,2026,9.99075838020513,Z (1968),Safe
2023-03-31,DIGJAMLMTD,INR,1430534000.0,294614000.0,617818000.0,1149846000.0,462597000.0,280688000.0,80688000.0,200000000.0,-323204000.0,20000000.0,332114000.0,-80934000.0,-70716000.0,41145000.0,-122079000.0,-122079000.0,146076000.0,83.19999694824219,1663999938.9648438,0.3233736492806183,0.8037879561059017,-1.9670433831571272,-0.08533806256964183,0.47686211797001704,,Digjam Limited,Consumer Cyclical,Textile Manufacturing,0,2023,0.7215968238770009,Z (1968),Distress
2024-03-31,DIGJAMLMTD,INR,834147000.0,241561000.0,306558000.0,675712000.0,237812000.0,158435000.0,-41565000.0,200000000.0,-64997000.0,20000000.0,25311000.0,-1881000.0,4800000.0,33185000.0,-35066000.0,-120634000.0,-46201000.0,83.6500015258789,1673000030.517578,0.2850960322341266,0.8100634540434719,-0.0566822359499774,-0.10653509258036784,0.7879781313813373,-0.41689816530051016,Digjam Limited,Consumer Cyclical,Textile Manufacturing,0,2024,1.3451807750585414,Z (1968),Distress
2025-03-31,DIGJAMLMTD,INR,808429000.0,232514000.0,282779000.0,754469000.0,320836000.0,53960000.0,-146040000.0,200000000.0,-50265000.0,20000000.0,181983000.0,33142000.0,38862000.0,13351000.0,19791000.0,-106049000.0,-187581000.0,34.91999816894531,698399963.3789062,0.3968635464586253,0.933253260335787,2.4823608718448056,-0.1291252276911388,0.8222463478546851,-0.03083149612718139,Digjam Limited,Consumer Cyclical,Textile Manufacturing,0,2025,0.5882860791884679,Z (1968),Distress
2026-03-31,DIGJAMLMTD,INR,750222000.0,216036000.0,435184000.0,706052000.0,330700000.0,44170000.0,-155830000.0,200000000.0,-219148000.0,20000000.0,331693000.0,33700000.0,34172000.0,10445000.0,23255000.0,-9980000.0,-46128000.0,38.119998931884766,762399978.6376953,0.44080285568804967,0.941124093934862,3.2264241263762568,-0.012805945654286945,0.4964245009007684,-0.07200013854030474,Digjam Limited,Consumer Cyclical,Textile Manufacturing,0,2026,0.5969172265675438,Z (1968),Distress
2023-03-31,DIVISLAB,INR,144390000000.0,93120000000.0,11010000000.0,16720000000.0,40000000.0,127670000000.0,109590000000.0,530000000.0,82110000000.0,265468580.0,76650000000.0,23690000000.0,27120000000.0,0.0,23690000000.0,18240000000.0,24590000000.0,2823.35009765625,749510741267.666,0.00027702749497887663,0.11579749290117045,50.0,0.12632453771036775,8.457765667574932,,Divi's Laboratories Limited,Healthcare,Drug Manufacturers - Specialty & Generic,0,2023,29.7135842051676,Z (1968),Safe
2024-03-31,DIVISLAB,INR,154700000000.0,96750000000.0,12780000000.0,18990000000.0,30000000.0,135710000000.0,117860000000.0,530000000.0,83970000000.0,265468580.0,77960000000.0,21660000000.0,25440000000.0,30000000.0,21630000000.0,16000000000.0,12610000000.0,3445.300048828125,914618911636.333,0.00019392372333548803,0.12275371687136392,50.0,0.10699120666020262,7.570422535211268,0.07140383683080542,Divi's Laboratories Limited,Healthcare,Drug Manufacturers - Specialty & Generic,0,2024,31.581855015749937,Z (1968),Safe
2025-03-31,DIVISLAB,INR,169320000000.0,100810000000.0,14520000000.0,19630000000.0,40000000.0,149690000000.0,134000000000.0,530000000.0,86290000000.0,265468580.0,93250000000.0,29180000000.0,33200000000.0,20000000.0,29160000000.0,21910000000.0,16530000000.0,5775.4501953125,1533200562210.332,0.00023623907394283014,0.1159343255374439,50.0,0.13523856552064686,6.942837465564739,0.09450549450549461,Divi's Laboratories Limited,Healthcare,Drug Manufacturers - Specialty & Generic,0,2025,49.70193785723099,Z (1968),Safe
2026-03-31,DIVISLAB,INR,200330000000.0,110960000000.0,20430000000.0,32720000000.0,70000000.0,167610000000.0,153700000000.0,530000000.0,90530000000.0,265468580.0,104760000000.0,34110000000.0,38740000000.0,230000000.0,33880000000.0,25680000000.0,27380000000.0,5947.0,1578741645260.0,0.0003494234513053462,0.16333050466729895,50.0,0.13894224266197755,5.431228585413607,0.18314434207417918,Divi's Laboratories Limited,Healthcare,Drug Manufacturers - Specialty & Generic,0,2026,31.65126812717474,Z (1968),Safe
2023-03-31,DLF,INR,539279908000.0,257706924000.0,111847622000.0,162360928000.0,33339953000.0,376875344000.0,92636379000.0,4950623000.0,145859302000.0,2475311706.0,56819715000.0,18666772000.0,20153099000.0,3642578000.0,15024194000.0,20358252000.0,23752640000.0,356.70001220703125,882943715746.4073,0.0618230950299005,0.30106986296251925,5.124604606956941,0.037750807508296784,2.30408943339001,,DLF Limited,Real Estate,Real Estate - Development,0,2023,5.004170647755986,Z'' (1995),Safe
2024-03-31,DLF,INR,602623970000.0,325567346000.0,141410501000.0,208307805000.0,48338600000.0,394308144000.0,110002179000.0,4950623000.0,184156845000.0,2475311706.0,62492095000.0,24809815000.0,26289282000.0,3304363000.0,21505452000.0,27271051000.0,25388076000.0,897.0,2220354600282.0,0.08021353680969577,0.345667971023456,7.508199008401922,0.04776417967467486,2.302285499999749,0.11746045246692183,DLF Limited,Real Estate,Real Estate - Development,0,2024,4.863973811413654,Z'' (1995),Safe
2025-03-31,DLF,INR,694753744000.0,412052931000.0,222329987000.0,269251543000.0,41027332000.0,425502201000.0,140700086000.0,4950623000.0,189722944000.0,2475311706.0,79466005000.0,26353165000.0,27859786000.0,3746925000.0,22606240000.0,43676215000.0,52352225000.0,680.5,1684449615933.0,0.059053056358916146,0.3875496106718354,7.03327795458943,0.0673299911485916,1.853339428297632,0.15288103126730923,DLF Limited,Real Estate,Real Estate - Development,0,2025,4.365840703183034,Z'' (1995),Safe
2026-03-31,DLF,INR,748747730000.0,394735482000.0,256009970000.0,294014031000.0,3058932000.0,454733699000.0,170529240000.0,4950623000.0,138725512000.0,2475311706.0,78376577000.0,31152918000.0,32577043000.0,1834763000.0,29318155000.0,44146750000.0,63473849000.0,504.1000061035156,1247804646102.7036,0.004085397360737241,0.3926743537506284,16.979259991617447,0.061166200097693836,1.5418754277421305,0.07771672548194286,DLF Limited,Real Estate,Real Estate - Development,0,2026,3.8614570567472315,Z'' (1995),Safe
2023-03-31,DMART,INR,181062900000.0,54483900000.0,14670100000.0,20275100000.0,6429800000.0,160787000000.0,93693700000.0,6482600000.0,39813800000.0,648263978.0,427353800000.0,31271800000.0,37660500000.0,670900000.0,30600900000.0,23785100000.0,26302700000.0,3401.050048828125,2204778234030.4146,0.03551141619845921,0.1119782130961119,46.61171560590252,0.13136374155058822,3.713941963585797,,Avenue Supermarts Limited,Consumer Defensive,Discount Stores,0,2023,12.616819305218026,Z'' (1995),Safe
2024-03-31,DMART,INR,211772000000.0,62020300000.0,19791400000.0,24798600000.0,5921600000.0,186978200000.0,118967400000.0,6507300000.0,42228900000.0,650733068.0,507006700000.0,35192700000.0,42500300000.0,579400000.0,34613300000.0,25361700000.0,27458400000.0,4525.60009765625,2944957636088.951,0.027962147970458796,0.11710046653948586,50.0,0.12912141971092692,3.1336994856351748,0.16960459597189703,Avenue Supermarts Limited,Consumer Defensive,Discount Stores,0,2024,12.173092232008386,Z'' (1995),Safe
2025-03-31,DMART,INR,243202900000.0,63922000000.0,22121600000.0,28935900000.0,8196200000.0,214277500000.0,145959500000.0,6507300000.0,41800400000.0,650733068.0,592331500000.0,37418000000.0,46113200000.0,691300000.0,36726700000.0,27080200000.0,24629700000.0,4083.199951171875,2657073231483.5244,0.03370107839996974,0.11897843323414317,50.0,0.11904041299860718,2.8895739910313902,0.14841858224883375,Avenue Supermarts Limited,Consumer Defensive,Discount Stores,0,2025,11.893419422876576,Z'' (1995),Safe
2026-03-31,DMART,INR,295242600000.0,74777800000.0,37822600000.0,50619000000.0,24249900000.0,244640400000.0,175609600000.0,6519600000.0,36955200000.0,651959123.0,686845000000.0,42233900000.0,52604100000.0,1417700000.0,40816200000.0,29704900000.0,34667400000.0,3956.800048828125,2579671889720.342,0.08213550483568428,0.1714488356355079,29.79043521196304,0.1103357721440703,1.9770666215437331,0.21397647807653608,Avenue Supermarts Limited,Consumer Defensive,Discount Stores,0,2026,8.796056401085995,Z'' (1995),Safe
2023-03-31,DRREDDY,INR,321854000000.0,204253000000.0,85845000000.0,90863000000.0,13472000000.0,230991000000.0,215593000000.0,833000000.0,118408000000.0,830783660.0,245879000000.0,61795000000.0,74431000000.0,1428000000.0,60367000000.0,45067000000.0,58875000000.0,924.5499877929688,768101022711.5979,0.04185748817786947,0.28231123428635346,43.273809523809526,0.14002311607126214,2.3793231987885144,,Dr. Reddy's Laboratories Limited,Healthcare,Drug Manufacturers - Specialty & Generic,0,2023,7.8488324097729265,Z (1968),Safe
2024-03-31,DRREDDY,INR,387518000000.0,248049000000.0,96039000000.0,106968000000.0,20020000000.0,280550000000.0,265257000000.0,834000000.0,152010000000.0,832642375.0,279164000000.0,73581000000.0,88422000000.0,1711000000.0,71870000000.0,55684000000.0,45433000000.0,1231.5799560546875,1025465659611.7706,0.05166211634040225,0.2760336294056018,43.00467562828755,0.15699520138939796,2.5827944897385438,0.2040179708812071,Dr. Reddy's Laboratories Limited,Healthcare,Drug Manufacturers - Specialty & Generic,0,2024,8.528003031788849,Z (1968),Safe
2025-03-31,DRREDDY,INR,492989000000.0,250112000000.0,130392000000.0,155823000000.0,46766000000.0,333388000000.0,315793000000.0,834000000.0,119720000000.0,832003105.0,325535000000.0,79613000000.0,96671000000.0,2829000000.0,76784000000.0,56544000000.0,46428000000.0,1144.199951171875,951977912115.8484,0.09486215716780699,0.3160780463661461,28.141746200070695,0.1284350947806207,1.9181544880053991,0.2721705830438843,Dr. Reddy's Laboratories Limited,Healthcare,Drug Manufacturers - Specialty & Generic,0,2025,6.0470695584647505,Z (1968),Safe
2026-03-31,DRREDDY,INR,579346000000.0,301975000000.0,167566000000.0,198889000000.0,77341000000.0,377063000000.0,351984000000.0,835000000.0,134409000000.0,832691395.0,335933000000.0,58555000000.0,79160000000.0,3738000000.0,54817000000.0,42850000000.0,56755000000.0,1254.9000244140625,1044944451914.8798,0.13349708119155046,0.34329916837261326,15.664794007490636,0.07991905514601313,1.8021257295632767,0.17517023706411305,Dr. Reddy's Laboratories Limited,Healthcare,Drug Manufacturers - Specialty & Generic,0,2026,5.194704290886088,Z (1968),Safe
2022-03-31,EDUCOMP,INR,2681560000.0,1557430000.0,31676000000.0,32041300000.0,26008130000.0,-29374660000.0,-42028310000.0,244930000.0,-30118570000.0,122467168.0,13810000.0,-399100000.0,-394930000.0,44750000.0,-443850000.0,-443850000.0,-26190000.0,3.5,428635088.0,5.0,10.0,-8.918435754189945,-0.1655193245722639,0.04916750852380351,,Educomp Solutions Limited,Consumer Defensive,Education & Training Services,1,2022,-126.73718584732028,Z'' (1995),Distress
2023-03-31,EDUCOMP,INR,2615140000.0,1490280000.0,32358180000.0,32774720000.0,26576610000.0,-30174500000.0,-42828210000.0,244930000.0,-30867900000.0,122467168.0,39820000.0,-749000000.0,-745890000.0,50900000.0,-799900000.0,-799900000.0,-17910000.0,1.2999999523162842,159207312.56031036,5.0,10.0,-14.715127701375245,-0.30203711745048806,0.046055742319252815,-0.024769164217843365,Educomp Solutions Limited,Consumer Defensive,Education & Training Services,1,2023,-133.71166236311623,Z'' (1995),Distress
2024-03-31,EDUCOMP,INR,2474110000.0,1328560000.0,32493560000.0,32968340000.0,26737400000.0,-30509150000.0,-43162220000.0,244930000.0,-31165000000.0,122467168.0,41390000.0,-275950000.0,-273190000.0,58060000.0,-334010000.0,-334010000.0,-7120000.0,3.200000047683716,391894943.4396896,5.0,10.0,-4.752841887702377,-0.13126099130520213,0.04088687112153916,-0.05392827917434628,Educomp Solutions Limited,Consumer Defensive,Education & Training Services,1,2024,-141.22640433058677,Z'' (1995),Distress
2025-03-31,EDUCOMP,INR,2392850000.0,1287970000.0,32702960000.0,33244190000.0,26979470000.0,-30866260000.0,-43519370000.0,244930000.0,-31414990000.0,122467168.0,36230000.0,-291010000.0,-282470000.0,66130000.0,-357140000.0,-357140000.0,-7530000.0,1.6100000143051147,197172142.2319069,5.0,10.0,-4.4005746257371845,-0.14676101714417214,0.03938389674818426,-0.03284413385015217,Educomp Solutions Limited,Consumer Defensive,Education & Training Services,1,2025,-147.20682188407213,Z'' (1995),Distress
2023-03-31,EICHERMOT,INR,191976400000.0,36832300000.0,32345800000.0,42073600000.0,2884100000.0,149902800000.0,142517900000.0,273500000.0,4486500000.0,273653620.0,141759000000.0,38276500000.0,43538600000.0,280200000.0,37996300000.0,29139400000.0,28226600000.0,2948.85009765625,806963504060.9863,0.015023200768427785,0.21916027178340672,50.0,0.15178636540741466,1.1387042521749347,,Eicher Motors Limited,Consumer Cyclical,Auto Manufacturers,0,2023,13.971625811064225,Z (1968),Safe
2024-03-31,EICHERMOT,INR,231279300000.0,41513300000.0,35984100000.0,50824000000.0,4194400000.0,180455300000.0,172139500000.0,273800000.0,5529200000.0,273805630.0,162340200000.0,52529000000.0,58505000000.0,508800000.0,52020200000.0,40010100000.0,37237100000.0,4019.300048828125,1100506982028.4155,0.018135648110315105,0.21975161633574644,50.0,0.18905876518615106,1.1536567539552192,0.20472776862155984,Eicher Motors Limited,Consumer Cyclical,Auto Manufacturers,0,2024,15.514105064377842,Z (1968),Safe
2025-03-31,EICHERMOT,INR,271744100000.0,69541600000.0,42657800000.0,58779200000.0,4581300000.0,212964900000.0,205420800000.0,274200000.0,26883800000.0,274164080.0,185382100000.0,59874100000.0,67167400000.0,543400000.0,59330700000.0,47344400000.0,39799200000.0,5347.7001953125,1466147304163.672,0.016858875684881473,0.2163035002415876,50.0,0.18823935427258454,1.6302200301000052,0.1749607509189106,Eicher Motors Limited,Consumer Cyclical,Auto Manufacturers,0,2025,17.552297587889594,Z (1968),Safe
2026-03-31,EICHERMOT,INR,321635600000.0,95542500000.0,50239800000.0,70634100000.0,5139500000.0,251001500000.0,241425800000.0,274300000.0,45302700000.0,274314204.0,229775700000.0,71735900000.0,80139600000.0,715300000.0,71020600000.0,55152300000.0,48048400000.0,6586.0,1806633347544.0,0.01597926348948935,0.21960908556142417,50.0,0.18589210247671095,1.9017293062472382,0.18359736237143687,Eicher Motors Limited,Consumer Cyclical,Auto Manufacturers,0,2026,18.01671208342368,Z (1968),Safe
2023-03-31,EROSMEDIA,INR,22595600000.0,8275300000.0,9326800000.0,12228800000.0,1904600000.0,10278100000.0,2338000000.0,959100000.0,-1051500000.0,95914119.0,6805700000.0,-505600000.0,495700000.0,691200000.0,-1196800000.0,-1165600000.0,1790800000.0,21.649999618530277,2076540639.7616675,0.08429074687107224,0.5412027120324311,-0.7314814814814815,-0.04995028969111043,0.887260367971866,-0.06144183959991356,Eros International Media Limited,Communication Services,Entertainment,1,2023,0.7641837104811421,Z'' (1995),Distress
2024-03-31,EROSMEDIA,INR,17650300000.0,5281700000.0,8679700000.0,11292900000.0,1919400000.0,6280700000.0,-1810300000.0,959100000.0,-3398000000.0,95914119.0,1398900000.0,-3763300000.0,-2875000000.0,289200000.0,-4052500000.0,-4148300000.0,-394200000.0,17.850000381469727,1712067060.7383327,0.10874602697971139,0.6398134875894461,-13.012793914246197,-0.20614770697139337,0.6085118149244789,-0.21886119421480288,Eros International Media Limited,Communication Services,Entertainment,1,2024,-2.446108947588291,Z'' (1995),Distress
2026-03-31,EROSMEDIA,INR,17976600000.0,4411300000.0,8068800000.0,10530400000.0,1144300000.0,7438700000.0,-2102700000.0,959100000.0,-3657500000.0,95914119.0,294000000.0,-1262500000.0,-763100000.0,83900000.0,-1346400000.0,-1373600000.0,-1140500000.0,7.809999942779541,749089263.9017501,0.06365497368801665,0.5857837410856336,-15.047675804529202,-0.07711027341699671,0.5467107872298235,0.01848693789907263,Eros International Media Limited,Communication Services,Entertainment,1,2026,-1.4462330278002373,Z'' (1995),Distress
2023-03-31,ESSARSHPNG,INR,10465200000.0,9475600000.0,32719500000.0,36701300000.0,27039200000.0,-27420700000.0,-60208200000.0,2069800000.0,-23243900000.0,206976072.0,606700000.0,17531500000.0,17942900000.0,1294000000.0,16237500000.0,16502100000.0,5136100000.0,8.0,1655808576.0,2.583725107976914,3.506985055230669,13.548299845440495,1.0,0.28960100246030657,,Essar Shipping Limited,Industrials,Marine Shipping,1,2023,-22.852583935768468,Z'' (1995),Distress
2024-03-31,ESSARSHPNG,INR,9110200000.0,8848000000.0,29619300000.0,35846700000.0,26419900000.0,-28073100000.0,-61518900000.0,2069800000.0,-20771300000.0,206976072.0,127700000.0,-257300000.0,63500000.0,794100000.0,-1051400000.0,-1181000000.0,-465000000.0,20.5,4243009476.0,2.900035125463766,3.934787381177142,-0.3240146077320237,-0.12066164676073031,0.2987241427042503,-0.12947674196384207,Essar Shipping Limited,Industrials,Marine Shipping,1,2024,-37.98288938923492,Z'' (1995),Distress
2025-03-31,ESSARSHPNG,INR,2995700000.0,871400000.0,12734000000.0,26792000000.0,16312300000.0,-23796300000.0,-55063900000.0,2069800000.0,-11862600000.0,206976072.0,1500000.0,7567900000.0,7575500000.0,1002200000.0,6565700000.0,6600800000.0,5306300000.0,21.649999618530277,4481031879.844894,5.0,8.943485662783322,7.551287168229894,1.0,0.06843097220040835,-0.6711707756141467,Essar Shipping Limited,Industrials,Marine Shipping,1,2025,-69.85494547820598,Z'' (1995),Distress
2026-03-31,ESSARSHPNG,INR,3170300000.0,395100000.0,8583400000.0,23901900000.0,16154900000.0,-20731600000.0,-49897700000.0,2069800000.0,-8188300000.0,206976072.0,800000.0,-374700000.0,-366900000.0,745900000.0,-1120600000.0,-1120600000.0,-1295700000.0,21.690000534057617,4489311112.217148,5.0,7.539318045610825,-0.5023461590025473,-0.3634771326629906,0.04603071044108395,0.05828353974029432,Essar Shipping Limited,Industrials,Marine Shipping,1,2026,-69.95773954060596,Z'' (1995),Distress
2023-03-31,GAIL,INR,1077807500000.0,205306900000.0,217110200000.0,426737700000.0,178161800000.0,649274300000.0,521689600000.0,65751000000.0,-11803300000.0,6575099643.0,1453245700000.0,76271800000.0,104231700000.0,3708000000.0,72563800000.0,56160000000.0,32046900000.0,105.1500015258789,691371737494.2559,0.16530020435003467,0.39593127715292387,20.569525350593313,0.052105779557110155,0.9456345210865266,,GAIL (India) Limited,Utilities,Utilities - Regulated Gas,0,2023,3.579196103022986,Z'' (1995),Safe
2024-03-31,GAIL,INR,1247172300000.0,202718100000.0,216405400000.0,475214500000.0,217937700000.0,769971800000.0,581756000000.0,65751000000.0,-13687300000.0,6575079643.0,1328585600000.0,133214900000.0,170329700000.0,7264800000.0,125950100000.0,98992200000.0,125857200000.0,181.0500030517578,1190418189430.7007,0.1747454621947585,0.3810335588755459,18.337036119370115,0.08515532048923607,0.9367515782877877,0.1571382644860051,GAIL (India) Limited,Utilities,Utilities - Regulated Gas,0,2024,3.867727529501294,Z'' (1995),Safe
2025-03-31,GAIL,INR,1331487300000.0,225485700000.0,224808400000.0,479082500000.0,215953800000.0,849975500000.0,667949600000.0,65751000000.0,677300000.0,6575079643.0,1419016900000.0,168359100000.0,208464530000.0,7404000000.0,160955100000.0,124498000000.0,157272700000.0,183.0399932861328,1203502533710.5083,0.16218990597957636,0.35981004099701136,22.738938411669366,0.09656024393448441,1.0030127877783925,0.06760493317563254,GAIL (India) Limited,Utilities,Utilities - Regulated Gas,0,2025,4.351326493305155,Z'' (1995),Safe
2026-03-31,GAIL,INR,1405365900000.0,197617100000.0,232814100000.0,512449300000.0,248314900000.0,890496000000.0,701517100000.0,65751000000.0,-35197000000.0,6575079643.0,1415977200000.0,106894000000.0,145244900000.0,9641800000.0,97252200000.0,75824700000.0,112486500000.0,137.7100067138672,905454261781.7416,0.1766905686270031,0.36463763636217444,11.086519114688128,0.05541013306815287,0.8488192940204223,0.05548577143769973,GAIL (India) Limited,Utilities,Utilities - Regulated Gas,0,2026,3.7987456883241237,Z'' (1995),Safe
2023-03-31,GAYAPROJ,INR,35784979000.0,23311218000.0,49304630000.0,51768855000.0,37911513000.0,-15983876000.0,-21459140000.0,374397000.0,-25993412000.0,187198685.0,10172097000.0,-12134278000.0,-11563596000.0,2906864000.0,-15041142000.0,-15041142000.0,-8632581000.0,5.349999904632568,1001512946.8973422,1.0594253247989889,1.4466643951362945,-4.174353530127313,-0.4203199895688076,0.47279977559916786,,Gayatri Projects Limited,Industrials,Engineering & Construction,1,2023,-9.322826368533248,Z'' (1995),Distress
2024-03-31,GAYAPROJ,INR,34077039000.0,23833320000.0,47674369000.0,49629413000.0,36746840000.0,-15552374000.0,-21044554000.0,374397000.0,-23841049000.0,187198685.0,6795503000.0,441549000.0,933264000.0,26962000.0,414587000.0,414587000.0,-1095337000.0,8.300000190734863,1553749121.2053156,1.0783460382223937,1.456388655129338,16.376715377197538,0.011868738174726072,0.49991893967175527,-0.04772784692705845,Gayatri Projects Limited,Industrials,Engineering & Construction,1,2024,-6.844725549434015,Z'' (1995),Distress
2025-03-31,GAYAPROJ,INR,34391764000.0,25106397000.0,47227915000.0,48757893000.0,36280762000.0,-14366129000.0,-19805644000.0,374397000.0,-22121518000.0,187198685.0,4499245000.0,1245691000.0,1676645000.0,6770000.0,1238921000.0,1238910000.0,3050972000.0,6.230000019073486,1166247811.1205316,1.0549258828363675,1.4177200390186442,50.0,0.0361890363411202,0.5316007916080987,0.00923569092960208,Gayatri Projects Limited,Industrials,Engineering & Construction,1,2025,-6.162883631026085,Z'' (1995),Distress
2026-03-31,GAYAPROJ,INR,21148724000.0,17797503000.0,9198837000.0,15079937000.0,3113543000.0,6068787000.0,615586000.0,374397000.0,8598666000.0,187198685.0,8468918000.0,20810708000.0,21105375000.0,51403000.0,20759305000.0,20421230000.0,4903431000.0,14.399999618530272,2695660992.589369,0.14722131699293065,0.7130424038821443,50.0,0.7353637224073364,1.9347557740179546,-0.3850642845769703,Gayatri Projects Limited,Industrials,Engineering & Construction,1,2026,9.797219418572237,Z'' (1995),Safe
2023-03-31,GODREJCP,INR,174987700000.0,58059700000.0,32913100000.0,37045400000.0,11295800000.0,137942300000.0,110966200000.0,1022700000.0,25146600000.0,1022695318.0,131986800000.0,22397800000.0,24760700000.0,1070500000.0,21327300000.0,17024600000.0,21506500000.0,968.1500244140624,990122497089.8474,0.064551965652443,0.21170287968811521,20.92274638019617,0.09729026668731573,1.764030127821445,,Godrej Consumer Products Limited,Consumer Defensive,Household & Personal Products,0,2023,18.273252891934522,Z (1968),Safe
2024-03-31,GODREJCP,INR,184958900000.0,55612300000.0,55903400000.0,58973200000.0,32222100000.0,125985700000.0,100116800000.0,1022800000.0,-291100000.0,1022820329.0,139740600000.0,4465000000.0,6874600000.0,2482700000.0,1982300000.0,-5605500000.0,20699500000.0,1251.800048828125,1280366537784.5989,0.17421221687628982,0.31884488932406063,1.798445241068192,-0.031146286699193712,0.9947928032999782,0.05698229075529304,Godrej Consumer Products Limited,Consumer Defensive,Household & Personal Products,0,2024,14.617700276710686,Z (1968),Safe
2025-03-31,GODREJCP,INR,196717900000.0,73268300000.0,69335600000.0,76678700000.0,40044900000.0,120039200000.0,92524300000.0,1070100000.0,3932700000.0,1023007964.0,139170600000.0,29830100000.0,32170100000.0,3111200000.0,26718900000.0,18523000000.0,25767500000.0,1159.25,1185921982267.0,0.20356510515819862,0.3897901512775401,9.587972486500385,0.09706117846303469,1.0567197803148742,0.06357628640741275,Godrej Consumer Products Limited,Consumer Defensive,Household & Personal Products,0,2025,11.170009382590584,Z (1968),Safe
2026-03-31,GODREJCP,INR,213335800000.0,70198500000.0,77071600000.0,86806300000.0,44158100000.0,126529500000.0,89951600000.0,1070300000.0,-6873100000.0,1023244581.0,151000900000.0,29029000000.0,31704300000.0,3127400000.0,25901600000.0,18614700000.0,24884600000.0,984.7999877929688,1007691250878.0216,0.20698870044315112,0.40689982647075645,9.282151307795614,0.0907915231590399,0.9108218851042408,0.0844757899509907,Godrej Consumer Products Limited,Consumer Defensive,Household & Personal Products,0,2026,8.673587688988933,Z (1968),Safe
2023-03-31,GODREJPROP,INR,231053000000.0,201725100000.0,137861600000.0,138181600000.0,64307600000.0,92641900000.0,4103700000.0,1390100000.0,63863500000.0,278021444.0,21664200000.0,8694700000.0,8936100000.0,742000000.0,7952700000.0,5713900000.0,-28606400000.0,1031.050048828125,286654023411.4658,0.2783240208956387,0.5980515293028007,11.717924528301888,0.024729823893219306,1.4632435718140513,,Godrej Properties Limited,Real Estate,Real Estate - Development,0,2023,2.8279335645642245,Z'' (1995),Safe
2024-03-31,GODREJPROP,INR,357348600000.0,324501500000.0,227319400000.0,254334300000.0,106792900000.0,99925000000.0,11352700000.0,1390200000.0,97182100000.0,278041474.0,29213600000.0,8873300000.0,9318900000.0,-1126600000.0,9999900000.0,7252700000.0,-6925700000.0,2300.10009765625,639523221499.8877,0.2988479596673948,0.7117260288692889,7.876176105094976,0.024652210327096323,1.4275134458387626,0.546608786728586,Godrej Properties Limited,Real Estate,Real Estate - Development,0,2024,2.4669775823908835,Z'' (1995),Grey
2025-03-31,GODREJPROP,INR,554655200000.0,511443700000.0,337695100000.0,378917900000.0,126414000000.0,173124600000.0,25286900000.0,1505900000.0,173748600000.0,301184878.0,47989100000.0,17165400000.0,17902000000.0,-60800000.0,17226200000.0,13998900000.0,-22423800000.0,2129.60009765625,641403345601.3857,0.22791456746461586,0.6831593754101647,50.0,0.030699214191870692,1.5145132399019114,0.5521404029566648,Godrej Properties Limited,Real Estate,Real Estate - Development,0,2025,2.8912846461260036,Z'' (1995),Safe
2026-03-31,GODREJPROP,INR,818944300000.0,758182800000.0,595251100000.0,625395400000.0,158940900000.0,191555400000.0,43677000000.0,1506000000.0,162931700000.0,301207741.0,50256100000.0,24925000000.0,26080800000.0,-580800000.0,25505800000.0,18502000000.0,-20033400000.0,1471.300048828125,443166964040.7092,0.19408023231860824,0.76366048338086,42.914944903581265,0.02693943904318544,1.2737192757812628,0.4764926029720806,Godrej Properties Limited,Real Estate,Real Estate - Development,0,2026,2.0051367694133164,Z'' (1995),Grey
2023-03-31,GOKEX,INR,13420153000.0,8797876000.0,3458823000.0,4557641000.0,1544114000.0,8862512000.0,8559622000.0,302890000.0,5339053000.0,60577994.0,20660615000.0,2213831000.0,2931334000.0,169935000.0,2043896000.0,1729664000.0,3688230000.0,356.0,21565765864.0,0.11505934395829913,0.3396117018934136,13.027516403330685,0.12888556486651084,2.543603994769319,,Gokaldas Exports Limited,Consumer Cyclical,Apparel Manufacturing,0,2023,6.293321593257365,Z (1968),Safe
2024-03-31,GOKEX,INR,27411189000.0,13865997000.0,10133068000.0,14497789000.0,8048596000.0,12913400000.0,3346737000.0,316915000.0,3732929000.0,63382860.0,21927437000.0,1853952000.0,2741696000.0,264010000.0,1589942000.0,1309720000.0,-1770617000.0,705.9000244140625,44741962421.43311,0.2936244757569619,0.528900406326774,7.022279459111397,0.06415267957639012,1.368390797337983,1.042539231855255,Gokaldas Exports Limited,Consumer Cyclical,Apparel Manufacturing,0,2024,3.209164270547178,Z (1968),Safe
2025-03-31,GOKEX,INR,35371693000.0,18427063000.0,9759065000.0,14564902000.0,8452120000.0,20806791000.0,4938014000.0,357333000.0,8667998000.0,71466461.0,35780499000.0,2835073000.0,4119105000.0,654326000.0,2180747000.0,1585409000.0,571962000.0,806.3499755859375,57626979082.56336,0.2389515254471987,0.4117671721282891,4.332814224102359,0.05050449898110762,1.8881996379776136,0.2904107516094978,Gokaldas Exports Limited,Consumer Cyclical,Apparel Manufacturing,0,2025,4.139504860933999,Z (1968),Safe
2026-03-31,GOKEX,INR,43541570000.0,22621210000.0,15288803000.0,21937577000.0,12732076000.0,21603993000.0,5916282000.0,366237000.0,7332407000.0,73247228.0,36521465000.0,2523096000.0,4192065000.0,806861000.0,1716235000.0,1001318000.0,515927000.0,580.2000122070312,42498042579.7312,0.292411964015078,0.5038306381694551,3.1270516235138395,0.025377685877721216,1.4795932683546253,0.23097217879845333,Gokaldas Exports Limited,Consumer Cyclical,Apparel Manufacturing,0,2026,2.584639909741073,Z (1968),Grey
2023-03-31,GRASIM,INR,3372050300000.0,675043400000.0,695329900000.0,2142922100000.0,1030273700000.0,787419900000.0,129800400000.0,1316900000.0,-20286500000.0,661050191.0,1164666500000.0,159789700000.0,205079800000.0,12522600000.0,147267100000.0,68272600000.0,-126851400000.0,1626.2337646484375,1075022140731.4988,0.3055333130706858,0.6354952949545266,12.760105728842253,0.020246613758994045,0.9708246402175428,,Grasim Industries Limited,Basic Materials,Building Materials,0,2023,0.8494317382099367,Z (1968),Distress
2024-03-31,GRASIM,INR,4125390800000.0,863651600000.0,924328400000.0,2736007000000.0,1371439100000.0,886524000000.0,120145100000.0,1328000000.0,-60676800000.0,678429155.0,1295790000000.0,153433300000.0,203446500000.0,16435200000.0,136998100000.0,56244900000.0,-107193300000.0,2287.300048828125,1551771039357.9236,0.3324385898179634,0.6632115919781466,9.33565152842679,0.015003759082548845,0.9343557982206324,0.22340725463081013,Grasim Industries Limited,Basic Materials,Building Materials,0,2024,0.800258854784835,Z (1968),Distress
2025-03-31,GRASIM,INR,5005357000000.0,934724700000.0,1075237100000.0,3427228700000.0,1863145700000.0,975092300000.0,107379300000.0,1361100000.0,-140512400000.0,678515233.0,1471782700000.0,135968500000.0,200505800000.0,27717900000.0,108250600000.0,37056800000.0,-171697000000.0,2611.14990234375,1771704984386.6968,0.3722303324218432,0.684712139413832,4.905440166823605,0.008116925538125147,0.8693196133206341,0.2133049310140509,Grasim Industries Limited,Basic Materials,Building Materials,0,2025,0.6902016557418467,Z (1968),Distress
2026-03-31,GRASIM,INR,5695545600000.0,1130662700000.0,1195998000000.0,3996893100000.0,2278420500000.0,1034699200000.0,143506000000.0,1361100000.0,-65335300000.0,678252757.0,1739245300000.0,179072300000.0,256331700000.0,34344800000.0,144727500000.0,49664800000.0,-178096000000.0,2557.699951171875,1734767043461.0896,0.4000355119621902,0.701757720981112,5.213956697957187,0.009282357172375346,0.9453717313908552,0.13788998467042402,Grasim Industries Limited,Basic Materials,Building Materials,0,2026,0.6910503364792961,Z (1968),Distress
2023-03-31,GTLINFRA,INR,42708300000.0,8525900000.0,82182300000.0,88115700000.0,42806800000.0,-45407400000.0,-181367400000.0,126711000000.0,-73656400000.0,12671102746.0,14578600000.0,-10544400000.0,-5508700000.0,7624700000.0,-18169100000.0,-18169100000.0,4945700000.0,0.699999988079071,8869771771.148684,1.0023063432634873,2.06319848835004,-1.3829265413721195,-0.425423161305882,0.10374375017491601,,GTL Infrastructure Limited,Technology,Communication Equipment,1,2023,-27.357931468595975,Z'' (1995),Distress
2024-03-31,GTLINFRA,INR,42060400000.0,9641700000.0,87431700000.0,92926000000.0,39005800000.0,-50865600000.0,-188181000000.0,128070200000.0,-77790000000.0,12807020947.0,13720100000.0,1191700000.0,3971600000.0,8005300000.0,-6813600000.0,-6813600000.0,1944300000.0,1.600000023841858,20491233820.54317,0.9273758689884072,2.209346558758357,0.14886387768103632,-0.16075744938874845,0.11027693616846064,-0.015170353303690431,GTL Infrastructure Limited,Technology,Communication Equipment,1,2024,-27.102412190261578,Z'' (1995),Distress
2025-03-31,GTLINFRA,INR,41168500000.0,11547800000.0,95750300000.0,100781600000.0,37154100000.0,-59613100000.0,-196932600000.0,128091100000.0,-84202500000.0,12809111895.0,13440700000.0,450900000.0,2891400000.0,9202400000.0,-8751500000.0,-8751500000.0,6354300000.0,1.399999976158142,17932756347.606976,0.9024885531413581,2.4480270109428326,0.048998087455446405,-0.21029954739279264,0.12060327748320371,-0.02120521916101603,GTL Infrastructure Limited,Technology,Communication Equipment,1,2025,-29.559194292644438,Z'' (1995),Distress
2026-03-31,GTLINFRA,INR,31252900000.0,3404600000.0,34584100000.0,83403200000.0,58982400000.0,-52150300000.0,-189139900000.0,128091100000.0,-31179500000.0,12809111895.0,13719700000.0,13305900000.0,15674500000.0,5513300000.0,7792600000.0,7792600000.0,5353700000.0,0.9700000286102296,12424838904.621632,1.8872616621177554,2.6686547488393075,2.4134184608129434,0.21520158406216947,0.0984440826853959,-0.24085405103416446,GTL Infrastructure Limited,Technology,Communication Equipment,1,2026,-24.06934489808358,Z'' (1995),Distress
2023-03-31,GVKPIL,INR,76893700000.0,25869400000.0,37482200000.0,72363600000.0,48387800000.0,-11513200000.0,-51727200000.0,1579200000.0,-11612800000.0,1579210400.0,21203600000.0,42076300000.0,46073700000.0,10647100000.0,31429200000.0,24389400000.0,16204500000.0,2.049999952316284,3237381244.69738,0.6292817226898952,0.9410862008200932,3.9519023959575845,0.31718333231461093,0.6901782712861038,,GVK Power & Infrastructure Limited,Utilities,Utilities - Independent Power Producers,1,2023,0.32637849658932416,Z'' (1995),Distress
2024-03-31,GVKPIL,INR,78092200000.0,25483000000.0,39937700000.0,72464500000.0,45991400000.0,-11824900000.0,-51895500000.0,1579200000.0,-14454700000.0,1579210400.0,10801400000.0,7719500000.0,9989700000.0,5317800000.0,2401700000.0,204000000.0,7939700000.0,9.75,15397301400.0,0.5889371793853931,0.9279351843077798,1.451634134416488,0.002632497536872709,0.6380687921437639,0.015586452466196832,GVK Power & Infrastructure Limited,Utilities,Utilities - Independent Power Producers,1,2024,-2.887708671828949,Z'' (1995),Distress
2025-03-31,GVKPIL,INR,51690600000.0,13974000000.0,35869800000.0,40009600000.0,33704600000.0,-6173700000.0,-46244300000.0,1579200000.0,-21895800000.0,1579210400.0,8021600000.0,10724900000.0,12969800000.0,4202200000.0,6522700000.0,5651500000.0,5985600000.0,3.0999999046325684,4895552089.39476,0.6520450526788236,0.7740208084255165,2.5522107467517015,0.08709166391848534,0.3895756318685914,-0.3380824205234325,GVK Power & Infrastructure Limited,Utilities,Utilities - Independent Power Producers,1,2025,-4.463025913109957,Z'' (1995),Distress
2026-03-31,GVKPIL,INR,5697500000.0,3779800000.0,4702400000.0,7876400000.0,7005400000.0,-14568800000.0,-37609900000.0,1579200000.0,-922600000.0,1579210400.0,805300000.0,-13516000000.0,-13294100000.0,307000000.0,-13823000000.0,-8395100000.0,59100000.0,2.369999885559082,3742728467.273712,1.2295568231680563,1.3824308907415532,-44.02605863192182,-0.29257285046899967,0.8038023137121469,-0.8897768646523739,GVK Power & Infrastructure Limited,Utilities,Utilities - Independent Power Producers,1,2026,-40.46573313552214,Z'' (1995),Distress
2023-03-31,HAL,INR,672038000000.0,518850400000.0,308272700000.0,436279100000.0,26500000.0,235721500000.0,0.0,3343900000.0,210577700000.0,668775000.0,263605600000.0,65674700000.0,89495700000.0,579700000.0,65095000000.0,58277400000.0,88297200000.0,1365.550048828125,913245733905.0292,3.9432294007184116e-05,0.6491881411467804,50.0,0.08671741776506686,1.6830890312376023,,Hindustan Aeronautics Limited,Industrials,Aerospace & Defense,0,2023,2.346706052898215,Z (1968),Grey
2024-03-31,HAL,INR,780951800000.0,630175300000.0,363243300000.0,489533700000.0,11000000.0,291381700000.0,0.0,3343900000.0,266932000000.0,668775000.0,281619000000.0,102569900000.0,116791100000.0,321100000.0,102248800000.0,76210500000.0,82228200000.0,3327.0,2225014425000.0,1.4085376331804344e-05,0.6268423992364189,50.0,0.10490163110573797,1.7348573256547333,0.16206494275621308,Hindustan Aeronautics Limited,Industrials,Aerospace & Defense,0,2024,3.9312974250477186,Z (1968),Safe
2025-03-31,HAL,INR,1062668500000.0,900946400000.0,440952500000.0,712816800000.0,11600000.0,349816100000.0,0.0,3343900000.0,459993900000.0,668775000.0,301046900000.0,108759400000.0,122386100000.0,86800000.0,108672600000.0,83641300000.0,136434600000.0,4177.4501953125,2793774254370.117,1.0915915922980685e-05,0.6707800221800119,50.0,0.09073592865081817,2.0431824289464284,0.36073506713218406,Hindustan Aeronautics Limited,Industrials,Aerospace & Defense,0,2025,3.4920802218340508,Z (1968),Safe
2026-03-31,HAL,INR,1324145900000.0,1158380000000.0,443073700000.0,913699900000.0,109700000.0,410411200000.0,0.0,3343900000.0,715306300000.0,668775000.0,317917400000.0,121577200000.0,135249500000.0,57900000.0,121519300000.0,91156000000.0,109063800000.0,3487.199951171875,2332152147344.9707,8.284585558132227e-05,0.690029625889413,50.0,0.07638298143332804,2.614418323633292,0.2460573546689302,Hindustan Aeronautics Limited,Industrials,Aerospace & Defense,0,2026,2.722782315881809,Z (1968),Grey
2023-03-31,HAVELLS,INR,111574400000.0,70660600000.0,38355400000.0,45319900000.0,2231000000.0,66254500000.0,56811600000.0,626500000.0,32305200000.0,626467778.0,168057200000.0,14805000000.0,17766700000.0,334400000.0,14470600000.0,10717300000.0,5649400000.0,1188.5,744556954153.0,0.01999562623684286,0.4061854690681733,44.27332535885167,0.09605518828691886,1.8422594993143078,,Havells India Limited,Industrials,Electrical Equipment & Parts,0,2023,12.86176963771635,Z (1968),Safe
2024-03-31,HAVELLS,INR,124326900000.0,78996100000.0,42830800000.0,49859300000.0,3031600000.0,74467600000.0,64771000000.0,626700000.0,36165300000.0,626683030.0,184733100000.0,17529200000.0,20914200000.0,455500000.0,17073700000.0,12707600000.0,19528900000.0,1515.0,949424790450.0,0.024384103520637933,0.4010338872762049,38.483424807903404,0.10773658305401454,1.8443760097873494,0.11429593168325347,Havells India Limited,Industrials,Electrical Equipment & Parts,0,2024,14.454819529701552,Z (1968),Safe
2025-03-31,HAVELLS,INR,138094100000.0,88705100000.0,47747600000.0,54684400000.0,3185400000.0,83237900000.0,73000700000.0,626900000.0,40957500000.0,626941732.0,216000800000.0,20335500000.0,24339500000.0,430600000.0,19904900000.0,14722600000.0,15230100000.0,1528.9000244140625,958531229360.9946,0.023066879758078005,0.39599374629328843,47.22596377148165,0.11220595912674672,1.8577918052425673,0.1107338797959252,Havells India Limited,Industrials,Electrical Equipment & Parts,0,2025,13.663153676809548,Z (1968),Safe
2026-03-31,HAVELLS,INR,147462500000.0,78252300000.0,45847200000.0,52775800000.0,2652000000.0,94554700000.0,83721500000.0,627300000.0,32405100000.0,627256842.0,222881200000.0,22467000000.0,26786200000.0,371300000.0,22095700000.0,16905600000.0,15719900000.0,1190.5999755859375,746811980771.3123,0.017984233279647367,0.3578930236500805,50.0,0.11840454746974856,1.7068065225357274,0.06784069703195139,Havells India Limited,Industrials,Electrical Equipment & Parts,0,2026,11.563162389910467,Z (1968),Safe
2023-03-31,HCLTECH,USD,934110000000.0,535770000000.0,214310000000.0,280130000000.0,47860000000.0,654050000000.0,648620000000.0,5430000000.0,321460000000.0,2707364943.0,1014560000000.0,198410000000.0,239860000000.0,3530000000.0,194880000000.0,148510000000.0,180090000000.0,1085.25,35787452357.89172,0.051235935810557645,0.29988973461369645,50.0,0.15898555844600742,2.4999766693108114,,HCL Technologies Limited,Technology,Information Technology Services,0,2023,8.400092814107943,Z'' (1995),Safe
2024-03-31,HCLTECH,USD,997770000000.0,593310000000.0,227260000000.0,315060000000.0,57560000000.0,682630000000.0,564320000000.0,5430000000.0,366050000000.0,2707990517.0,1099130000000.0,215200000000.0,256930000000.0,5530000000.0,209670000000.0,157020000000.0,224480000000.0,1543.550048828125,50123139927.02715,0.057688645679866105,0.31576415406356173,38.91500904159132,0.16255668053916392,2.6107101997711872,0.06815043196197457,HCL Technologies Limited,Technology,Information Technology Services,0,2024,7.9748258115597785,Z'' (1995),Safe
2025-03-31,HCLTECH,USD,1055440000000.0,621090000000.0,280390000000.0,358710000000.0,62790000000.0,696550000000.0,567350000000.0,5430000000.0,340700000000.0,2708910993.0,1170550000000.0,239050000000.0,279890000000.0,6440000000.0,232610000000.0,173900000000.0,222610000000.0,1592.5,50432559259.447365,0.05949177594178731,0.3398677328886531,37.119565217391305,0.16939329148017007,2.2150932629551696,0.05779889152810758,HCL Technologies Limited,Technology,Information Technology Services,0,2025,7.430944863454058,Z'' (1995),Safe
2026-03-31,HCLTECH,USD,1162580000000.0,705420000000.0,318260000000.0,410610000000.0,52150000000.0,751650000000.0,581850000000.0,5430000000.0,387160000000.0,2705766714.0,1301440000000.0,229710000000.0,273260000000.0,8690000000.0,221020000000.0,166420000000.0,199750000000.0,1341.5999755859375,38471960078.42649,0.044857128111613825,0.35318859777391665,26.433831990794015,0.15006176680102074,2.2164896625400616,0.101512165542333,HCL Technologies Limited,Technology,Information Technology Services,0,2026,7.066046242363656,Z'' (1995),Safe
2022-03-31,HDIL,INR,39659433000.0,32612487000.0,62307466000.0,62307466000.0,28231688000.0,-22648033000.0,-133265366000.0,4740040000.0,-29694979000.0,474003986.0,6355000.0,-138793000.0,-111484000.0,0.0,-124924000.0,-124924000.0,-376000.0,7.349999904632568,3483929251.8954573,0.7118530413684936,1.571062954934328,-50.0,-0.0031499189612720887,0.5234121862699408,,Housing Development and Infrastructure Limited,Real Estate,Real Estate - Diversified,1,2022,-16.271371554115387,Z'' (1995),Distress
2023-03-31,HDIL,INR,39632638000.0,32613156000.0,62478710000.0,62478709000.0,28232200000.0,-22846071000.0,-133463404000.0,4740040000.0,-29865554000.0,474003986.0,13113000.0,-211744000.0,-184435000.0,0.0,-198039000.0,-198039000.0,-20313000.0,2.549999952316284,1208710141.6977286,0.7123472326015745,1.5764458828100214,-50.0,-0.004995177891115999,0.5219883060965888,-0.0006756274100035986,Housing Development and Infrastructure Limited,Real Estate,Real Estate - Diversified,1,2023,-16.34128910801656,Z'' (1995),Distress
2024-03-31,HDIL,INR,39658861000.0,32664498000.0,62608097000.0,62608098000.0,28232200000.0,-22949237000.0,-133566570000.0,4740040000.0,-29943599000.0,474003986.0,16146000.0,-114317000.0,-88074000.0,0.0,-103165000.0,-103165000.0,102115000.0,4.400000095367432,2085617583.6045427,0.711876218532852,1.57866606406069,-50.0,-0.002602170505062592,0.521729609510412,0.0006616516417605744,Housing Development and Infrastructure Limited,Real Estate,Real Estate - Diversified,1,2024,-16.336555906226017,Z'' (1995),Distress
2025-03-31,HDIL,INR,39475619000.0,32509413000.0,62424989000.0,62424989000.0,28232200000.0,-22949350000.0,-133566683000.0,4740040000.0,-29915576000.0,474003986.0,16221000.0,-15096000.0,10208000.0,0.0,-113000.0,-113000.0,-4052000.0,2.549999952316284,1208710141.6977286,0.7151806789907461,1.5813555450517445,-50.0,-2.8558979600295596e-06,0.5207756304130066,-0.0046204554386976016,Housing Development and Infrastructure Limited,Real Estate,Real Estate - Diversified,1,2025,-16.3901948496903,Z'' (1995),Distress
2023-03-31,HEROMOTOCO,INR,239170300000.0,94353300000.0,60126200000.0,71364000000.0,5675400000.0,166555700000.0,138627900000.0,399700000.0,34227100000.0,199839718.0,337377200000.0,39684900000.0,46658800000.0,1048700000.0,38636200000.0,28099600000.0,26138400000.0,2347.35009765625,469093781562.8975,0.023729534979886717,0.2983815298136934,37.84199485076762,0.11748783189217056,1.5692543350486143,,Hero MotoCorp Limited,Consumer Cyclical,Auto Manufacturers,0,2023,6.885325627007558,Z (1968),Safe
2024-03-31,HEROMOTOCO,INR,261527900000.0,103154500000.0,70483700000.0,83182200000.0,6064100000.0,176989200000.0,148705100000.0,399800000.0,32670800000.0,199921741.0,375990300000.0,51665700000.0,59239300000.0,763700000.0,50902000000.0,37448300000.0,49230700000.0,4722.2998046875,944090398477.085,0.023187201059619262,0.3180624323446944,50.0,0.14958432045491676,1.4635227719316666,0.09347983424363315,Hero MotoCorp Limited,Consumer Cyclical,Auto Manufacturers,0,2024,9.845344215550146,Z (1968),Safe
2025-03-31,HEROMOTOCO,INR,283903200000.0,134338900000.0,74759800000.0,89862300000.0,6999300000.0,192720400000.0,164281900000.0,400000000.0,59579100000.0,200010836.0,407124800000.0,60042100000.0,68288000000.0,706500000.0,59335600000.0,43784800000.0,42973900000.0,3722.949951171875,744630332120.0459,0.024653825670157996,0.3165244350891431,50.0,0.1605511676910246,1.7969403342438048,0.08555607260257903,Hero MotoCorp Limited,Consumer Cyclical,Auto Manufacturers,0,2025,8.165691046022506,Z (1968),Safe
2026-03-31,HEROMOTOCO,INR,334525900000.0,189045300000.0,99043300000.0,116415700000.0,7786100000.0,216111900000.0,187187800000.0,400200000.0,90002000000.0,200089777.0,470483900000.0,75138500000.0,83688400000.0,782700000.0,74355800000.0,57417300000.0,83146200000.0,5063.0,1013054540951.0,0.023275028929000713,0.3480020530547859,50.0,0.18568757518040468,1.9087136636198512,0.17830971965092335,Hero MotoCorp Limited,Consumer Cyclical,Auto Manufacturers,0,2026,8.47510379865952,Z (1968),Safe
2023-03-31,HINDALCO,INR,2248170000000.0,893110000000.0,604580000000.0,1300000000000.0,602910000000.0,948060000000.0,482160000000.0,2220000000.0,288530000000.0,2221659388.0,2219370000000.0,168430000000.0,239290000000.0,36020000000.0,132410000000.0,100970000000.0,192080000000.0,405.3500061035156,900549646485.7328,0.26817811820280496,0.5782480862212377,4.676013325930039,0.04491208405058336,1.4772403982930298,,Hindalco Industries Limited,Basic Materials,Aluminum,0,2023,2.104322428136901,Z (1968),Grey
2024-03-31,HINDALCO,INR,2319070000000.0,823430000000.0,593510000000.0,1257500000000.0,563560000000.0,1061460000000.0,575560000000.0,2220000000.0,229920000000.0,2220623508.0,2148070000000.0,177950000000.0,253160000000.0,37830000000.0,140120000000.0,101550000000.0,240560000000.0,560.25,1244104320357.0,0.24301120707869966,0.5422432268107474,4.703938673010838,0.044468869601772626,1.387390271436033,0.03153676101006586,Hindalco Industries Limited,Basic Materials,Aluminum,0,2024,2.239523811728219,Z (1968),Grey
2025-03-31,HINDALCO,INR,2659910000000.0,1019590000000.0,655160000000.0,1422700000000.0,639290000000.0,1237090000000.0,727930000000.0,2220000000.0,364430000000.0,2220443408.0,2370220000000.0,256660000000.0,335470000000.0,33290000000.0,223370000000.0,160010000000.0,244100000000.0,682.4500122070312,1515341630894.622,0.24034271836265136,0.5348677210883075,7.70982276960048,0.06427420877368457,1.5562458025520483,0.1469727088876145,Hindalco Industries Limited,Basic Materials,Aluminum,0,2025,2.3961280085039887,Z (1968),Grey
2026-03-31,HINDALCO,INR,3477950000000.0,1410300000000.0,1165090000000.0,2112000000000.0,991610000000.0,1365830000000.0,856410000000.0,2220000000.0,245210000000.0,2219837078.0,2726420000000.0,217940000000.0,306240000000.0,32980000000.0,184960000000.0,133910000000.0,102500000000.0,884.4500122070312,1963334930734.7207,0.28511335700628243,0.6072542733506807,6.608247422680412,0.0436341004845337,1.2104644276407832,0.3075442402186541,Hindalco Industries Limited,Basic Materials,Aluminum,0,2026,1.9778113219082836,Z (1968),Grey
2023-03-31,HINDUNILVR,INR,730870000000.0,169980000000.0,120280000000.0,225650000000.0,12190000000.0,503040000000.0,95440000000.0,2350000000.0,49700000000.0,2349591262.0,595490000000.0,134580000000.0,146100000000.0,1140000000.0,133440000000.0,101200000000.0,99910000000.0,2560.35009765625,6015776217113.972,0.016678752719361856,0.30874163667957366,50.0,0.13846511691545693,1.4132025274359827,,Hindustan Unilever Limited,Consumer Defensive,Household & Personal Products,0,2023,17.682698623820794,Z (1968),Safe
2024-03-31,HINDUNILVR,INR,784990000000.0,213240000000.0,128790000000.0,270760000000.0,14840000000.0,512180000000.0,104430000000.0,2350000000.0,84450000000.0,2349591262.0,609660000000.0,142600000000.0,154760000000.0,3340000000.0,139260000000.0,102770000000.0,154690000000.0,2264.35009765625,5320297203561.972,0.018904699422922586,0.3449215913578517,42.69461077844311,0.13559299671473618,1.6557186116934544,0.07404873643739651,Hindustan Unilever Limited,Consumer Defensive,Household & Personal Products,0,2024,13.481160446718473,Z (1968),Safe
2025-03-31,HINDUNILVR,INR,798800000000.0,220510000000.0,165370000000.0,302710000000.0,16480000000.0,494020000000.0,86220000000.0,2350000000.0,55140000000.0,2349591262.0,605730000000.0,148090000000.0,161720000000.0,3810000000.0,144280000000.0,106490000000.0,118860000000.0,2258.85009765625,5307374451620.972,0.020630946419629443,0.37895593390085125,38.86876640419948,0.1344748988186565,1.3334341174336337,0.017592580797207713,Hindustan Unilever Limited,Consumer Defensive,Household & Personal Products,0,2025,12.123755561255146,Z (1968),Safe
2026-03-31,HINDUNILVR,INR,797520000000.0,190210000000.0,155490000000.0,307450000000.0,14780000000.0,487380000000.0,77260000000.0,2350000000.0,34720000000.0,2349591262.0,637630000000.0,142220000000.0,156580000000.0,4100000000.0,138120000000.0,150400000000.0,109990000000.0,2055.199951171875,4828879846936.264,0.018532450596850235,0.38550757347778114,34.68780487804878,0.18843339681266913,1.223294102514631,-0.001602403605408087,Hindustan Unilever Limited,Consumer Defensive,Household & Personal Products,0,2026,10.9996020763944,Z (1968),Safe
2023-03-31,HINDZINC,INR,354670000000.0,148040000000.0,174530000000.0,225350000000.0,121880000000.0,129320000000.0,17330000000.0,8450000000.0,-26490000000.0,4225319000.0,332720000000.0,155730000000.0,188370000000.0,2850000000.0,152880000000.0,105110000000.0,151620000000.0,293.3500061035156,1239497354439.3003,0.34364338681027434,0.6353793667352751,50.0,0.29635999661657314,0.8482209362287286,,Hindustan Zinc Limited,Basic Materials,Other Industrial Metals & Mining,0,2023,5.666062327176613,Z (1968),Safe
2024-03-31,HINDZINC,INR,338950000000.0,126250000000.0,108410000000.0,187000000000.0,91210000000.0,151950000000.0,39940000000.0,8450000000.0,17840000000.0,4225319000.0,280820000000.0,111920000000.0,146600000000.0,8850000000.0,103070000000.0,77590000000.0,133460000000.0,292.29998779296875,1235060692121.399,0.26909573683434135,0.5517037911196342,12.64632768361582,0.22372480608978979,1.1645604649017618,-0.04432289170214565,Hindustan Zinc Limited,Basic Materials,Other Industrial Metals & Mining,0,2024,6.10903684083717,Z (1968),Safe
2025-03-31,HINDZINC,INR,344900000000.0,116260000000.0,111990000000.0,211640000000.0,115360000000.0,133260000000.0,124810000000.0,8450000000.0,4270000000.0,4225319000.0,330410000000.0,145330000000.0,181730000000.0,9800000000.0,135530000000.0,103530000000.0,141600000000.0,461.8999938964844,1951674820310.6997,0.3344737605102928,0.6136271383009568,14.829591836734695,0.302785698618118,1.0381284043218144,0.017554211535624642,Hindustan Zinc Limited,Basic Materials,Other Industrial Metals & Mining,0,2025,8.402986252237714,Z (1968),Safe
2026-03-31,HINDZINC,INR,423700000000.0,166000000000.0,112740000000.0,197410000000.0,88330000000.0,226290000000.0,217840000000.0,8450000000.0,53260000000.0,4225319000.0,391920000000.0,192700000000.0,230600000000.0,7620000000.0,185080000000.0,138320000000.0,170080000000.0,502.1499938964844,2121743910060.6997,0.20847297616237903,0.4659192825112108,25.288713910761153,0.3599271402550091,1.4724144048252616,0.22847202087561613,Hindustan Zinc Limited,Basic Materials,Other Industrial Metals & Mining,0,2026,9.745221591950322,Z (1968),Safe
2023-03-31,INDIGO,INR,591698190000.0,261487140000.0,238511460000.0,654163350000.0,448542130000.0,-62465160000.0,-66320630000.0,3855470000.0,22975680000.0,385547099.0,536076670000.0,28155370000.0,79185060000.0,31199220000.0,-3043850000.0,-3057890000.0,127279390000.0,1910.6500244140625,736645574117.121,0.7580589861192578,1.1055692936968422,0.9024382660848572,-0.005167989444077901,1.0963294593894986,,InterGlobe Aviation Limited,Industrials,Airlines,0,2023,0.10882883276923178,Z'' (1995),Distress
2024-03-31,INDIGO,INR,822245000000.0,358531000000.0,307982000000.0,802280000000.0,512801000000.0,19965000000.0,-24828000000.0,3860000000.0,50549000000.0,385978689.0,673868000000.0,122182000000.0,186439000000.0,41689000000.0,80493000000.0,81725000000.0,212176000000.0,3548.64990234375,1369703237026.619,0.6236596148349944,0.9757189158948975,2.9307970927582816,0.11559870379233553,1.1641297218668623,0.3896358209241775,InterGlobe Aviation Limited,Industrials,Airlines,0,2024,1.3295430526514957,Z'' (1995),Grey
2025-03-31,INDIGO,INR,1158435000000.0,507031000000.0,342178000000.0,1064753000000.0,668098000000.0,93682000000.0,47667000000.0,3864000000.0,164853000000.0,386423369.0,776186000000.0,126734000000.0,213536000000.0,50800000000.0,75934000000.0,72584000000.0,241513000000.0,5115.35009765625,1976690818350.8071,0.576724632802013,0.9191305511314835,2.4947637795275592,0.07329200072702305,1.4817755671025021,0.40886840296991767,InterGlobe Aviation Limited,Industrials,Airlines,0,2025,1.895232269628639,Z'' (1995),Grey
2026-03-31,INDIGO,INR,1360021000000.0,579292000000.0,382710000000.0,1290147000000.0,777492000000.0,69711000000.0,20153000000.0,3866000000.0,196582000000.0,386612998.0,827089000000.0,39303000000.0,147385000000.0,58908000000.0,-19605000000.0,-23919000000.0,234699000000.0,3943.5,1524608357613.0,0.5716764667604397,0.9486228521471359,0.6671929109798329,-0.01899497152223426,1.51365786104361,0.1740158058069723,InterGlobe Aviation Limited,Industrials,Airlines,0,2026,1.2474467046002569,Z'' (1995),Grey
2023-03-31,INFY,USD,15312000000.0,8626000000.0,4769000000.0,6088000000.0,1010000000.0,9172000000.0,11401000000.0,325000000.0,3857000000.0,4136387925.0,18212000000.0,4160000000.0,4684000000.0,35000000.0,4125000000.0,2981000000.0,2853000000.0,1427.949951171875,71942981962.67984,0.06596133751306166,0.39759665621734586,50.0,0.19468390804597702,1.8087649402390438,,Infosys Limited,Technology,Information Technology Services,0,2023,7.487357281295441,Z'' (1995),Safe
2024-03-31,INFY,USD,16523000000.0,10722000000.0,4651000000.0,5918000000.0,1002000000.0,10559000000.0,12557000000.0,325000000.0,6071000000.0,4139950635.0,18562000000.0,4402000000.0,4967000000.0,56000000.0,4346000000.0,3167000000.0,3148000000.0,1498.050048828125,74368992827.39957,0.060642740422441443,0.35816740301398053,50.0,0.19896340505732685,2.3053106858740056,0.0790882967607105,Infosys Limited,Technology,Information Technology Services,0,2024,8.551575348786702,Z'' (1995),Safe
2025-03-31,INFY,USD,17419000000.0,11359000000.0,5012000000.0,6164000000.0,962000000.0,11205000000.0,13766000000.0,325000000.0,6347000000.0,4143607528.0,19277000000.0,4496000000.0,5065000000.0,49000000.0,4447000000.0,3158000000.0,4351000000.0,1570.6500244140625,76084268532.05423,0.05522705092140766,0.35386646765026697,50.0,0.18608214012138355,2.2663607342378294,0.05422744053743278,Infosys Limited,Technology,Information Technology Services,0,2025,8.609811749322786,Z'' (1995),Safe
2026-03-31,INFY,USD,16446000000.0,10912000000.0,5516000000.0,6606000000.0,967000000.0,9786000000.0,13459000000.0,319000000.0,5396000000.0,4046940812.0,20158000000.0,4553000000.0,5105000000.0,47000000.0,4506000000.0,3313000000.0,4039000000.0,1250.5999755859375,53638446416.38069,0.05879849203453728,0.40167821962787303,50.0,0.1956592351985826,1.9782451051486585,-0.055858545266662785,Infosys Limited,Technology,Information Technology Services,0,2026,8.236117230828263,Z'' (1995),Safe
2023-03-31,IOC,INR,4417184800000.0,1588368800000.0,2066487400000.0,2985041400000.0,1489770800000.0,1397202400000.0,96575100000.0,137715600000.0,-478118600000.0,13771560699.0,8275473300000.0,216848900000.0,348659400000.0,66472000000.0,150376900000.0,97921200000.0,296437200000.0,77.9000015258789,1072804599465.834,0.3372670303492849,0.6757791523687213,3.262259297147671,0.022168237108848153,0.7686322210336245,,Indian Oil Corporation Limited,Energy,Oil & Gas Refining & Marketing,0,2023,2.151832565964885,Z (1968),Grey
2024-03-31,IOC,INR,4823620000000.0,1584429600000.0,2164039300000.0,2941990200000.0,1326275600000.0,1834162700000.0,390325000000.0,137715600000.0,-579609700000.0,13771560699.0,7728420600000.0,648716100000.0,807377200000.0,75838200000.0,572877900000.0,417296900000.0,711464100000.0,167.75,2310179307257.25,0.27495441183177777,0.6099133430908736,8.553949065246801,0.09031613783249702,0.7321630434345624,0.09201226989642808,Indian Oil Corporation Limited,Energy,Oil & Gas Refining & Marketing,0,2024,2.486252535721415,Z (1968),Grey
2025-03-31,IOC,INR,5071996600000.0,1568663000000.0,2309908800000.0,3161750000000.0,1522707000000.0,1864873200000.0,190953400000.0,137715600000.0,-741245800000.0,13771560699.0,7545679400000.0,255017100000.0,422790500000.0,84382600000.0,170634500000.0,135978400000.0,344524000000.0,127.6999969482422,1758628259234.832,0.30021845834833566,0.6233738405897197,3.0221526712853124,0.027482552224183786,0.6791017030629088,0.0514917427160515,Indian Oil Corporation Limited,Energy,Oil & Gas Refining & Marketing,0,2025,1.8647021344140542,Z (1968),Grey
2026-03-31,IOC,INR,5289549600000.0,1568107700000.0,2112058000000.0,3034074300000.0,1318223900000.0,2195179700000.0,357208300000.0,137715600000.0,-543950300000.0,13771560699.0,7739928000000.0,652344100000.0,836546500000.0,77623300000.0,574720800000.0,420962600000.0,761420800000.0,135.39999389648438,1864669234589.664,0.24921288194367247,0.5735978541537827,8.403972776215388,0.08125478415566974,0.7424548473574116,0.042892970393552776,Indian Oil Corporation Limited,Energy,Oil & Gas Refining & Marketing,0,2026,2.21011500071831,Z (1968),Grey
2023-03-31,IRB,INR,427661770000.0,69652000000.0,43044810000.0,293872780000.0,167481930000.0,133788990000.0,61652810000.0,6039000000.0,26607190000.0,12078000000.0,63246440000.0,25202400000.0,33523600000.0,14432890000.0,10769510000.0,7200110000.0,17641300000.0,12.574999809265137,151880847696.30432,0.3916224029096639,0.6871616791933495,1.7461783468175813,0.01683599167631935,1.6181277138869936,,IRB Infrastructure Developers Limited,Industrials,Infrastructure Operations,0,2023,1.7521424294414318,Z'' (1995),Grey
2024-03-31,IRB,INR,449203140000.0,48395320000.0,39093070000.0,311758090000.0,186533850000.0,137445050000.0,65944860000.0,6039000000.0,9302250000.0,12078000000.0,73624540000.0,26982830000.0,36932320000.0,17468450000.0,9514380000.0,6058160000.0,40537850000.0,29.274999618530277,353583445392.60864,0.4152550002210581,0.6940247345555064,1.54466080276155,0.013817772682909617,1.237951381152721,0.05037010907007189,IRB Infrastructure Developers Limited,Industrials,Infrastructure Operations,0,2024,1.4810008086982802,Z'' (1995),Grey
2025-03-31,IRB,INR,538959710000.0,59088360000.0,37462410000.0,340693920000.0,205993200000.0,198265790000.0,128356240000.0,6039000000.0,21625950000.0,12078000000.0,70518040000.0,85581620000.0,95957870000.0,16967720000.0,68613900000.0,64806840000.0,19712090000.0,22.57999992370605,272721239078.52173,0.3822051930375278,0.6321324464123672,5.043790208702171,0.1311663153497422,1.5772706561056804,0.19981287308009477,IRB Infrastructure Developers Limited,Industrials,Infrastructure Operations,0,2025,2.717725082118862,Z'' (1995),Safe
2026-03-31,IRB,INR,540536130000.0,46818110000.0,37796100000.0,331048370000.0,200270630000.0,209487760000.0,135663050000.0,6039000000.0,9022010000.0,12078000000.0,62523500000.0,28990720000.0,40411080000.0,16512570000.0,12478150000.0,8503600000.0,20980320000.0,22.13999938964844,267406912628.17383,0.37050368862484734,0.6124444817407487,1.7556758275665145,0.01575476196369594,1.2387021412262111,0.0029249310676673357,IRB Infrastructure Developers Limited,Industrials,Infrastructure Operations,0,2026,1.952539223939632,Z'' (1995),Grey
2023-03-31,IRCTC,INR,50887588000.0,43518176000.0,23913654000.0,26103547000.0,841622000.0,24784041000.0,17234871000.0,1600000000.0,19604522000.0,800000000.0,35407641000.0,13701221000.0,14238517000.0,161125000.0,13540096000.0,10058811000.0,8117347000.0,572.7999877929688,458239990234.375,0.016538846368587955,0.5129649100287481,50.0,0.19766727792246708,1.8198045350994876,,Indian Railway Catering & Tourism Corporation Limited,Consumer Cyclical,Travel Services,0,2023,6.437612808011432,Z'' (1995),Safe
2024-03-31,IRCTC,INR,60911653000.0,51441699000.0,26316742000.0,28613769000.0,603505000.0,32297884000.0,24398714000.0,1600000000.0,25124957000.0,800000000.0,42597961000.0,15146873000.0,15719037000.0,186449000.0,14960424000.0,11110773000.0,8821733000.0,929.7000122070312,743760009765.625,0.009907874278177938,0.4697585370076888,50.0,0.19876294151227736,1.9547138091789629,0.19698447880846692,Indian Railway Catering & Tourism Corporation Limited,Consumer Cyclical,Travel Services,0,2024,6.867954281863582,Z'' (1995),Safe
2025-03-31,IRCTC,INR,67994615000.0,56801272000.0,28029450000.0,31360965000.0,897963000.0,36633650000.0,28384480000.0,1600000000.0,28771822000.0,800000000.0,46742742000.0,17742029000.0,18267877000.0,168913000.0,17573116000.0,13149275000.0,8333907000.0,727.5,582000000000.0,0.0132063840643851,0.46122718688825576,50.0,0.2040129654517653,2.026485428718723,0.1162825444911173,Indian Railway Catering & Tourism Corporation Limited,Consumer Cyclical,Travel Services,0,2025,7.116751695634672,Z'' (1995),Safe
2026-03-31,IRCTC,INR,75795234000.0,64164708000.0,29777745000.0,32709903000.0,807259000.0,43085331000.0,34486161000.0,1600000000.0,34386963000.0,800000000.0,52143633000.0,18934434000.0,19430415000.0,182260000.0,18752174000.0,13934547000.0,12730002000.0,494.5,395600000000.0,0.010650524543535284,0.43155619784747945,50.0,0.19381822982511096,2.15478734202338,0.11472407042822441,Indian Railway Catering & Tourism Corporation Limited,Consumer Cyclical,Travel Services,0,2026,7.521208287781221,Z'' (1995),Safe
2023-03-31,ITC,INR,858829800000.0,396708900000.0,137394100000.0,163441900000.0,3063400000.0,691552600000.0,353402300000.0,12428000000.0,259314800000.0,12428017741.0,702452200000.0,259583200000.0,277673300000.0,432000000.0,259151200000.0,191916600000.0,188775500000.0,369.2779846191406,4589393344207.405,0.003566946559143616,0.19030767213713357,50.0,0.22346290266127236,2.8873794435132223,,ITC Limited,Consumer Defensive,Tobacco,0,2023,19.60156500375282,Z (1968),Safe
2024-03-31,ITC,INR,918261600000.0,410655400000.0,136904000000.0,169361900000.0,3037300000.0,745070000000.0,361725700000.0,12484700000.0,273751400000.0,12484721471.0,673910400000.0,264393900000.0,282557800000.0,391100000.0,264002800000.0,204587800000.0,171788600000.0,412.4647521972656,5149507547787.896,0.003307663088601331,0.18443752847772357,50.0,0.2302501717131713,2.9995865716122245,0.0692009056974967,ITC Limited,Consumer Defensive,Tobacco,0,2024,20.836509076580455,Z (1968),Safe
2025-03-31,ITC,INR,880906800000.0,438932800000.0,143341100000.0,176927400000.0,2848400000.0,700300500000.0,490101400000.0,12514100000.0,295591700000.0,12514119781.0,746533200000.0,269720000000.0,289225800000.0,450600000.0,269269400000.0,347466300000.0,176270400000.0,409.75,5127660580264.75,0.0032334862212438364,0.20084690003528183,50.0,0.38625211514386315,3.062155934341232,-0.040679910822798204,ITC Limited,Consumer Defensive,Tobacco,0,2025,20.428470266016433,Z (1968),Safe
2026-03-31,ITC,INR,937923800000.0,507084100000.0,166872700000.0,209193600000.0,23993600000.0,725073000000.0,516515200000.0,12529500000.0,340211400000.0,12529468231.0,782132800000.0,281185600000.0,298290900000.0,851700000.0,280333900000.0,206894700000.0,184643100000.0,287.70001220703125,3604728163006.31,0.02558160908167593,0.22303901447004543,50.0,0.22750299010803976,3.0387480995992755,0.06472534892454007,ITC Limited,Consumer Defensive,Tobacco,0,2026,13.368403564108204,Z (1968),Safe
2022-03-31,JETAIRWAYS,INR,57601000000.0,29087800000.0,213880000000.0,222645400000.0,35462200000.0,-165044400000.0,-166180400000.0,1136000000.0,-184792200000.0,113597383.0,1364300000.0,-5205600000.0,-3466300000.0,70000000.0,-5275600000.0,-7725400000.0,534300000.0,79.55000305175781,9036672164.3217,0.6156525060328814,3.865304421798233,-50.0,-0.13411919931945626,0.13600056106227792,,Jet Airways (India) Limited,Industrials,Airlines,1,2022,-31.8362607345115,Z'' (1995),Distress
2023-03-31,JETAIRWAYS,INR,56320200000.0,29604200000.0,222673200000.0,231385200000.0,35612100000.0,-175065000000.0,-176201000000.0,1136000000.0,-193069000000.0,113597383.0,497200000.0,-9977800000.0,-8420600000.0,42800000.0,-10020600000.0,-10020600000.0,144100000.0,57.59999847412109,6543209087.464149,0.6323148710409409,4.108387399192474,-50.0,-0.17592160194941767,0.13294909311044167,-0.02223572507421745,Jet Airways (India) Limited,Industrials,Airlines,1,2023,-34.67212307653999,Z'' (1995),Distress
2023-03-31,JINDALPOLY,INR,96184652000.0,53172259000.0,12658583000.0,54109561000.0,40846544000.0,42075091000.0,32315398000.0,437864000.0,40513676000.0,43786413.0,46327417000.0,5322455000.0,7096855000.0,768389000.0,4554066000.0,3189898000.0,-5655300000.0,500.8500061035156,21930425218.301056,0.42466800212574457,0.5625592012330616,6.926771466015261,0.03316431399055226,4.200490607835016,,Jindal Poly Films Limited,Consumer Cyclical,Packaging & Containers,0,2023,1.8832472227296382,Z (1968),Grey
2024-03-31,JINDALPOLY,INR,105593182000.0,65268830000.0,20488103000.0,65648639000.0,44684815000.0,39944543000.0,34197333000.0,437864000.0,44780727000.0,43786413.0,38219310000.0,2398730000.0,4744553000.0,1489285000.0,909445000.0,714967000.0,1329345000.0,453.5499877929688,19859327081.64789,0.42317897949130845,0.6217128583169319,1.6106588060713698,0.007086675338184074,3.1856941562622954,0.0978173731917229,Jindal Poly Films Limited,Consumer Cyclical,Packaging & Containers,0,2024,1.5807271768852826,Z (1968),Distress
2025-03-31,JINDALPOLY,INR,109512974000.0,69619618000.0,22013499000.0,68330512000.0,44195857000.0,41182462000.0,35093938000.0,437864000.0,47606119000.0,43786413.0,52377007000.0,2844757000.0,5370164000.0,1372788000.0,1471969000.0,1097881000.0,2215687000.0,688.3499755859375,30140376319.545776,0.40356731614283436,0.6239490126530579,2.072247863472,0.010207806419078029,3.162587555935565,0.03712163916037681,Jindal Poly Films Limited,Consumer Cyclical,Packaging & Containers,0,2025,1.7989380914125623,Z (1968),Distress
2026-03-31,JINDALPOLY,INR,87256102000.0,49927382000.0,15723993000.0,56824853000.0,40037450000.0,30507448000.0,23963667000.0,437864000.0,34203389000.0,43786413.0,27898042000.0,-13015472000.0,-10935364000.0,1123489000.0,-14138961000.0,-10600801000.0,-978648000.0,740.8499755859375,32439163002.045776,0.4588498578586515,0.6512421675678338,-11.584868209657593,-0.10774864847157183,3.1752355778840653,-0.20323502492042633,Jindal Poly Films Limited,Consumer Cyclical,Packaging & Containers,0,2026,1.0248786202406417,Z (1968),Distress
2023-03-31,JSWENERGY,INR,487417000000.0,96241100000.0,90056100000.0,300075200000.0,250514800000.0,186288100000.0,96479800000.0,16446800000.0,6185000000.0,1640536238.0,99104700000.0,26819200000.0,38511500000.0,7390800000.0,19428400000.0,14777600000.0,20842700000.0,240.8500061035156,395123162935.33856,0.5139640184893017,0.6156436890793715,3.6287276072955565,0.03031818750679603,1.0686794120553744,,JSW Energy Limited,Utilities,Utilities - Independent Power Producers,0,2023,1.7501299381030995,Z'' (1995),Grey
2024-03-31,JSWENERGY,INR,582691000000.0,86647800000.0,72694400000.0,372548600000.0,315733900000.0,208317400000.0,110288600000.0,16446800000.0,13953400000.0,1641211667.0,112651100000.0,40897500000.0,57231600000.0,19228400000.0,21669100000.0,17227100000.0,62336300000.0,528.9000244140625,868036890744.9442,0.5418547737994923,0.6393587681978956,2.126932038027085,0.03219693713157924,1.1919460095963375,0.19546712568498847,JSW Energy Limited,Utilities,Utilities - Independent Power Producers,0,2024,1.8329094603212648,Z'' (1995),Grey
2025-03-31,JSWENERGY,INR,899389800000.0,120757500000.0,117154200000.0,608539200000.0,501856500000.0,273614300000.0,112200600000.0,17477700000.0,3603300000.0,1745248977.0,114837900000.0,44049500000.0,60595900000.0,21910500000.0,22139000000.0,19508900000.0,38384800000.0,537.9000244140625,938769467336.9176,0.5579966550654677,0.6766134105590257,2.0104287898496156,0.026326364932330273,1.03075689988067,0.5435107115091875,JSW Energy Limited,Utilities,Utilities - Independent Power Producers,0,2025,1.2342052088225077,Z'' (1995),Grey
2026-03-31,JSWENERGY,INR,1241816900000.0,154066700000.0,202300200000.0,906043300000.0,769463600000.0,307515100000.0,130098700000.0,17572900000.0,-48233500000.0,1756182468.0,186920900000.0,76092900000.0,107945600000.0,56234700000.0,19858200000.0,22393100000.0,98983100000.0,471.6000061035156,828215662627.6871,0.6196272574483405,0.72961102397624,1.3531307182220231,0.020916336568533995,0.7615746301783192,0.3807326923209491,JSW Energy Limited,Utilities,Utilities - Independent Power Producers,0,2026,0.8548815375863208,Z'' (1995),Distress
2023-03-31,JSWSTEEL,INR,2110780000000.0,681500000000.0,699630000000.0,1440390000000.0,1066050000000.0,656950000000.0,426270000000.0,3010000000.0,-18130000000.0,2404356419.0,1636460000000.0,119150000000.0,193890000000.0,62600000000.0,56550000000.0,41440000000.0,233230000000.0,688.0999755859375,1654437593213.792,0.5050502657785274,0.6823970285865888,1.9033546325878594,0.01963255289513829,0.9740863027600303,,JSW Steel Limited,Basic Materials,Steel,0,2023,1.9231502587188927,Z (1968),Grey
2024-03-31,JSWSTEEL,INR,2281980000000.0,645340000000.0,660650000000.0,1484220000000.0,1056090000000.0,776690000000.0,502080000000.0,3050000000.0,-15310000000.0,2436502319.0,1725880000000.0,210110000000.0,291830000000.0,76310000000.0,133800000000.0,88120000000.0,120780000000.0,830.2000122070312,2022784254976.26,0.4627954670943654,0.6504088554676202,2.7533743939195388,0.040120562015680344,0.9768258533262696,0.08110745790655582,JSW Steel Limited,Basic Materials,Steel,0,2024,2.177843245364981,Z (1968),Grey
2025-03-31,JSWSTEEL,INR,2407420000000.0,707360000000.0,606260000000.0,1590760000000.0,1192220000000.0,794960000000.0,518120000000.0,3050000000.0,101100000000.0,2440479280.0,1665750000000.0,129400000000.0,222490000000.0,78630000000.0,50770000000.0,35040000000.0,208990000000.0,1063.199951171875,2594717451331.9727,0.4952272557343546,0.660773774414103,1.645682309551062,0.014944342559815754,1.166760135915284,0.054969806922058995,JSW Steel Limited,Basic Materials,Steel,0,2025,2.199670112519119,Z (1968),Grey
2026-03-31,JSWSTEEL,INR,2696760000000.0,1034350000000.0,693770000000.0,1642010000000.0,1190790000000.0,1000530000000.0,730640000000.0,3050000000.0,340580000000.0,2440826972.0,1820370000000.0,375500000000.0,471510000000.0,83000000000.0,292500000000.0,223160000000.0,251520000000.0,1122.5,2739828276070.0,0.44156320918435454,0.6088825108648898,4.524096385542169,0.08744205729421768,1.490911973708866,0.12018675594619976,JSW Steel Limited,Basic Materials,Steel,0,2026,2.6665224430895282,Z (1968),Grey
2023-03-31,JUBLFOOD,INR,53821270000.0,6858120000.0,10289630000.0,33443370000.0,25537380000.0,20377900000.0,17805710000.0,1319690000.0,-3431510000.0,658648961.0,51382680000.0,6899570000.0,11758420000.0,2012260000.0,4887310000.0,3532010000.0,10261570000.0,440.1000061035156,289871411756.1742,0.47448490160116996,0.6213783138153374,3.4287666603719202,0.06562479852296313,0.6665079308002329,,Jubilant FoodWorks Limited,Consumer Cyclical,Restaurants,0,2023,2.1615139961830767,Z'' (1995),Grey
2024-03-31,JUBLFOOD,INR,81256980000.0,11564550000.0,19169720000.0,58824650000.0,42068550000.0,21706420000.0,20181450000.0,1319690000.0,-7605170000.0,657500604.0,55881490000.0,7734810000.0,13714360000.0,2877650000.0,4857160000.0,3993440000.0,10096410000.0,448.8500061035156,295119150118.4652,0.5177222929033296,0.72393350085125,2.6878911611905547,0.05912780184818799,0.603271722278677,0.5097559013378912,Jubilant FoodWorks Limited,Consumer Cyclical,Restaurants,0,2024,1.2228208822101783,Z'' (1995),Grey
2025-03-31,JUBLFOOD,INR,85275760000.0,11576330000.0,20966020000.0,63447820000.0,43718190000.0,21027480000.0,21085950000.0,1319690000.0,-9389690000.0,657630964.0,76688840000.0,8519890000.0,16585050000.0,5185060000.0,3334830000.0,2107640000.0,16578610000.0,664.3499755859375,436897114877.9565,0.5126684300438953,0.7440311291274332,1.6431613134659966,0.025312019726571485,0.552147236337655,0.04945765889896481,Jubilant FoodWorks Limited,Consumer Cyclical,Restaurants,0,2025,1.1031520427229204,Z'' (1995),Grey
2026-03-31,JUBLFOOD,INR,95605450000.0,12999270000.0,35356920000.0,71729230000.0,49022160000.0,22920950000.0,24002310000.0,1319690000.0,-22357650000.0,657674557.0,89243980000.0,9760500000.0,19455600000.0,4355350000.0,5405150000.0,4284810000.0,18935520000.0,434.1000061035156,285496529207.8269,0.5127548691000356,0.7502629818697574,2.241036885669349,0.04737706033700239,0.3676584385744007,0.12113278146099193,Jubilant FoodWorks Limited,Consumer Cyclical,Restaurants,0,2026,0.3059447830781095,Z'' (1995),Distress
2023-03-31,KEC,INR,172785900000.0,144356100000.0,128190600000.0,135071600000.0,33833700000.0,37714300000.0,32186100000.0,514200000.0,16165500000.0,257088370.0,169968000000.0,6950200000.0,8565000000.0,5340400000.0,1609800000.0,1760300000.0,6137400000.0,456.3500061035156,117322279218.64288,0.19581285278486266,0.7817281386965025,1.3014380945247548,0.010187752588608214,1.126105190240158,,KEC International Limited,Industrials,Engineering & Construction,0,2023,1.7844900898625404,Z'' (1995),Grey
2024-03-31,KEC,INR,190314700000.0,161578500000.0,145337000000.0,149357700000.0,39609900000.0,40957000000.0,34910600000.0,514200000.0,16241500000.0,257088370.0,195953400000.0,10764600000.0,12618200000.0,6499700000.0,4264900000.0,3467800000.0,3111300000.0,694.25,178483600872.5,0.20812843148742582,0.7847932923731062,1.656168746249827,0.019101042520998313,1.1117506209705719,0.10144809269737864,KEC International Limited,Industrials,Engineering & Construction,0,2024,1.8258630879893967,Z'' (1995),Grey
2025-03-31,KEC,INR,221799200000.0,193866400000.0,162268800000.0,168324700000.0,39574800000.0,53474500000.0,39378200000.0,532400000.0,31597600000.0,266200000.0,215365900000.0,13806800000.0,15643600000.0,6531900000.0,7274900000.0,5707400000.0,4190700000.0,782.75,208368050000.0,0.17842625221371403,0.7589058030867559,2.1137494450313077,0.027698167909405626,1.1947238162850775,0.16543388398268766,KEC International Limited,Industrials,Engineering & Construction,0,2025,2.2652049563278656,Z'' (1995),Grey
2026-03-31,KEC,INR,251580600000.0,222090800000.0,180078200000.0,189983700000.0,53777600000.0,61596900000.0,43892500000.0,532400000.0,42012600000.0,266200000.0,233013200000.0,14429700000.0,16403500000.0,6538300000.0,7891400000.0,6055900000.0,-4141300000.0,511.2999877929688,136108056750.48828,0.21375893053756928,0.7551603740510994,2.2069498187602283,0.02558579812657828,1.2333019765857278,0.1342718999888186,KEC International Limited,Industrials,Engineering & Construction,0,2026,2.39011338814599,Z'' (1995),Grey
2023-03-31,LT,INR,3303523100000.0,2222043200000.0,1620659900000.0,2267850900000.0,1206504400000.0,893259500000.0,745199400000.0,2811000000.0,601383300000.0,1405482190.0,1816614200000.0,202867100000.0,236709100000.0,31776800000.0,171090300000.0,104707200000.0,227769600000.0,2164.199951171875,3041744486970.94,0.36521748553839384,0.6864946396167171,6.384126154930641,0.031695616113597024,1.371073104233652,,Larsen & Toubro Limited,Industrials,Engineering & Construction,0,2023,2.7558276193793647,Z'' (1995),Safe
2024-03-31,LT,INR,3401359700000.0,2185886000000.0,1771094600000.0,2375863100000.0,1163222200000.0,863592400000.0,794896900000.0,2749300000.0,414791400000.0,1374668619.0,2191156900000.0,240536200000.0,277283200000.0,35365100000.0,205171100000.0,130591100000.0,182662800000.0,3763.89990234375,5174115080809.117,0.34198741168127555,0.6985039247686742,6.801513356388077,0.0389540291442529,1.2342005898499153,0.029615836498918302,Larsen & Toubro Limited,Industrials,Engineering & Construction,0,2024,2.4187273817330857,Z'' (1995),Grey
2025-03-31,LT,INR,3795241000000.0,2453417100000.0,2019709000000.0,2641204200000.0,1324089200000.0,976556000000.0,899742500000.0,2750400000.0,433708100000.0,1375192165.0,2542086500000.0,269096300000.0,310078500000.0,33308400000.0,235787900000.0,150371100000.0,91513500000.0,3492.300048828125,4802583664977.555,0.348881454432011,0.6959252917008433,8.078932041166793,0.04178947985817804,1.2147379152145186,0.11580113094184075,Larsen & Toubro Limited,Industrials,Engineering & Construction,0,2025,2.387206389105283,Z'' (1995),Grey
2026-03-31,LT,INR,4525498800000.0,3183113200000.0,2544975100000.0,3240194200000.0,1254970400000.0,1092898000000.0,1007642800000.0,2751300000.0,638138100000.0,1375632190.0,2842251900000.0,288227300000.0,331674500000.0,28469200000.0,259758100000.0,160839900000.0,167409700000.0,3504.10009765625,4820352891318.081,0.27731095630828584,0.7159860919640505,10.124179815379428,0.03865999991971868,1.2507443393061095,0.1924140785789361,Larsen & Toubro Limited,Industrials,Engineering & Construction,0,2026,2.4330430935503458,Z'' (1995),Grey
2023-03-31,LUPIN,INR,229559300000.0,124513000000.0,92653700000.0,104131100000.0,45415200000.0,124645000000.0,95359500000.0,910000000.0,31859300000.0,454981335.0,162699800000.0,9567000000.0,18373900000.0,2402100000.0,7164900000.0,4300800000.0,18972400000.0,648.4000244140625,295009908721.94275,0.19783646317095407,0.4536130751400618,3.9827650805545147,0.01873502837828831,1.3438535104372518,,Lupin Limited,Healthcare,Drug Manufacturers - Specialty & Generic,0,2023,3.2942200946740314,Z (1968),Safe
2024-03-31,LUPIN,INR,239971800000.0,134476500000.0,85015000000.0,96237300000.0,29217700000.0,142902900000.0,111833700000.0,911400000.0,49461500000.0,455678908.0,196563400000.0,27013100000.0,38981200000.0,2790400000.0,24222700000.0,19144800000.0,36483600000.0,1616.800048828125,736741680704.3467,0.12175472284660115,0.4010358717149265,9.680726777522937,0.08154859177592283,1.5817973298829617,0.045358650248541466,Lupin Limited,Healthcare,Drug Manufacturers - Specialty & Generic,0,2024,6.683642145771267,Z (1968),Safe
2025-03-31,LUPIN,INR,292048800000.0,167985800000.0,89613900000.0,119105300000.0,54477700000.0,172035000000.0,140705700000.0,913200000.0,78371900000.0,456565045.0,221921100000.0,42855300000.0,54547900000.0,2705300000.0,40150000000.0,32816200000.0,29999400000.0,2027.949951171875,925891060714.5348,0.18653629119517012,0.40782670567384627,15.841237570694563,0.1233643960403037,1.8745507114409707,0.2170129990273857,Lupin Limited,Healthcare,Drug Manufacturers - Specialty & Generic,0,2025,6.904876602973632,Z (1968),Safe
2026-03-31,LUPIN,INR,383648300000.0,240273800000.0,126512400000.0,158514600000.0,66161800000.0,224482700000.0,187968000000.0,914400000.0,113761400000.0,457179111.0,274875400000.0,72850500000.0,86605500000.0,4125000000.0,68725500000.0,53328400000.0,73345000000.0,2313.89990234375,1057866700296.5024,0.17245430254741126,0.41317686016072536,17.66072727272727,0.15784705898545368,1.8992114606947619,0.3136445005081343,Lupin Limited,Healthcare,Drug Manufacturers - Specialty & Generic,0,2026,6.389042855588299,Z (1968),Safe
2023-03-31,M&M,INR,2058917700000.0,913254400000.0,705794100000.0,1388096600000.0,922468500000.0,563657900000.0,481876100000.0,5568200000.0,207460300000.0,1243528831.0,1190403800000.0,197597200000.0,240884200000.0,56994900000.0,140602300000.0,102815000000.0,-70740200000.0,1158.699951171875,1440876795760.5188,0.4480356354214644,0.6741875112346647,3.4669277426576763,0.04993643019339724,1.293938841370309,,Mahindra & Mahindra Limited,Consumer Cyclical,Auto Manufacturers,0,2023,1.9662642899606153,Z (1968),Grey
2024-03-31,M&M,INR,2363007300000.0,982656400000.0,755456500000.0,1587913900000.0,1066255200000.0,661905500000.0,577178600000.0,5573800000.0,227199900000.0,1114775772.0,1358030300000.0,233117800000.0,278480400000.0,73339900000.0,159777900000.0,112686400000.0,-56299500000.0,1921.3499755859373,2141874402315.9944,0.4512280601079819,0.671988571512242,3.1785944622231557,0.05096712404665389,1.3007451785774562,0.14769390733782117,Mahindra & Mahindra Limited,Consumer Cyclical,Auto Manufacturers,0,2024,2.166912198336742,Z (1968),Grey
2025-03-31,M&M,INR,2775862700000.0,1265732700000.0,903220100000.0,1884882700000.0,1249493100000.0,770388600000.0,680078900000.0,5581500000.0,362512600000.0,1199506049.0,1556452600000.0,279334100000.0,334915900000.0,88537900000.0,190796200000.0,129291000000.0,31758100000.0,2665.800048828125,3197643283993.831,0.45012784674112305,0.6790259114760971,3.1549664042178547,0.05031884441521191,1.401355771422713,0.17471609165151536,Mahindra & Mahindra Limited,Consumer Cyclical,Auto Manufacturers,0,2025,2.4103779138119164,Z (1968),Grey
2026-03-31,M&M,INR,3176346400000.0,1471396200000.0,1160985600000.0,2081436400000.0,1339631500000.0,930963500000.0,823932100000.0,5587800000.0,310410600000.0,1200472788.0,1930979500000.0,345386200000.0,412284200000.0,93538600000.0,251847600000.0,170988500000.0,116573600000.0,2954.699951171875,3547036888086.7646,0.4217523315467104,0.6552926343298073,3.6924456855244787,0.057453794759999274,1.267368174075544,0.1442735982583001,Mahindra & Mahindra Limited,Consumer Cyclical,Auto Manufacturers,0,2026,2.4696597077295603,Z (1968),Grey
2023-03-31,MARICO,INR,69460000000.0,38200000000.0,24290000000.0,29900000000.0,6080000000.0,37990000000.0,35260000000.0,1290000000.0,13910000000.0,1291877601.0,96890000000.0,17750000000.0,19300000000.0,320000000.0,17430000000.0,13020000000.0,14190000000.0,479.7999877929688,619842857189.8098,0.08753239274402534,0.4304635761589404,50.0,0.1874460120932911,1.5726636475916014,,Marico Limited,Consumer Defensive,Household & Personal Products,0,2023,15.627506226360886,Z (1968),Safe
2024-03-31,MARICO,INR,74210000000.0,40030000000.0,24440000000.0,32520000000.0,5280000000.0,38320000000.0,35610000000.0,1290000000.0,15590000000.0,1292711137.0,95730000000.0,19850000000.0,21430000000.0,480000000.0,19370000000.0,14810000000.0,13870000000.0,497.2000122070313,642735993096.5652,0.07114944077617572,0.4382158738714459,41.354166666666664,0.20616691028050393,1.637888707037643,0.06838468183126989,Marico Limited,Consumer Defensive,Household & Personal Products,0,2024,14.955174939298146,Z (1968),Safe
2025-03-31,MARICO,INR,83320000000.0,50770000000.0,24550000000.0,40660000000.0,5540000000.0,39750000000.0,36990000000.0,1290000000.0,26220000000.0,1293906247.0,107330000000.0,21510000000.0,23290000000.0,350000000.0,21160000000.0,16290000000.0,13630000000.0,651.6500244140625,843174037447.058,0.06649063850216035,0.48799807969275083,50.0,0.20681774900019043,2.0680244399185335,0.12275973588465172,Marico Limited,Consumer Defensive,Household & Personal Products,0,2025,15.581570688315537,Z (1968),Safe
2026-03-31,MARICO,INR,100750000000.0,58600000000.0,41010000000.0,55810000000.0,5570000000.0,42100000000.0,37680000000.0,1300000000.0,17590000000.0,1295647582.0,135480000000.0,23150000000.0,25170000000.0,380000000.0,22770000000.0,17620000000.0,20840000000.0,735.9500122070312,953531853788.9104,0.05528535980148883,0.5539454094292804,50.0,0.19144890530776335,1.428919775664472,0.2091934709553529,Marico Limited,Consumer Defensive,Household & Personal Products,0,2026,13.087272958907395,Z (1968),Safe
2023-03-31,MARUTI,INR,1003854000000.0,156692000000.0,227667000000.0,257852000000.0,12476000000.0,746002000000.0,556860000000.0,1572000000.0,-70975000000.0,302080060.0,1137648000000.0,106905000000.0,155365000000.0,2523000000.0,104382000000.0,82637000000.0,108146000000.0,8292.150390625,2504893287529.0234,0.012428102094527691,0.2568620536452512,42.37217598097503,0.08231973972310715,0.6882508224731735,,Maruti Suzuki India Limited,Consumer Cyclical,Auto Manufacturers,0,2023,8.005157153608401,Z (1968),Safe
2024-03-31,MARUTI,INR,1153508000000.0,226338000000.0,259518000000.0,297148000000.0,1186000000.0,856360000000.0,664158000000.0,1572000000.0,-33180000000.0,314402574.0,1364838000000.0,176181000000.0,228739000000.0,1936000000.0,174245000000.0,134882000000.0,168011000000.0,12600.349609375,3961582350487.3945,0.0010281679884318097,0.2576037617424413,50.0,0.12504345585024673,0.872147596698495,0.14907944780814741,Maruti Suzuki India Limited,Consumer Cyclical,Auto Manufacturers,0,2024,10.45800622012835,Z (1968),Safe
2025-03-31,MARUTI,INR,1310163000000.0,285687000000.0,296150000000.0,347764000000.0,870000000.0,962399000000.0,769044000000.0,1572000000.0,-10463000000.0,314402574.0,1474686000000.0,198142000000.0,254224000000.0,1942000000.0,196200000000.0,145002000000.0,161800000000.0,11522.150390625,3622593740827.6055,0.0006640395126407936,0.265435674797716,50.0,0.11771214581817134,0.9646699307783217,0.13580746730841908,Maruti Suzuki India Limited,Consumer Cyclical,Auto Manufacturers,0,2025,8.686932130000931,Z (1968),Safe
2026-03-31,MARUTI,INR,1488810000000.0,389574000000.0,364802000000.0,417247000000.0,1025000000.0,1071563000000.0,873444000000.0,1572000000.0,24772000000.0,314402574.0,1770941000000.0,193572000000.0,260989000000.0,2387000000.0,191185000000.0,146795000000.0,190999000000.0,12306.0,3869038075644.0,0.0006884693144188983,0.28025537173984594,50.0,0.10489204433197462,1.0679053294663954,0.13635478944222967,Maruti Suzuki India Limited,Consumer Cyclical,Auto Manufacturers,0,2026,8.023534106496964,Z (1968),Safe
2023-03-31,MPHASIS,INR,116094590000.0,59530250000.0,27978360000.0,36746200000.0,10527660000.0,79348390000.0,59600210000.0,1884070000.0,31551890000.0,188397523.0,137984970000.0,22703150000.0,25955570000.0,972580000.0,21730570000.0,16379220000.0,14617650000.0,1795.75,338314851927.25,0.09068174494608233,0.3165194863946718,23.34322112319809,0.1410851272225519,2.127724784440546,,Mphasis Limited,Technology,Information Technology Services,0,2023,7.0379433609513065,Z'' (1995),Safe
2024-03-31,MPHASIS,INR,141302380000.0,66324070000.0,42046230000.0,53356380000.0,23885850000.0,87946000000.0,67097380000.0,1890050000.0,24277840000.0,188975477.0,132785150000.0,22291890000.0,26396880000.0,1608670000.0,20683220000.0,15548200000.0,21796970000.0,2388.050048828125,451282897077.1682,0.16904067716339952,0.37760425549803195,13.857341779233778,0.12081105694445432,1.5774082480165286,0.2171314787364338,Mphasis Limited,Technology,Information Technology Services,0,2024,5.465952271174084,Z'' (1995),Safe
2025-03-31,MPHASIS,INR,149066290000.0,69861200000.0,44487100000.0,52782330000.0,18882230000.0,96283960000.0,73913300000.0,1900840000.0,25374100000.0,190074321.0,142299870000.0,24256440000.0,29019810000.0,1655010000.0,22601430000.0,17021390000.0,19052020000.0,2500.199951171875,475223808083.2273,0.1266700204318495,0.3540862927493533,14.656370656370656,0.11723985235734971,1.570369837548413,0.05494535902367681,Mphasis Limited,Technology,Information Technology Services,0,2025,5.741963178938716,Z'' (1995),Safe
2026-03-31,MPHASIS,INR,177819240000.0,82670790000.0,60095500000.0,70382120000.0,26196760000.0,107437120000.0,82761750000.0,1908270000.0,22575290000.0,190817050.0,158796470000.0,27133230000.0,32685960000.0,2040580000.0,25092650000.0,18626020000.0,12532810000.0,2053.0,391747403650.0,0.14732241572959145,0.39580711288609716,13.296822472042262,0.1139605047675252,1.3756569127472107,0.19288700349354637,Mphasis Limited,Technology,Information Technology Services,0,2026,4.978327933726588,Z'' (1995),Safe
2023-03-31,MRF,INR,243694100000.0,92411700000.0,74953200000.0,96615900000.0,30136100000.0,147076600000.0,0.0,42400000.0,17458500000.0,4241143.0,228505600000.0,13884100000.0,26414600000.0,3186900000.0,10697200000.0,7689400000.0,27554700000.0,84047.203125,356456207203.1719,0.1236636422465706,0.39646384545214675,4.356616147353227,0.03155349267791054,1.2329253454155393,,MRF Limited,Consumer Cyclical,Auto Parts,0,2023,3.4253049880316166,Z (1968),Safe
2024-03-31,MRF,INR,268494300000.0,105495500000.0,77100300000.0,101462700000.0,28215000000.0,167029900000.0,0.0,42400000.0,28395200000.0,4241143.0,250108100000.0,31398400000.0,45698100000.0,3524200000.0,27874200000.0,20812300000.0,33033600000.0,133387.34375,565714799233.9062,0.10508602975929097,0.37789517319362087,8.909369502298395,0.08126814273810185,1.3682890987454004,0.10176774899351271,MRF Limited,Consumer Cyclical,Auto Parts,0,2024,4.789696279450682,Z (1968),Safe
2025-03-31,MRF,INR,296889400000.0,135066700000.0,89602200000.0,110790000000.0,37711600000.0,186097600000.0,0.0,42400000.0,45464500000.0,4241143.0,279748000000.0,28422500000.0,44958000000.0,3592500000.0,24830000000.0,18732800000.0,18647600000.0,112677.75,477882450668.25,0.12702238611415564,0.3731692677475181,7.911621433542102,0.06626579436230652,1.5074038360665252,0.10575680750019645,MRF Limited,Consumer Cyclical,Auto Parts,0,2025,4.029994614264995,Z (1968),Safe
2026-03-31,MRF,INR,319535100000.0,148165000000.0,90062700000.0,109787600000.0,32066600000.0,209745600000.0,0.0,42400000.0,58102300000.0,4241143.0,309316700000.0,35813100000.0,53349500000.0,3591700000.0,32221400000.0,24260900000.0,45903000000.0,128495.0,544965669785.0,0.10035392043002475,0.3435854151859999,9.971072194225576,0.07871491155851203,1.645131669381442,0.07627655281731172,MRF Limited,Consumer Cyclical,Auto Parts,0,2026,4.534372426891103,Z (1968),Safe
2023-03-31,MTNL,INR,116439900000.0,57937300000.0,123376100000.0,324989300000.0,283509500000.0,-208549400000.0,-231199700000.0,6300000000.0,-65438800000.0,630000000.0,8765400000.0,-6900300000.0,397100000.0,22255800000.0,-29156100000.0,-29151100000.0,638500000.0,18.049999237060547,11371499519.348145,2.434814011348344,2.7910475704633892,-0.3100450219718006,-0.2503531864936332,0.46959905524651857,,Mahanagar Telephone Nigam Limited,Communication Services,Telecom Services,1,2023,-11.231686396783607,Z'' (1995),Distress
2024-03-31,MTNL,INR,107173400000.0,53908600000.0,96709100000.0,343614600000.0,301412800000.0,-236441200000.0,-264027200000.0,6300000000.0,-42800500000.0,630000000.0,7591700000.0,-7802700000.0,-1139200000.0,24874400000.0,-32677100000.0,-32675200000.0,1301000000.0,32.79999923706055,20663999519.348145,2.8123844162823985,3.2061556319011992,-0.3136839481555334,-0.29224737526792904,0.5574304796549653,-0.07958182719153828,Mahanagar Telephone Nigam Limited,Communication Services,Telecom Services,1,2024,-11.862714174570193,Z'' (1995),Distress
2025-03-31,MTNL,INR,102263300000.0,53529400000.0,129936200000.0,371453100000.0,326550000000.0,-269189800000.0,-297482600000.0,6300000000.0,-76406800000.0,630000000.0,6634300000.0,-6676800000.0,-555300000.0,26606300000.0,-33283100000.0,-33276900000.0,3398500000.0,42.97999954223633,27077399711.608887,3.1932276779646265,3.6323206859156705,-0.2509480837245314,-0.31777525142441604,0.41196679601219677,-0.04581453980185379,Mahanagar Telephone Nigam Limited,Communication Services,Telecom Services,1,2025,-15.58433035537001,Z'' (1995),Distress
2026-03-31,MTNL,INR,100756500000.0,56786100000.0,162345700000.0,400354000000.0,354445700000.0,-299597500000.0,-328539700000.0,6300000000.0,-105559600000.0,630000000.0,4245900000.0,-3393600000.0,2291300000.0,27677600000.0,-31071200000.0,-31072400000.0,1764300000.0,21.46999931335449,13526099567.41333,3.5178445063097668,3.9734806191163847,-0.12261178714917478,-0.3061021634343054,0.3497850574422359,-0.014734513750289668,Mahanagar Telephone Nigam Limited,Communication Services,Telecom Services,1,2026,-18.514781810083893,Z'' (1995),Distress
2023-03-31,NBCC,INR,128789251000.0,107612441000.0,105010433000.0,107545098000.0,4529000.0,19445014000.0,12899684000.0,1800000000.0,2602008000.0,2700000000.0,87706364000.0,5639131000.0,5691286000.0,1920071000.0,3719060000.0,2666650000.0,-3740738000.0,23.63333320617676,63809999656.677246,3.516597825388394e-05,0.8350471577787186,2.9369387902843176,0.02070553232738344,1.0247785665258613,,NBCC (India) Limited,Industrials,Engineering & Construction,0,2023,0.9431496404927561,Z'' (1995),Distress
2024-03-31,NBCC,INR,127050925000.0,117041893000.0,100142167000.0,102927973000.0,6322000.0,22256203000.0,15943255000.0,1800000000.0,16899726000.0,2700000000.0,103283783000.0,7707392000.0,7760482000.0,2121975000.0,5585417000.0,4015572000.0,-56477000.0,79.26666259765625,214019989013.67188,4.9759574753194435e-05,0.8101316302891931,3.6321785129419526,0.03139125420238923,1.1687573427485347,-0.013497446304738592,NBCC (India) Limited,Industrials,Engineering & Construction,0,2024,1.9163719899241614,Z'' (1995),Grey
2025-03-31,NBCC,INR,133436537000.0,123889486000.0,105032705000.0,106724311000.0,4026000.0,24790569000.0,17873224000.0,2700000000.0,18856781000.0,2700000000.0,116368813000.0,9202707000.0,9277092000.0,1652546000.0,7550161000.0,5411300000.0,6611322000.0,81.88999938964844,221102998352.0508,3.0171646316031117e-05,0.7998132550457301,5.568805346416983,0.04154748914556202,1.1795324703862478,0.0502602558777121,NBCC (India) Limited,Industrials,Engineering & Construction,0,2025,2.071056471750048,Z'' (1995),Grey
2026-03-31,NBCC,INR,162737815000.0,152264670000.0,129389285000.0,130582908000.0,2579000.0,30172626000.0,22355426000.0,2700000000.0,22875385000.0,2700000000.0,126080839000.0,11450615000.0,11581283000.0,1537408000.0,9913207000.0,7200313000.0,4394642000.0,77.5199966430664,209303990936.2793,1.584757666802888e-05,0.8024128135184806,7.4480001404962115,0.04862212376850241,1.1767950491418204,0.21958961659803866,NBCC (India) Limited,Industrials,Engineering & Construction,0,2026,2.085390165295415,Z'' (1995),Grey
2023-03-31,NCC,INR,165501200000.0,132457200000.0,98908300000.0,100646600000.0,9738200000.0,61668300000.0,14831200000.0,1255700000.0,33548900000.0,627846588.0,153901000000.0,12238500000.0,14264600000.0,3390000000.0,8848500000.0,6092000000.0,11001100000.0,106.0999984741211,66614522028.782135,0.058840660974059406,0.6081321464738624,3.6101769911504427,0.03680940077775871,1.339191958612169,,NCC Limited,Industrials,Engineering & Construction,0,2023,2.7622132347935486,Z'' (1995),Safe
2024-03-31,NCC,INR,180973800000.0,148749200000.0,111156200000.0,112855000000.0,9800200000.0,66397000000.0,16032300000.0,1255700000.0,37593000000.0,627846588.0,207040600000.0,14479000000.0,16598200000.0,3869900000.0,10609100000.0,7106900000.0,13594500000.0,232.3500061035156,145880158553.87146,0.05415259004342065,0.6235985540448397,3.7414403472957956,0.041024027707626816,1.3381997585379852,0.09348935234306466,NCC Limited,Industrials,Engineering & Construction,0,2024,2.8068809041565483,Z'' (1995),Safe
2025-03-31,NCC,INR,210063800000.0,176345300000.0,131280300000.0,135039400000.0,15935800000.0,73237100000.0,19358700000.0,1255700000.0,45065000000.0,627846588.0,219991800000.0,16264300000.0,18423300000.0,4391500000.0,11872800000.0,8198800000.0,7417000000.0,209.47999572753903,131521300571.78998,0.07586171439343666,0.6428494581170102,3.703586473869976,0.041933563422034095,1.3432731338974697,0.16074149959828432,NCC Limited,Industrials,Engineering & Construction,0,2025,2.79750192385924,Z'' (1995),Safe
2026-03-31,NCC,INR,260060700000.0,222434300000.0,163328800000.0,179769500000.0,34070000000.0,78689500000.0,21294800000.0,1255700000.0,59105500000.0,627846588.0,207669700000.0,14752100000.0,17103300000.0,5230500000.0,9521600000.0,6753200000.0,-4585100000.0,130.94000244140625,82210233765.54858,0.1310078762381244,0.6912597712764751,2.8203995793901155,0.028729411038990734,1.3618804521921424,0.2380081670425842,NCC Limited,Industrials,Engineering & Construction,0,2026,2.5986775581309485,Z'' (1995),Grey
2021-12-31,NESTLEIND,INR,82341300000.0,27621800000.0,27647400000.0,62877500000.0,2664600000.0,19463800000.0,10694900000.0,964200000.0,-25600000.0,1928314320.0,146649000000.0,30590000000.0,34500200000.0,2016800000.0,28573200000.0,21184100000.0,22360000000.0,985.2849731445312,1899939122995.415,0.03236043152099857,0.7636204432040786,15.167592225307418,0.2572718672160872,0.9990740539797593,,Nestlé India Limited,Consumer Defensive,Packaged Foods,0,2021,21.318324752447595,Z (1968),Safe
2022-12-31,NESTLEIND,INR,89787400000.0,34901500000.0,30797500000.0,65195700000.0,2705200000.0,24591700000.0,15144300000.0,964200000.0,4104000000.0,1928314320.0,167895300000.0,34105400000.0,38135500000.0,1545700000.0,32559700000.0,23905200000.0,27374300000.0,980.2999877929688,1890326504357.0068,0.030128949050757678,0.7261119043429256,22.06469560716827,0.2777596066199303,1.1332575696079228,0.09042971145706957,Nestlé India Limited,Consumer Defensive,Packaged Foods,0,2022,20.811188246493256,Z (1968),Safe
2025-03-31,NESTLEIND,INR,121933200000.0,37341600000.0,46853500000.0,81831100000.0,11668500000.0,40102100000.0,39020100000.0,964200000.0,-9511900000.0,1928314320.0,200775000000.0,44521200000.0,49702900000.0,1360000000.0,43161200000.0,32075900000.0,29345300000.0,1125.375,2170076727870.0,0.09569584001732095,0.671114183831803,32.736176470588234,0.3030021641729714,0.7969863510730255,0.3580212813824657,Nestlé India Limited,Consumer Defensive,Packaged Foods,0,2025,19.117309805305723,Z (1968),Safe
2023-03-31,NMDC,INR,299529200000.0,175534800000.0,59065700000.0,73178600000.0,21278700000.0,226208300000.0,18619400000.0,2930700000.0,116469100000.0,8791817550.0,176611000000.0,77218400000.0,80589100000.0,752300000.0,76466100000.0,56014600000.0,18375900000.0,37.18333435058594,326909091510.99927,0.07104048620301459,0.24431207374773478,50.0,0.18700881249641105,2.9718567628928465,,NMDC Limited,Basic Materials,Steel,0,2023,4.674368242012069,Z (1968),Safe
2024-03-31,NMDC,INR,356610300000.0,212802800000.0,84048200000.0,99881200000.0,33587800000.0,256559000000.0,19237900000.0,2930700000.0,128754600000.0,8791817550.0,213012300000.0,80309000000.0,83903200000.0,782400000.0,79526600000.0,55750600000.0,73939400000.0,67.25,591249730237.5,0.09418628682345967,0.28008501156584653,50.0,0.16993520432773823,2.5319138303973197,0.19056940024545188,NMDC Limited,Basic Materials,Steel,0,2024,5.400993011388884,Z (1968),Safe
2025-03-31,NMDC,INR,410068800000.0,233766800000.0,96683600000.0,112997000000.0,42758200000.0,296957700000.0,39984100000.0,8791800000.0,137083200000.0,8791817550.0,239007800000.0,93215700000.0,97419900000.0,1776800000.0,91438900000.0,65419800000.0,18942800000.0,68.88999938964844,605668305653.4004,0.10427079553479807,0.2755561993499627,50.0,0.1706575802053297,2.4178537001104634,0.14990733582288573,NMDC Limited,Basic Materials,Steel,0,2025,5.086678138361872,Z (1968),Safe
2026-03-31,NMDC,INR,483202000000.0,294114400000.0,121060900000.0,142442800000.0,64068100000.0,340623300000.0,73717000000.0,8791800000.0,173053500000.0,8791817550.0,320691000000.0,102706800000.0,107479000000.0,1212000000.0,101494800000.0,74504200000.0,49962500000.0,76.2699966430664,670551895024.9523,0.1325907177536517,0.2947893427593429,50.0,0.16681212460991673,2.429474751963681,0.1783437315884553,NMDC Limited,Basic Materials,Steel,0,2026,4.832969239344774,Z (1968),Safe
2023-03-31,NTPC,INR,4479132500000.0,699068600000.0,887701300000.0,2969596300000.0,2229131600000.0,1470231700000.0,345241100000.0,96966700000.0,-188632700000.0,9696666134.0,1740761500000.0,352161200000.0,500083900000.0,108855300000.0,243305900000.0,169125500000.0,471517800000.0,175.10000610351562,1697886299247.1533,0.49767038595085095,0.6629846962553575,3.2351314083926095,0.037758539181415154,0.787504310289959,,NTPC Limited,Utilities,Utilities - Regulated Electric,0,2023,1.0232011956630997,Z'' (1995),Distress
2024-03-31,NTPC,INR,4801965700000.0,831540600000.0,1010553400000.0,3150742900000.0,2371309800000.0,1607092700000.0,498305100000.0,96966700000.0,-179012800000.0,9696666134.0,1767196100000.0,393947600000.0,555983900000.0,122533100000.0,271414500000.0,208118900000.0,400991900000.0,335.79998779296875,3256140369429.6934,0.49382064515787777,0.6561360694433949,3.2150300612650784,0.04484790388275388,0.8228566644771073,0.07207493861813652,NTPC Limited,Utilities,Utilities - Regulated Electric,0,2024,1.1806151250422574,Z'' (1995),Grey
2025-03-31,NTPC,INR,5243997000000.0,933292800000.0,1036616700000.0,3332770200000.0,2500961500000.0,1840711600000.0,590906900000.0,96966700000.0,-103323900000.0,9696666134.0,1862462500000.0,411054300000.0,604434000000.0,126090200000.0,284964100000.0,234224600000.0,504878400000.0,357.6000061035156,3467527868702.1533,0.4769189417919194,0.6355400660984359,3.260001966845956,0.04663059320337711,0.9003258388563488,0.0920521568906667,NTPC Limited,Utilities,Utilities - Regulated Electric,0,2025,1.3447655471977233,Z'' (1995),Grey
2026-03-31,NTPC,INR,5586435600000.0,945053500000.0,1171225400000.0,3474905000000.0,2710045800000.0,2031756700000.0,215839500000.0,96966700000.0,-226171900000.0,9696666134.0,1840152700000.0,395043500000.0,611833300000.0,123707900000.0,271335600000.0,270525200000.0,509018100000.0,370.6499938964844,3594069243383.3467,0.4851117947193377,0.6220254288799105,3.193357093605178,0.04995649019596872,0.80689293452823,0.06530106710587358,NTPC Limited,Utilities,Utilities - Regulated Electric,0,2026,0.9494991005520143,Z'' (1995),Distress
2023-03-31,ONGC,INR,6427737320000.0,1167652310000.0,1345326560000.0,3431803030000.0,1767440370000.0,2845453780000.0,293408840000.0,62901390000.0,-177674250000.0,12580279206.0,6295101440000.0,517811800000.0,776688670000.0,70351520000.0,447460280000.0,367093340000.0,860621010000.0,151.0500030517578,1900251212458.2651,0.2749708461950651,0.5339053012203678,7.360349854558935,0.05711081858584725,0.8679322513338323,,Oil and Natural Gas Corporation Limited,Energy,Oil & Gas Integrated,0,2023,1.6081764963863656,Z (1968),Distress
2024-03-31,ONGC,INR,7419979230000.0,1402207460000.0,1693474780000.0,3823736690000.0,1911952270000.0,3390688760000.0,380692340000.0,62901390000.0,-291267320000.0,12580279206.0,5986442330000.0,853716360000.0,1168865640000.0,117424210000.0,736292150000.0,491439260000.0,988466050000.0,268.04998779296875,3372143687600.4385,0.25767622937133206,0.5153298373855422,7.270360686267338,0.07097766021214523,0.8280061070646709,0.15436877093788892,Oil and Natural Gas Corporation Limited,Energy,Oil & Gas Integrated,0,2024,1.7403487161549964,Z (1968),Distress
2025-03-31,ONGC,INR,7587231020000.0,1347965420000.0,1979052880000.0,3844879850000.0,2188805840000.0,3434404760000.0,298799530000.0,62901390000.0,-631087460000.0,12580279206.0,6089529140000.0,646890410000.0,993818390000.0,122911600000.0,523978810000.0,362256230000.0,908556050000.0,246.3800048828125,3099529252201.425,0.2884854611953018,0.5067566599547143,5.26305417877564,0.048277624417236376,0.6811164237309313,0.022540735602571305,Oil and Natural Gas Corporation Limited,Energy,Oil & Gas Integrated,0,2025,1.5229699989588372,Z (1968),Distress
2026-03-31,ONGC,INR,7919051800000.0,1419393850000.0,1688712300000.0,3822119100000.0,1742991330000.0,3717677950000.0,420037470000.0,62901390000.0,-269318450000.0,12580279206.0,6052764580000.0,783458970000.0,1156084410000.0,107229490000.0,676229480000.0,414243820000.0,1127193410000.0,284.6499938964844,3580976399203.969,0.22010101386128073,0.4826485792150015,7.3063759792198955,0.05342915833647874,0.8405184530248284,0.04373410788801846,Oil and Natural Gas Corporation Limited,Energy,Oil & Gas Integrated,0,2026,1.6864021926725314,Z (1968),Distress
2023-03-31,PAGEIND,INR,26928100000.0,19615930000.0,11935990000.0,13217620000.0,4063960000.0,13710480000.0,12447030000.0,111540000.0,7679940000.0,11153874.0,46783390000.0,7993850000.0,8774730000.0,412820000.0,7581030000.0,5712490000.0,-16080000.0,37903.30078125,422768641098.16406,0.1509189285541869,0.4908485931053435,19.364008526718667,0.2121386209944259,1.6434271476433877,,Page Industries Limited,Consumer Cyclical,Apparel Manufacturing,0,2023,22.897485495060167,Z (1968),Safe
2024-03-31,PAGEIND,INR,26825810000.0,18755130000.0,9381890000.0,10856530000.0,1848500000.0,15969280000.0,14705830000.0,111540000.0,9373240000.0,11153874.0,45470940000.0,8013930000.0,8922210000.0,448930000.0,7565000000.0,5691930000.0,10804660000.0,34450.94921875,384261546766.336,0.06890751854277653,0.4047046482473409,17.851179471187045,0.2117773386159258,1.999078010933831,-0.003798634140544599,Page Industries Limited,Consumer Cyclical,Apparel Manufacturing,0,2024,25.104359573134087,Z (1968),Safe
2025-03-31,PAGEIND,INR,26430110000.0,17423770000.0,10104980000.0,12358150000.0,2618130000.0,14071960000.0,12808510000.0,111540000.0,7318790000.0,11153874.0,49130560000.0,10249570000.0,11241840000.0,463780000.0,9785790000.0,7291420000.0,12035910000.0,42693.75,476200708087.5,0.09905861156082968,0.46757845502723977,22.10006899823192,0.273825708015184,1.724275555221287,-0.014750719549568081,Page Industries Limited,Consumer Cyclical,Apparel Manufacturing,0,2025,27.269381000249687,Z (1968),Safe
2026-03-31,PAGEIND,INR,28563870000.0,19106540000.0,11078240000.0,13537880000.0,2768120000.0,15025990000.0,13762540000.0,111540000.0,8028300000.0,11153874.0,52272560000.0,10749230000.0,11815530000.0,495850000.0,10253380000.0,7638230000.0,7944040000.0,31775.0,354414346350.0,0.09690983749750996,0.4739511837856705,21.67839064233135,0.2777842229276732,1.7246909256343967,0.08073216494369495,Page Industries Limited,Consumer Cyclical,Apparel Manufacturing,0,2026,19.791383226749435,Z (1968),Safe
2023-03-31,PATELENG,INR,87570900000.0,55244130000.0,38232310000.0,57813140000.0,17578610000.0,28879560000.0,6088520000.0,773620000.0,17011820000.0,800717723.0,36547560000.0,5191770000.0,6000760000.0,3366100000.0,1825670000.0,1834890000.0,7023190000.0,14.949999809265137,11970729806.125214,0.20073574669210892,0.6601866601804938,1.5423695077389263,0.02095319335532694,1.4449592504350377,,Patel Engineering Limited,Industrials,Engineering & Construction,0,2023,2.4239396077333453,Z'' (1995),Grey
2024-03-31,PATELENG,INR,89961240000.0,59144110000.0,40165550000.0,58343950000.0,19099090000.0,31536190000.0,8950900000.0,773620000.0,18978560000.0,762324039.0,42219460000.0,6983900000.0,7960040000.0,2932780000.0,4051120000.0,2902370000.0,6878250000.0,56.900001525878906,43376238982.31417,0.2123035431703698,0.6485454180044651,2.381324204338546,0.03269684013272189,1.472508405835349,0.027296053826099786,Patel Engineering Limited,Industrials,Engineering & Construction,0,2024,2.797520674418439,Z'' (1995),Safe
2025-03-31,PATELENG,INR,95795260000.0,56303510000.0,41522500000.0,58026720000.0,16643460000.0,37846730000.0,11593970000.0,844380000.0,14781010000.0,835561674.0,45065170000.0,5852330000.0,6850190000.0,2595620000.0,3256710000.0,2478520000.0,2789870000.0,39.08000183105469,32653751749.87912,0.17373991155721066,0.6057368600492342,2.254694446798838,0.02668568798400056,1.355975916671684,0.06485037333856236,Patel Engineering Limited,Industrials,Engineering & Construction,0,2025,2.5021272430330592,Z'' (1995),Grey
2026-03-31,PATELENG,INR,95218250000.0,54313880000.0,37471840000.0,50797760000.0,12160890000.0,44399720000.0,14346980000.0,992140000.0,16842040000.0,955047697.0,46779850000.0,5202130000.0,6238790000.0,2325810000.0,2876320000.0,2691650000.0,5601020000.0,22.200000762939453,21202059602.043568,0.12771595781270922,0.5334876454881285,2.2366960327799776,0.028182823298728975,1.4494585800964137,-0.006023366918154416,Patel Engineering Limited,Industrials,Engineering & Construction,0,2026,2.936410987431555,Z'' (1995),Safe
2023-03-31,PERSISTENT,INR,66730800000.0,34466110000.0,20128770000.0,27080020000.0,6575540000.0,39650780000.0,16607360000.0,764250000.0,14337340000.0,149689904.0,83505920000.0,12881920000.0,15600870000.0,473400000.0,12408520000.0,9210930000.0,9557620000.0,2304.75,344997806244.0,0.0985383061494842,0.40580991086574714,27.211491339247992,0.13803116402021257,1.7122809789172413,,Persistent Systems Limited,Technology,Information Technology Services,0,2023,5.055425698299933,Z'' (1995),Safe
2024-03-31,PERSISTENT,INR,74176340000.0,41568850000.0,22178710000.0,24599270000.0,4511290000.0,49577070000.0,19346090000.0,770250000.0,19390140000.0,152328462.0,98215870000.0,14943330000.0,18037060000.0,467270000.0,14476060000.0,10934910000.0,13021090000.0,3984.550048828125,606960380700.0132,0.06081844965658861,0.3316322967674059,31.98007575919704,0.15520732306396964,1.8742681607722,0.11157576411492154,Persistent Systems Limited,Technology,Information Technology Services,0,2024,6.035018024655746,Z'' (1995),Safe
2025-03-31,PERSISTENT,INR,87366020000.0,50259530000.0,21327730000.0,24175370000.0,3108970000.0,63190650000.0,28833470000.0,779250000.0,28931800000.0,154560437.0,119387170000.0,18894370000.0,21963470000.0,671290000.0,18223080000.0,14001610000.0,11569160000.0,5513.75,852207609508.75,0.03558557434572389,0.27671364679311244,28.146359993445454,0.17334908317545936,2.356534427245656,0.17781519012666314,Persistent Systems Limited,Technology,Information Technology Services,0,2025,7.4461341719862535,Z'' (1995),Safe
2026-03-31,PERSISTENT,INR,113765440000.0,70972830000.0,29242560000.0,35386890000.0,4774480000.0,78378550000.0,41826660000.0,788750000.0,41730270000.0,156231044.0,147484490000.0,24838940000.0,28868440000.0,726820000.0,24112120000.0,18651200000.0,17671300000.0,4877.2001953125,761970078310.6758,0.04196775400332473,0.31105131751786835,34.17481632316117,0.1854627814067476,2.4270388775811695,0.3021703403680287,Persistent Systems Limited,Technology,Information Technology Services,0,2026,7.397691391696282,Z'' (1995),Safe
2023-03-31,PIDILITIND,INR,105250200000.0,45615200000.0,24106200000.0,30791000000.0,3906100000.0,72122800000.0,57079200000.0,508300000.0,21509000000.0,1016628480.0,117516200000.0,17708800000.0,20406200000.0,476400000.0,17232400000.0,12732500000.0,15575700000.0,1176.5,1196063406720.0,0.03711251855103363,0.2925505129681464,37.172124265323255,0.12097364185531238,1.8922600824684106,,Pidilite Industries Limited,Basic Materials,Specialty Chemicals,0,2023,25.98300709523197,Z (1968),Safe
2024-03-31,PIDILITIND,INR,121039500000.0,58364100000.0,27975800000.0,34869400000.0,3824700000.0,84071600000.0,68158500000.0,508600000.0,30388300000.0,1017218680.0,123370700000.0,24305400000.0,27508400000.0,511900000.0,23793500000.0,17293800000.0,27240300000.0,1507.3499755859375,1533304552463.5596,0.03159877560631034,0.2880828159402509,47.480757960539165,0.15284655024068705,2.086235246177053,0.15001681707018144,Pidilite Industries Limited,Basic Materials,Specialty Chemicals,0,2024,29.1552143392722,Z (1968),Safe
2025-03-31,PIDILITIND,INR,140114700000.0,74619900000.0,32898500000.0,40537100000.0,4541400000.0,97544600000.0,80718200000.0,508600000.0,41721400000.0,1017297510.0,130927600000.0,28730500000.0,32235000000.0,503500000.0,28227000000.0,20762400000.0,22866300000.0,1424.6500244140625,1449292922457.865,0.032412016726296386,0.289313683717697,50.0,0.15900490974297943,2.268185479581136,0.1575948347440299,Pidilite Industries Limited,Basic Materials,Specialty Chemicals,0,2025,24.226292362944648,Z (1968),Safe
2026-03-31,PIDILITIND,INR,154328900000.0,85318800000.0,35853700000.0,43842400000.0,4172100000.0,108321700000.0,89695800000.0,1017800000.0,49465100000.0,1017766288.0,145512600000.0,33743900000.0,37633800000.0,542200000.0,33201700000.0,24489200000.0,28284500000.0,1285.0,1307829680080.0,0.02703382192188242,0.2840841864355931,50.0,0.1663422129059691,2.3796372480385566,0.10144688601552865,Pidilite Industries Limited,Basic Materials,Specialty Chemicals,0,2026,20.760864351194986,Z (1968),Safe
2023-03-31,POWERGRID,INR,2522730600000.0,253940200000.0,309710900000.0,1692467700000.0,1285838100000.0,830262900000.0,40434800000.0,69754500000.0,-55770700000.0,9300603818.0,440052200000.0,259167200000.0,392501000000.0,84636700000.0,174530500000.0,154197400000.0,402028700000.0,169.27499389648438,1574359654525.569,0.5097009169350069,0.6708872124514603,3.062113716626475,0.06112321307713158,0.8199265831457659,,Power Grid Corporation of India Limited,Utilities,Utilities - Regulated Electric,0,2023,1.1126843286003725,Z'' (1995),Grey
2024-03-31,POWERGRID,INR,2508905200000.0,266746500000.0,358203200000.0,1637454100000.0,1270037100000.0,871451100000.0,21526600000.0,93006000000.0,-91456700000.0,9300603819.0,442027500000.0,278580900000.0,411255900000.0,89449800000.0,190853400000.0,155731600000.0,372895000000.0,276.8999938964844,2575337140714.719,0.5062116735219808,0.6526568241797259,3.1143825922472717,0.061900982579065046,0.7446792770137174,-0.00548033151062588,Power Grid Corporation of India Limited,Utilities,Utilities - Regulated Electric,0,2024,1.0938167588831167,Z'' (1995),Distress
2025-03-31,POWERGRID,INR,2661071900000.0,294992800000.0,406055300000.0,1734443800000.0,1345177100000.0,926628100000.0,24451100000.0,93006000000.0,-111062500000.0,9300603819.0,440729200000.0,281278700000.0,410410700000.0,91099800000.0,190178900000.0,155214400000.0,362218200000.0,290.3500061035156,2700430375613.031,0.5055019745990328,0.6517838920474114,3.087588556725701,0.06004452128037473,0.7264842990597586,0.060650637576900035,Power Grid Corporation of India Limited,Utilities,Utilities - Regulated Electric,0,2025,1.0274421416073791,Z'' (1995),Distress
2026-03-31,POWERGRID,INR,2947272600000.0,336151500000.0,540888100000.0,1942332300000.0,1515581000000.0,1004940300000.0,41073200000.0,93006000000.0,-204736600000.0,9300603819.0,447654300000.0,268420800000.0,398827300000.0,95210500000.0,173210300000.0,159279500000.0,409305800000.0,296.1000061035156,2753908847572.281,0.5142317001827384,0.659027027225103,2.8192352734204738,0.056800897305791395,0.6214806722499534,0.10755090833885395,Power Grid Corporation of India Limited,Utilities,Utilities - Regulated Electric,0,2026,0.7450085741676951,Z'' (1995),Distress
2023-03-31,RCOM,INR,367680000000.0,324750000000.0,1108690000000.0,1116640000000.0,472610000000.0,-748910000000.0,-921280000000.0,13830000000.0,-783940000000.0,2744254050.0,4790000000.0,-2330000000.0,-960000000.0,470000000.0,-2800000000.0,-144990000000.0,-640000000.0,1.25,3430317562.5,1.2853840295909487,3.036988685813751,-4.957446808510638,-0.3943374673629243,0.29291325798915835,,Reliance Communications Limited,Communication Services,Telecom Services,1,2023,-22.90198774794793,Z'' (1995),Distress
2024-03-31,RCOM,INR,365540000000.0,323760000000.0,1179040000000.0,1186900000000.0,472320000000.0,-821300000000.0,-993400000000.0,13830000000.0,-855280000000.0,2744254050.0,3830000000.0,-400000000.0,880000000.0,470000000.0,-870000000.0,-72120000000.0,-400000000.0,1.7000000476837158,4665232015.85623,1.2921157739235105,3.2469770750123104,-0.851063829787234,-0.19672131147540983,0.2745962817207219,-0.005820278503046117,Reliance Communications Limited,Communication Services,Telecom Services,1,2024,-24.94227419832524,Z'' (1995),Distress
2025-03-31,RCOM,INR,364250000000.0,323970000000.0,1271530000000.0,1279200000000.0,472160000000.0,-914900000000.0,-1087290000000.0,13830000000.0,-947560000000.0,2744254050.0,3580000000.0,-1360000000.0,-190000000.0,460000000.0,-1820000000.0,-93890000000.0,280000000.0,1.409999966621399,3869398118.900639,1.2962525737817434,3.511873713109128,-2.9565217391304346,-0.2573068965044739,0.25478753942101245,-0.00352902555123924,Reliance Communications Limited,Communication Services,Telecom Services,1,2025,-27.572382186983713,Z'' (1995),Distress
2026-03-31,RCOM,INR,363360000000.0,323820000000.0,1381630000000.0,1389060000000.0,472120000000.0,-1025650000000.0,-1039480000000.0,13830000000.0,-1057810000000.0,2744254050.0,3140000000.0,-4460000000.0,-3350000000.0,440000000.0,-4900000000.0,-111250000000.0,-140000000.0,0.7599999904632568,2085633051.828754,1.2993174812857773,3.8228203434610304,-10.136363636363637,-0.3057956872500378,0.23437533927317733,-0.00244337680164719,Reliance Communications Limited,Communication Services,Telecom Services,1,2026,-29.281211779628173,Z'' (1995),Distress
2023-03-31,RELIANCE,INR,16074310000000.0,4252960000000.0,3957430000000.0,7785500000000.0,3343920000000.0,7158720000000.0,2957390000000.0,67660000000.0,295530000000.0,13532188028.0,8778350000000.0,1130040000000.0,1533070000000.0,189580000000.0,940460000000.0,667020000000.0,1150320000000.0,1075.7791748046875,14557646070063.71,0.20802883607445669,0.484344273564464,5.960755353940289,0.04149602689011223,1.0746772526614494,,Reliance Industries Limited,Energy,Oil & Gas Refining & Marketing,0,2023,2.1796459722463783,Z (1968),Grey
2024-03-31,RELIANCE,INR,17559860000000.0,4701000000000.0,3973670000000.0,8301980000000.0,3461420000000.0,7934810000000.0,3397870000000.0,67660000000.0,727330000000.0,13532218028.0,9010640000000.0,1261120000000.0,1769440000000.0,217720000000.0,1043400000000.0,696210000000.0,1587880000000.0,1485.8499755859375,20106845826527.383,0.19712116155823567,0.47278167365799045,5.792393900422561,0.041398970154458994,1.1830373433123536,0.09241765276394442,Reliance Industries Limited,Energy,Oil & Gas Refining & Marketing,0,2024,2.5239062779343016,Z (1968),Grey
2025-03-31,RELIANCE,INR,19501210000000.0,4992700000000.0,4537370000000.0,9404930000000.0,3695750000000.0,8432000000000.0,3919430000000.0,135320000000.0,455330000000.0,13532871488.0,9646930000000.0,1281380000000.0,1812740000000.0,221210000000.0,1060170000000.0,696480000000.0,1787030000000.0,1275.0999755859375,17255764103956.43,0.18951388144633077,0.48227417683312984,5.792595271461507,0.037585531124708485,1.1003510844387827,0.11055612060688413,Reliance Industries Limited,Energy,Oil & Gas Refining & Marketing,0,2025,2.1217696033279503,Z (1968),Grey
2026-03-31,RELIANCE,INR,21781400000000.0,5942490000000.0,5412540000000.0,10922740000000.0,3980000000000.0,9040300000000.0,4636440000000.0,135320000000.0,529950000000.0,13532472634.0,10572190000000.0,1472180000000.0,2049060000000.0,240560000000.0,1231620000000.0,807750000000.0,1921130000000.0,1343.9000244140625,18186290303215.234,0.18272471007373264,0.5014709798268248,6.119803791153974,0.039132700185380724,1.097911516589254,0.11692556513159946,Reliance Industries Limited,Energy,Oil & Gas Refining & Marketing,0,2026,2.03462002885869,Z (1968),Grey
2023-03-31,RELINFRA,INR,609930600000.0,132174800000.0,355621800000.0,470398500000.0,115097300000.0,92936500000.0,-75524200000.0,3518300000.0,-223447000000.0,351340000.0,205629300000.0,-2929600000.0,11555400000.0,21727100000.0,-24656700000.0,-32211800000.0,34582900000.0,144.25,50680795000.0,0.1887055674858746,0.7712328255050657,-0.13483621836324222,-0.05281223798248522,0.371672377790113,,Reliance Infrastructure Limited,Utilities,Utilities - Independent Power Producers,1,2023,-2.63174058680586,Z'' (1995),Distress
2024-03-31,RELINFRA,INR,591808900000.0,135669600000.0,341691100000.0,453227700000.0,98952900000.0,87472300000.0,-91664500000.0,3961700000.0,-206021500000.0,395681194.0,217033000000.0,15288100000.0,30315600000.0,21333800000.0,-6045700000.0,-16086600000.0,40974700000.0,270.95001220703125,107209824344.3927,0.16720414309416434,0.765834545577128,0.7166140115684969,-0.026772191477437497,0.3970533619400681,-0.02971108516280374,Reliance Infrastructure Limited,Utilities,Utilities - Independent Power Producers,1,2024,-2.4123700915152733,Z'' (1995),Distress
2025-03-31,RELINFRA,INR,658408700000.0,78404100000.0,317529700000.0,420280400000.0,63610200000.0,144302000000.0,-95766600000.0,3961700000.0,-239125600000.0,395681194.0,232772700000.0,101046600000.0,115258900000.0,16207800000.0,84838800000.0,49375200000.0,36566700000.0,258.6400146484375,102338989812.27124,0.09661202836475277,0.6383275312127559,6.2344426757487135,0.07898657001789129,0.24691894962896385,0.1125359892357145,Reliance Infrastructure Limited,Utilities,Utilities - Independent Power Producers,0,2025,-1.4648411227472737,Z'' (1995),Distress
2026-03-31,RELINFRA,INR,711602400000.0,66694400000.0,320810400000.0,420721400000.0,49367200000.0,178725200000.0,46644600000.0,4086700000.0,-254116000000.0,408181194.0,201265600000.0,58905400000.0,73564000000.0,15943100000.0,42962300000.0,29002300000.0,25502200000.0,66.97000122070312,27335895060.44806,0.06937469575706884,0.5912310020314715,3.694726872440115,0.04233878105075207,0.20789350968671838,0.08079130789128386,Reliance Infrastructure Limited,Utilities,Utilities - Independent Power Producers,0,2026,-1.1265943719481966,Z'' (1995),Distress
2023-03-31,RPOWER,INR,485354200000.0,50238500000.0,183738100000.0,352482900000.0,212360300000.0,115953800000.0,-16119000000.0,37352100000.0,-133499600000.0,3735205966.0,70326000000.0,15748600000.0,28026100000.0,18538400000.0,-2789800000.0,-4707700000.0,40237400000.0,9.949999809265137,37165298649.266,0.43753675151054633,0.7262384872738301,0.8495123635265179,-0.009699514292860761,0.27342451021317843,,Reliance Power Limited,Utilities,Utilities - Independent Power Producers,1,2023,-1.3491755468952422,Z'' (1995),Distress
2024-03-31,RPOWER,INR,437580100000.0,47613400000.0,178919400000.0,321441500000.0,187658300000.0,116138600000.0,-23341500000.0,40169800000.0,-131306000000.0,4016970966.0,74264500000.0,300000.0,12567800000.0,20281800000.0,-20281500000.0,-20683800000.0,31739700000.0,28.25,113479429789.5,0.42885473996646556,0.7345889358314055,1.4791586545572879e-05,-0.04482182534553109,0.26611647479256023,-0.09843141359444296,Reliance Power Limited,Utilities,Utilities - Independent Power Producers,1,2024,-1.7629995203980289,Z'' (1995),Distress
2025-03-31,RPOWER,INR,412829200000.0,42820400000.0,96520000000.0,249457400000.0,151530800000.0,163371800000.0,6052300000.0,40169800000.0,-53699600000.0,4016970966.0,71532100000.0,47487500000.0,58447700000.0,17014600000.0,30472900000.0,29478300000.0,19379200000.0,42.97999954223633,172649410279.85663,0.3670544622328072,0.604262973646244,2.7909853890188425,0.06932732273741597,0.44364276833816824,-0.056563129813261614,Reliance Power Limited,Utilities,Utilities - Independent Power Producers,0,2025,0.6551396824661417,Z'' (1995),Distress
2026-03-31,RPOWER,INR,412925900000.0,47109000000.0,101806500000.0,252531700000.0,148120300000.0,160394200000.0,2683400000.0,41357800000.0,-54697500000.0,4135770966.0,72042300000.0,13944000000.0,24042700000.0,15392900000.0,-1448900000.0,-3368900000.0,28243600000.0,20.36000061035156,84204299392.03427,0.35870915338563164,0.611566627329504,0.9058721878268552,-0.00815956207839346,0.46273076866408336,0.0002342373068571213,Reliance Power Limited,Utilities,Utilities - Independent Power Producers,0,2026,0.04605449983071619,Z'' (1995),Distress
2023-03-31,SAIL,INR,1304810900000.0,379906400000.0,493342800000.0,757344100000.0,307734300000.0,547466700000.0,438634800000.0,41305300000.0,-113436400000.0,4130525289.0,1037490400000.0,47801700000.0,97437100000.0,18877300000.0,28924400000.0,21765300000.0,-52901500000.0,82.69999694824219,341594428794.9372,0.23584589920271207,0.5804244124570082,2.5322318340016845,0.01668080792396814,0.7700657636029147,,Steel Authority of India Limited,Basic Materials,Steel,0,2023,1.552957755458399,Z (1968),Distress
2024-03-31,SAIL,INR,1407085800000.0,481375500000.0,534644200000.0,836073500000.0,363226500000.0,571012200000.0,463793000000.0,41305300000.0,-53268700000.0,4130525289.0,1045677400000.0,64759900000.0,117543600000.0,24141800000.0,40618100000.0,30666700000.0,29108800000.0,134.25,554523020048.25,0.2581409747721141,0.5941880018972546,2.6824801796054976,0.022616421930820595,0.9003660752328371,0.07838292889797294,Steel Authority of India Limited,Basic Materials,Steel,0,2024,1.709007274887906,Z (1968),Distress
2025-03-31,SAIL,INR,1363709400000.0,418884800000.0,460601700000.0,774653400000.0,369339400000.0,589056100000.0,481957400000.0,41305300000.0,-41716900000.0,4130525289.0,1017402600000.0,60109800000.0,116616600000.0,27594500000.0,32515300000.0,23718200000.0,99143000000.0,115.18000030517578,475753904047.5563,0.2708343874435419,0.5680487353097368,2.178325390929352,0.017120139373707592,0.9094295570337669,-0.030827118005170684,Steel Authority of India Limited,Basic Materials,Steel,0,2025,1.718077798982922,Z (1968),Distress
2026-03-31,SAIL,INR,1358961100000.0,359197300000.0,436204900000.0,755402200000.0,319277100000.0,603558800000.0,494313100000.0,41305300000.0,-77007600000.0,4130525289.0,1099870200000.0,66257600000.0,126134400000.0,21202500000.0,45055100000.0,33728000000.0,190393000000.0,151.4199981689453,625444131697.1624,0.23494204506663216,0.5558674196045789,3.1249899775969814,0.024775675205648277,0.823460029907963,-0.003481900176093289,Steel Authority of India Limited,Basic Materials,Steel,0,2026,1.9082593246340962,Z (1968),Grey
2023-03-31,SHREECEM,INR,263339400000.0,89679300000.0,67321200000.0,76569800000.0,27246700000.0,186364000000.0,87163600000.0,360800000.0,22358100000.0,36080748.0,174410400000.0,17546200000.0,34152900000.0,2595800000.0,14950400000.0,12707000000.0,25687400000.0,26186.94921875,944844715650.5156,0.10346609736332657,0.2907646937754092,6.759457585330149,0.04825331872101175,1.3321108358139784,,Shree Cement Limited,Basic Materials,Building Materials,0,2023,8.851245252769186,Z (1968),Safe
2024-03-31,SHREECEM,INR,279534700000.0,122122100000.0,61278300000.0,72094300000.0,16555500000.0,207029200000.0,107316400000.0,360800000.0,60843800000.0,36080748.0,200916600000.0,32141400000.0,51114600000.0,2549400000.0,29592000000.0,23957000000.0,33474900000.0,25682.849609375,926656424677.7578,0.059225205314402826,0.2579082310711336,12.607437044010355,0.08825987461917965,1.9929093985962405,0.0614997224114584,Shree Cement Limited,Basic Materials,Building Materials,0,2024,9.608898210891033,Z (1968),Safe
2025-03-31,SHREECEM,INR,284917600000.0,121023500000.0,57561300000.0,69132400000.0,10461300000.0,215377500000.0,114765600000.0,360800000.0,63462200000.0,36080748.0,189764500000.0,15126800000.0,45194600000.0,2011700000.0,13115100000.0,11227700000.0,49203300000.0,30502.94921875,1100569224018.5156,0.03671693149177166,0.24263997731273884,7.51941144305811,0.03978263530859915,2.1025150578600553,0.01925664327183707,Shree Cement Limited,Basic Materials,Building Materials,0,2025,11.224285129247873,Z (1968),Safe
2026-03-31,SHREECEM,INR,314756900000.0,151024900000.0,69892800000.0,81615800000.0,18681400000.0,232675300000.0,127295600000.0,360800000.0,81132100000.0,36080748.0,205878300000.0,24995200000.0,52934800000.0,2065100000.0,22930100000.0,17435600000.0,37940700000.0,23020.0,830578818960.0,0.05935183629016552,0.25929788989534464,12.103626943005182,0.0581502131573045,2.1608076940686307,0.10472957795517024,Shree Cement Limited,Basic Materials,Building Materials,0,2026,7.897666876272866,Z (1968),Safe
2022-09-30,SIEMENS,INR,201090000000.0,152850000000.0,79953000000.0,84912000000.0,1821000000.0,116102000000.0,81632000000.0,712000000.0,72897000000.0,356120255.0,158738000000.0,17475000000.0,20646000000.0,358000000.0,17117000000.0,15429000000.0,9785000000.0,1626.4581298828125,579214683960.6903,0.00905564672534686,0.42225869013874384,48.812849162011176,0.07672683872892734,1.9117481520393231,,Siemens Limited,Industrials,Specialty Industrial Machinery,0,2022,6.172311727177021,Z (1968),Safe
2023-09-30,SIEMENS,INR,217696000000.0,168653000000.0,76596000000.0,86739000000.0,1752000000.0,130871000000.0,96562000000.0,712000000.0,92057000000.0,356120255.0,192792000000.0,26625000000.0,29828000000.0,228000000.0,26397000000.0,19609000000.0,14000000000.0,2155.755615234375,767708239414.9475,0.008047920035278553,0.398440945171248,50.0,0.09364687453735321,2.2018512716068726,0.08257993933064789,Siemens Limited,Industrials,Specialty Industrial Machinery,0,2023,7.728107056454012,Z (1968),Safe
2024-09-30,SIEMENS,INR,252795000000.0,200283000000.0,87833000000.0,99134000000.0,2794000000.0,153567000000.0,119414000000.0,712000000.0,112450000000.0,356120505.0,149378000000.0,26623000000.0,29919000000.0,431000000.0,26192000000.0,27166000000.0,16547000000.0,4255.74609375,1515558448058.027,0.011052433790225281,0.3921517435075852,50.0,0.1154793609229507,2.280270513360582,0.16122942084374547,Siemens Limited,Industrials,Specialty Industrial Machinery,0,2024,11.306347814339526,Z (1968),Safe
2025-09-30,SIEMENS,INR,199892000000.0,153447000000.0,60322000000.0,67511000000.0,1453000000.0,132276000000.0,131564000000.0,712000000.0,93125000000.0,356120505.0,173642000000.0,22970000000.0,25920000000.0,151000000.0,22819000000.0,21042000000.0,3747000000.0,3129.199951171875,1114372266857.3037,0.007268925219618594,0.3377373781842195,50.0,0.0929648962749096,2.543798282550313,-0.20927233529144174,Siemens Limited,Industrials,Specialty Industrial Machinery,0,2025,12.632303617864869,Z (1968),Safe
2023-03-31,SIMPLEXINF,INR,103730500000.0,88261000000.0,99887600000.0,100709700000.0,59844800000.0,3007200000.0,-10712300000.0,114700000.0,-11626600000.0,57142820.0,18618300000.0,-130300000.0,726700000.0,8115300000.0,-8245600000.0,-4708900000.0,-4316200000.0,33.79999923706055,1931427272.403488,0.5769257836412627,0.9708783819609469,-0.016056091580101784,-0.04539552012185423,0.8836031699630384,,Simplex Infrastructures Limited,Industrials,Engineering & Construction,1,2023,-1.049025490037798,Z'' (1995),Distress
2024-03-31,SIMPLEXINF,INR,104137200000.0,88439700000.0,100683700000.0,101804000000.0,71800900000.0,2319600000.0,-11452900000.0,114700000.0,-12244000000.0,57142820.0,13770400000.0,-360000000.0,336600000.0,674000000.0,-1034000000.0,-722700000.0,-826900000.0,102.5500030517578,5859996365.386047,0.6894836811437219,0.9775949420572091,-0.5341246290801187,-0.006953461264063633,0.8783914377401705,0.003920736909587719,Simplex Infrastructures Limited,Industrials,Engineering & Construction,1,2024,-1.129134392316357,Z'' (1995),Distress
2025-03-31,SIMPLEXINF,INR,43388900000.0,33829100000.0,20680000000.0,38133100000.0,21746300000.0,5238000000.0,-11352300000.0,134900000.0,13149100000.0,67226847.0,10709600000.0,287500000.0,835800000.0,70200000.0,217300000.0,115800000.0,2078700000.0,322.04998779296875,21650405255.709778,0.5011950060960292,0.8788676366536142,4.095441595441596,0.0015698917005194336,1.6358365570599613,-0.5833486976795996,Simplex Infrastructures Limited,Industrials,Engineering & Construction,1,2025,1.3238302176957903,Z'' (1995),Grey
2026-03-31,SIMPLEXINF,INR,38808500000.0,28976300000.0,12676100000.0,29027600000.0,16416700000.0,9754300000.0,-10959000000.0,158600000.0,16300200000.0,79095346.0,10161300000.0,586300000.0,878600000.0,67400000.0,518900000.0,400100000.0,743700000.0,140.3000030517578,11097077285.17984,0.4230181532396253,0.747970161176031,8.698813056379821,0.009735101110254095,2.2859002374547375,-0.10556617014950831,Simplex Infrastructures Limited,Industrials,Engineering & Construction,1,2026,2.2890858358250656,Z'' (1995),Grey
2023-03-31,SRF,INR,187545200000.0,57749500000.0,49166000000.0,84274700000.0,44775300000.0,103270500000.0,87269700000.0,2974400000.0,8583500000.0,296424825.0,145918200000.0,29829600000.0,35582800000.0,1589700000.0,28239900000.0,21623400000.0,29017100000.0,2411.85009765625,714932243123.9868,0.238744046768459,0.44935674173479245,18.764295150028307,0.11529700573515078,1.1745820282308912,,SRF Limited,Industrials,Conglomerates,0,2023,7.099308469896525,Z (1968),Safe
2024-03-31,SRF,INR,204819400000.0,56492900000.0,54807700000.0,90029200000.0,50305400000.0,114790200000.0,98445200000.0,2974400000.0,1685200000.0,296424825.0,129103500000.0,19675400000.0,26401600000.0,2753200000.0,16922200000.0,13357100000.0,20938600000.0,2560.25,758921658206.25,0.24560857028191665,0.4395540656793253,7.1463751271248,0.06808514325706244,1.0307475044564907,0.09210686277228097,SRF Limited,Industrials,Conglomerates,0,2024,6.687945210398196,Z (1968),Safe
2025-03-31,SRF,INR,215571200000.0,61295500000.0,54299300000.0,89309200000.0,47260300000.0,126262000000.0,108812100000.0,2974400000.0,6996200000.0,296424825.0,143581500000.0,20508500000.0,28223500000.0,3471500000.0,17037000000.0,12507800000.0,24874900000.0,2939.14990234375,871236995451.0132,0.21923290309651752,0.41429096280022565,5.907676796773729,0.05950561216164205,1.128845123233633,0.0524940508565106,SRF Limited,Industrials,Conglomerates,0,2025,7.578783508353251,Z (1968),Safe
2026-03-31,SRF,INR,241466700000.0,71976100000.0,65228400000.0,101039100000.0,51870400000.0,140427600000.0,124506400000.0,2974400000.0,6747700000.0,296406025.0,154163700000.0,25474700000.0,33995400000.0,2458300000.0,23016400000.0,18351800000.0,25535600000.0,2438.0,722637888950.0,0.21481388531006554,0.4184390642684892,10.362730342106333,0.08030756311456884,1.1034472714339152,0.12012504453285033,SRF Limited,Industrials,Conglomerates,0,2026,6.033242964037253,Z (1968),Safe
2023-03-31,SUNPHARMA,INR,807435900000.0,398833400000.0,199070000000.0,214281200000.0,68858700000.0,559953800000.0,436102500000.0,2399300000.0,199763400000.0,2399334970.0,432788700000.0,95804300000.0,121108600000.0,1720000000.0,94084300000.0,84735800000.0,49593300000.0,983.0999755859376,2358786150429.4863,0.08528070153928008,0.26538478162786666,50.0,0.10494430579566749,2.003483196865424,,Sun Pharmaceutical Industries Limited,Healthcare,Drug Manufacturers - Specialty & Generic,0,2023,8.585334077545706,Z (1968),Safe
2024-03-31,SUNPHARMA,INR,854996500000.0,434749800000.0,169844000000.0,183737100000.0,32736700000.0,636667500000.0,501545500000.0,2399300000.0,264905800000.0,2399334970.0,477584500000.0,113263600000.0,138831500000.0,2384700000.0,110878900000.0,95763800000.0,121349800000.0,1620.550048828125,3888242402788.528,0.03828869474904283,0.21489807268216887,47.49595336939657,0.11520925602749321,2.559700666493959,0.05890325163892274,Sun Pharmaceutical Industries Limited,Healthcare,Drug Manufacturers - Specialty & Generic,0,2024,14.88597990268059,Z (1968),Safe
2025-03-31,SUNPHARMA,INR,921005800000.0,526244700000.0,181942100000.0,196146300000.0,23621900000.0,722180200000.0,578618400000.0,2399300000.0,344302600000.0,2399334970.0,520412500000.0,139834900000.0,165588800000.0,2313600000.0,137521300000.0,109290400000.0,140720900000.0,1734.699951171875,4162126255303.972,0.02564793837346084,0.2129696685949209,50.0,0.12307461538760395,2.892374552124,0.07720417568960802,Sun Pharmaceutical Industries Limited,Healthcare,Drug Manufacturers - Specialty & Generic,0,2025,15.125926079949949,Z (1968),Safe
2026-03-31,SUNPHARMA,INR,1087852200000.0,638911900000.0,226220400000.0,249054800000.0,46273200000.0,835700900000.0,693546300000.0,2399300000.0,412691500000.0,2399334970.0,582201100000.0,154577900000.0,183956400000.0,3389100000.0,151188800000.0,114794200000.0,124191800000.0,1757.199951171875,4216111292128.972,0.04253629307363629,0.22894176249310338,45.61030952170193,0.11428801836665409,2.8242894982061744,0.18115673104338748,Sun Pharmaceutical Industries Limited,Healthcare,Drug Manufacturers - Specialty & Generic,0,2026,12.508953504865215,Z (1968),Safe
2023-03-31,SUPREMEINF,INR,50673571000.0,13237000000.0,87005912000.0,103686858000.0,52843761000.0,-51227816000.0,-56519080000.0,256984000.0,-73768912000.0,25698372.0,966200000.0,-1004929000.0,-771230000.0,11013416000.0,-12018345000.0,-11577927000.0,-178553000.0,24.75,636034707.0,1.0428268613632934,2.046172313374165,-0.09124589500659923,-0.2284805821164646,0.15213908682435281,,Supreme Infrastructure India Limited,Industrials,Engineering & Construction,1,2023,-13.837925638891416,Z'' (1995),Distress
2024-03-31,SUPREMEINF,INR,55660518000.0,10109150000.0,88088672000.0,104789199000.0,44722613000.0,-48705441000.0,-54376546000.0,256984000.0,-77979522000.0,25698372.0,587290000.0,-478122000.0,-405175000.0,11334264000.0,-11812386000.0,-11745858000.0,-140988000.0,66.5,1708941738.0,0.8034889829807189,1.8826486487243974,-0.042183771262077535,-0.22092365882779133,0.11476106712109362,0.09841317478888545,Supreme Infrastructure India Limited,Industrials,Engineering & Construction,1,2024,-12.921015585446158,Z'' (1995),Distress
2025-03-31,SUPREMEINF,INR,26703878000.0,9536441000.0,88410367000.0,89047686000.0,28583548000.0,-62319543000.0,-68638511000.0,256984000.0,-78873926000.0,25698372.0,661656000.0,-410354000.0,-349361000.0,13853180000.0,-14263534000.0,-14263154000.0,118247000.0,106.87000274658205,2746385086.222687,1.070389401868897,3.334634991966335,-0.02962164643785759,-0.3463427085654826,0.1078656420462546,-0.5202366244597292,Supreme Infrastructure India Limited,Industrials,Engineering & Construction,1,2025,-28.59341525651834,Z'' (1995),Distress
2026-03-31,SUPREMEINF,INR,26887021000.0,9716197000.0,23882772000.0,24576795000.0,14602173000.0,2335069000.0,1360041000.0,975028000.0,-14166575000.0,97502760.0,653386000.0,64609139000.0,64658831000.0,6644791000.0,57964348000.0,57964997000.0,-77690000.0,58.16999816894531,5671735370.667114,0.5430937477231115,0.9140765352918793,9.723276322761695,1.0,0.4068286964344005,0.006858292267512667,Supreme Infrastructure India Limited,Industrials,Engineering & Construction,1,2026,12.956314878675752,Z'' (1995),Safe
2023-03-31,SUZLON,INR,55233800000.0,41776500000.0,27007900000.0,44242400000.0,19379200000.0,10991400000.0,-188763000000.0,24544000000.0,14768600000.0,12473087083.0,58542900000.0,32746800000.0,35343600000.0,3829700000.0,28917100000.0,28490100000.0,4910800000.0,7.900000095367432,98537389145.22627,0.3508576270327227,0.8010022848328379,8.550748100373397,0.5158091603329845,1.546825188185679,,Suzlon Energy Limited,Industrials,Specialty Industrial Machinery,0,2023,-0.1109460539904128,Z (1968),Distress
2024-03-31,SUZLON,INR,71790200000.0,52876900000.0,30088500000.0,32587100000.0,1502400000.0,39203100000.0,-182127800000.0,27217200000.0,22788400000.0,13612688222.0,64025700000.0,7651400000.0,9547400000.0,1056500000.0,6594900000.0,6603500000.0,795300000.0,40.400001525878906,549952624940.1138,0.02092764750620558,0.453921287306624,7.242214860388074,0.1039724776420204,1.757379065091314,0.2997512392773989,Suzlon Energy Limited,Industrials,Specialty Industrial Machinery,0,2024,8.198586292646977,Z (1968),Safe
2025-03-31,SUZLON,INR,129595900000.0,92517100000.0,59146400000.0,68538700000.0,7401200000.0,61057200000.0,-161347100000.0,27317900000.0,33370700000.0,13648872068.0,107633700000.0,15523100000.0,18115000000.0,1056800000.0,14466300000.0,20716300000.0,10919600000.0,56.65999984741211,773345089290.2274,0.057109831406703455,0.5288647248871299,14.688777441332324,0.20573713875982502,1.5642050910959924,0.8052032171522019,Suzlon Energy Limited,Industrials,Specialty Industrial Machinery,0,2025,6.561806169725331,Z (1968),Safe
2026-03-31,SUZLON,INR,188688600000.0,135007600000.0,81869100000.0,94053400000.0,9810900000.0,94635200000.0,66578500000.0,27449900000.0,53138500000.0,13714828318.0,165466500000.0,26450100000.0,29634600000.0,2232900000.0,24217200000.0,31633900000.0,12020600000.0,39.560001373291016,542558627094.5305,0.05199519207837675,0.4984583064371668,11.845626763401855,0.19877750880108833,1.6490666197625234,0.4559766165441963,Suzlon Energy Limited,Industrials,Specialty Industrial Machinery,0,2026,5.6326243000734095,Z (1968),Safe
2023-03-31,TATACONSUM,INR,228111300000.0,83085800000.0,39246800000.0,56842500000.0,16000400000.0,162767100000.0,73723000000.0,929000000.0,43839000000.0,940559921.0,136598100000.0,18807200000.0,21848000000.0,871600000.0,17935600000.0,12037700000.0,14612900000.0,708.8499755859375,666715877037.9613,0.07014295214660562,0.2491875676478982,21.57778797613584,0.052771169161720616,2.1170082656420397,,Tata Consumer Products Limited,Consumer Defensive,Packaged Foods,0,2023,8.591489633705624,Z (1968),Safe
2024-03-31,TATACONSUM,INR,280209400000.0,74266300000.0,62102900000.0,105848100000.0,34772200000.0,160567900000.0,69002700000.0,952800000.0,12163400000.0,964679225.0,150985100000.0,18255300000.0,22026800000.0,1298100000.0,16957200000.0,11503300000.0,19366800000.0,1096.199951171875,1057481319341.5222,0.12409362426813661,0.37774642820690524,14.063092211694014,0.045260010068446946,1.19585880852585,0.228388948728099,Tata Consumer Products Limited,Consumer Defensive,Packaged Foods,0,2024,7.144999383061895,Z (1968),Safe
2025-03-31,TATACONSUM,INR,319776800000.0,89696500000.0,58683000000.0,105873800000.0,23926800000.0,200010800000.0,75849100000.0,989500000.0,31013500000.0,989498558.0,175084100000.0,20667500000.0,26674900000.0,2902000000.0,17765500000.0,12784700000.0,20566500000.0,1001.9000244140624,991378629417.8796,0.07482343934894589,0.33108655787411717,7.121812543073743,0.04261664684954421,1.5284920675493754,0.14120654053718407,Tata Consumer Products Limited,Consumer Defensive,Packaged Foods,0,2025,6.827521363736909,Z (1968),Safe
2026-03-31,TATACONSUM,INR,344529600000.0,103170900000.0,66056300000.0,112641000000.0,28195100000.0,217875300000.0,85175100000.0,989600000.0,37114600000.0,989561780.0,201706100000.0,23098100000.0,29364900000.0,1370300000.0,21727800000.0,15423000000.0,24218500000.0,1014.7999877929688,1004207282264.3884,0.0818365098383419,0.3269414297058946,16.856235860760417,0.046433392783811804,1.561863137959589,0.07740649102749164,Tata Consumer Products Limited,Consumer Defensive,Packaged Foods,0,2026,6.631142145028753,Z (1968),Safe
2023-03-31,TATAPOWER,INR,1283490400000.0,310915700000.0,440927800000.0,941449200000.0,529230900000.0,287874300000.0,207701200000.0,3195600000.0,-130012100000.0,3196991847.0,541176100000.0,95011200000.0,129403200000.0,40441200000.0,54570000000.0,33364400000.0,71655900000.0,190.25,608227698891.75,0.4123372484905224,0.7335070055841477,2.3493664876413165,0.02599505224191782,0.7051397076800329,,The Tata Power Company Limited,Utilities,Utilities - Independent Power Producers,0,2023,0.6815694641796872,Z'' (1995),Distress
2024-03-31,TATAPOWER,INR,1395524200000.0,284653800000.0,422122300000.0,1012196500000.0,590067600000.0,323552900000.0,239236300000.0,3195600000.0,-137468500000.0,3195339547.0,603880300000.0,99820000000.0,137683700000.0,42499800000.0,57320200000.0,36962500000.0,125043700000.0,394.2000122070313,1259602888433.0098,0.42282864030591516,0.7253163363272381,2.348716935138518,0.02759410120422636,0.674339640431221,0.08728838174403175,The Tata Power Company Limited,Utilities,Utilities - Independent Power Producers,0,2024,0.7289711369224754,Z'' (1995),Distress
2025-03-31,TATAPOWER,INR,1567102200000.0,299018600000.0,453830800000.0,1141041800000.0,679958200000.0,358406700000.0,274103700000.0,3195600000.0,-154812200000.0,3195339547.0,641277500000.0,106821100000.0,147989700000.0,43624900000.0,63196200000.0,39710000000.0,126801900000.0,375.3999938964844,1199530446440.995,0.4338952494610753,0.7281221352378933,2.448626816336542,0.026807295040643667,0.6588768325111474,0.12294878154029854,The Tata Power Company Limited,Utilities,Utilities - Independent Power Producers,0,2025,0.710032729240496,Z'' (1995),Distress
2026-03-31,TATAPOWER,INR,1749499400000.0,315040300000.0,393378200000.0,1274118700000.0,797893400000.0,394672100000.0,304325200000.0,3195600000.0,-78337900000.0,3195339547.0,610486100000.0,115742700000.0,163853600000.0,49382800000.0,66359900000.0,37471900000.0,59933300000.0,378.75,1210234853426.25,0.4560695476660352,0.7282761571681591,2.343785690564326,0.022596563904449665,0.8008585630825501,0.11639138787502179,The Tata Power Company Limited,Utilities,Utilities - Independent Power Producers,0,2026,1.0431653914918688,Z'' (1995),Distress
2023-03-31,TATASTEEL,INR,2880217400000.0,866655400000.0,972951300000.0,1828465300000.0,848930500000.0,1030821000000.0,481663200000.0,12212400000.0,-106295900000.0,12209853070.0,2416362500000.0,245338200000.0,338752300000.0,62987000000.0,182351200000.0,87604000000.0,216830800000.0,104.5,1275929645815.0,0.294745285546848,0.6348358634316978,3.895060885579564,0.030415759588147757,0.8907490025451428,,Tata Steel Limited,Basic Materials,Steel,0,2023,1.7285731566955254,Z (1968),Distress
2024-03-31,TATASTEEL,INR,2734235000000.0,705482500000.0,984034800000.0,1809907600000.0,870821200000.0,920357600000.0,348157300000.0,12474400000.0,-278552300000.0,12471847611.0,2272962000000.0,63605300000.0,162488900000.0,75075700000.0,-11470400000.0,-44374400000.0,203006700000.0,155.85000610351562,1943737526296.4668,0.3184880597315154,0.6619429566222362,0.8472155437778136,-0.015807204991175987,0.7169284053775334,-0.05068450735697938,Tata Steel Limited,Basic Materials,Steel,0,2024,1.608444193155059,Z (1968),Distress
2025-03-31,TATASTEEL,INR,2793948000000.0,683915400000.0,860935600000.0,1880420200000.0,948010500000.0,911696300000.0,336985300000.0,12474400000.0,-177020200000.0,12471847611.0,2168403500000.0,157538200000.0,261802100000.0,73409500000.0,84128700000.0,34205100000.0,231375800000.0,154.24000549316406,1923657844030.545,0.33930856980874374,0.6730333563831539,2.146019248189948,0.012374807418640084,0.7943862467761816,0.021839015300440634,Tata Steel Limited,Basic Materials,Steel,0,2025,1.6688031796680933,Z (1968),Distress
2026-03-31,TATASTEEL,INR,3012541100000.0,725201700000.0,969176400000.0,1974736600000.0,923816800000.0,1021676500000.0,396748000000.0,12474400000.0,-243974700000.0,12471847611.0,2302934700000.0,231357500000.0,350927600000.0,71670600000.0,159686900000.0,107938700000.0,350644600000.0,191.8600006103516,2392848690258.672,0.3066569946547783,0.6555052809072048,3.228067017717167,0.03717864552608908,0.7482659503471195,0.07823807028620422,Tata Steel Limited,Basic Materials,Steel,0,2026,1.8321160438998214,Z (1968),Grey
2023-03-31,TCS,INR,1436510000000.0,1102700000000.0,435580000000.0,524450000000.0,76880000000.0,904240000000.0,747220000000.0,3660000000.0,667120000000.0,3659051373.0,2254580000000.0,576860000000.0,627080000000.0,7790000000.0,569070000000.0,421470000000.0,419650000000.0,3205.89990234375,11730552439371.465,0.05351859715560629,0.3650862158982534,50.0,0.2933985840683323,2.5315671059277287,,Tata Consultancy Services Limited,Technology,Information Technology Services,0,2023,9.251148734160882,Z'' (1995),Safe
2024-03-31,TCS,INR,1464490000000.0,1129840000000.0,461040000000.0,551300000000.0,80210000000.0,904890000000.0,700330000000.0,3620000000.0,668800000000.0,3618087518.0,2408930000000.0,627750000000.0,677600000000.0,7780000000.0,619970000000.0,459080000000.0,443380000000.0,3876.300048828125,14024792822687.83,0.054769919903857316,0.3764450423014155,50.0,0.31649775939331265,2.4506333506854068,0.019477762076142824,Tata Consultancy Services Limited,Technology,Information Technology Services,0,2024,9.158717255044799,Z'' (1995),Safe
2025-03-31,TCS,INR,1596290000000.0,1230110000000.0,530010000000.0,638580000000.0,93920000000.0,947560000000.0,887770000000.0,3620000000.0,700100000000.0,3618087518.0,2553240000000.0,661270000000.0,713690000000.0,7960000000.0,653310000000.0,485530000000.0,489080000000.0,3606.14990234375,13047365949706.84,0.058836426965025154,0.4000400929655639,50.0,0.3172589993400375,2.320918473236354,0.08999720039057957,Tata Consultancy Services Limited,Technology,Information Technology Services,0,2025,9.031953036348733,Z'' (1995),Safe
2026-03-31,TCS,INR,1823720000000.0,1357050000000.0,609140000000.0,738940000000.0,112830000000.0,1072400000000.0,998830000000.0,3620000000.0,747910000000.0,3618087518.0,2670210000000.0,667140000000.0,722740000000.0,12270000000.0,654870000000.0,492100000000.0,520940000000.0,2358.89990234375,8534706292881.341,0.06186804991994385,0.40518281315114163,50.0,0.2877769363247476,2.2278129822372525,0.1424741118468449,Tata Consultancy Services Limited,Technology,Information Technology Services,0,2026,8.457821410748066,Z'' (1995),Safe
2023-03-31,TECHM,INR,461533000000.0,244327000000.0,133210000000.0,177586000000.0,27402000000.0,279245000000.0,238604000000.0,4400000000.0,111117000000.0,879911846.0,532902000000.0,67711000000.0,87278000000.0,3256000000.0,64455000000.0,48313000000.0,55720000000.0,1101.8499755859375,969530846032.8772,0.05937170256514702,0.384774219828268,20.79576167076167,0.10467940537296358,1.8341490879063134,,Tech Mahindra Limited,Technology,Information Technology Services,0,2023,5.901676880527759,Z'' (1995),Safe
2024-03-31,TECHM,INR,434236000000.0,234253000000.0,126166000000.0,162768000000.0,25367000000.0,266694000000.0,227681000000.0,4413000000.0,108087000000.0,882522894.0,519956000000.0,36166000000.0,54337000000.0,3922000000.0,32244000000.0,23578000000.0,63764000000.0,1248.0999755859375,1101476802455.431,0.05841754253447434,0.3748376458884109,9.22131565527792,0.052643036318515156,1.8567046589413947,-0.05914419987303188,Tech Mahindra Limited,Technology,Information Technology Services,0,2024,5.622272078411122,Z'' (1995),Safe
2025-03-31,TECHM,INR,444945000000.0,236792000000.0,126740000000.0,167028000000.0,20252000000.0,273615000000.0,231051000000.0,4424000000.0,110052000000.0,884758083.0,529883000000.0,59749000000.0,78278000000.0,3217000000.0,56532000000.0,42515000000.0,57857000000.0,1418.25,1254808151214.75,0.04551573790018991,0.37539021676836465,18.572894000621698,0.09671501090219192,1.868328862237652,0.024661704695142728,Tech Mahindra Limited,Technology,Information Technology Services,0,2025,5.937826650396326,Z'' (1995),Safe
2026-03-31,TECHM,INR,493694000000.0,275747000000.0,144975000000.0,192924000000.0,21862000000.0,296154000000.0,240565000000.0,4428000000.0,130772000000.0,885605623.0,568154000000.0,69105000000.0,87921000000.0,3374000000.0,65731000000.0,48109000000.0,61720000000.0,1384.0,1225678182232.0,0.04428249077363711,0.390776472875911,20.481624184943687,0.10250799295575828,1.9020313847215038,0.10956185595972534,Tech Mahindra Limited,Technology,Information Technology Services,0,2026,5.878631707623512,Z'' (1995),Safe
2023-03-31,TITAN,INR,270230000000.0,224070000000.0,132640000000.0,151190000000.0,93670000000.0,118510000000.0,86120000000.0,890000000.0,91430000000.0,890000000.0,404470000000.0,47470000000.0,51880000000.0,3000000000.0,44470000000.0,32500000000.0,13700000000.0,2514.89990234375,2238260913085.937,0.346630647966547,0.5594863634681567,15.823333333333334,0.12026791992006809,1.6893094089264173,,Titan Company Limited,Consumer Cyclical,Luxury Goods,0,2023,11.811210088842374,Z (1968),Safe
2024-03-31,TITAN,INR,315500000000.0,256080000000.0,165290000000.0,221570000000.0,155280000000.0,93930000000.0,64190000000.0,890000000.0,90790000000.0,887061560.0,509360000000.0,52420000000.0,58260000000.0,6190000000.0,46230000000.0,34960000000.0,16950000000.0,3801.800048828125,3372430682121.5527,0.49217115689381935,0.7022820919175912,8.468497576736672,0.11937240708176122,1.5492770282533728,0.1675239610701995,Titan Company Limited,Consumer Cyclical,Luxury Goods,0,2024,11.925266495405676,Z (1968),Safe
2025-03-31,TITAN,INR,406470000000.0,344340000000.0,257930000000.0,290230000000.0,207770000000.0,116240000000.0,87790000000.0,890000000.0,86410000000.0,887045260.0,602980000000.0,54880000000.0,61810000000.0,9530000000.0,45350000000.0,33370000000.0,-5410000000.0,3063.35009765625,2717330183846.5137,0.5111570349595296,0.7140256353482421,5.758656873032529,0.09244151419034032,1.3350133757220952,0.2883359746434231,Titan Company Limited,Consumer Cyclical,Luxury Goods,0,2025,8.104093193305104,Z (1968),Safe
2026-03-31,TITAN,INR,605610000000.0,507810000000.0,397930000000.0,448580000000.0,306210000000.0,157030000000.0,128760000000.0,890000000.0,109880000000.0,887045260.0,873050000000.0,79810000000.0,88070000000.0,11800000000.0,68010000000.0,50730000000.0,55900000000.0,3951.39990234375,3505070553738.4863,0.5056224302769109,0.740707716186985,6.763559322033898,0.10024899217453166,1.2761289674063276,0.489925455753192,Titan Company Limited,Consumer Cyclical,Luxury Goods,0,2026,7.08009565645311,Z (1968),Safe
2023-03-31,TRENT,INR,80815300000.0,23777800000.0,10939800000.0,54185600000.0,44641400000.0,25954900000.0,2397400000.0,355500000.0,12838000000.0,533231191.0,81123300000.0,9212200000.0,14156400000.0,3691500000.0,5520700000.0,4446300000.0,5948800000.0,1374.949951171875,733166200028.7708,0.5523879760391907,0.6704869003765376,2.4955167276175,0.055018047325197085,2.1735132269328505,,Trent Limited,Consumer Cyclical,Apparel Retail,0,2023,2.407772282928323,Z'' (1995),Grey
2024-03-31,TRENT,INR,71617500000.0,31098500000.0,15414700000.0,30591600000.0,17529900000.0,40677400000.0,16483400000.0,355500000.0,15683800000.0,533231191.0,122053100000.0,22399300000.0,29117700000.0,3191000000.0,19208300000.0,14868000000.0,13489800000.0,3948.0,2105196742068.0,0.24477118022829616,0.42715258142213847,7.0195236602945785,0.19507612534835023,2.017457362128358,-0.11381260726619835,Trent Limited,Consumer Cyclical,Apparel Retail,0,2024,5.684861541170296,Z'' (1995),Safe
2025-03-31,TRENT,INR,94196400000.0,36734500000.0,20106900000.0,38362800000.0,22371900000.0,54617400000.0,30494400000.0,355500000.0,16627600000.0,533231191.0,168737200000.0,21683300000.0,30642400000.0,1385900000.0,20297400000.0,15467200000.0,16609000000.0,5325.14990234375,2839536024680.2915,0.23750270710982585,0.4072639718715365,15.645645428963128,0.1865609577966624,1.8269598993380383,0.3152707089747617,Trent Limited,Consumer Cyclical,Apparel Retail,0,2025,5.25512745213973,Z'' (1995),Safe
2026-03-31,TRENT,INR,117285800000.0,40583000000.0,32109900000.0,46206200000.0,25612500000.0,69846800000.0,45827100000.0,355500000.0,8473100000.0,533231191.0,198501100000.0,24048300000.0,37667500000.0,1683500000.0,22364800000.0,17196500000.0,26676200000.0,2197.199951171875,1171615546828.5208,0.21837681970025358,0.39396244046593876,14.284704484704484,0.16262834413487282,1.2638781185864796,0.24511977103158933,Trent Limited,Consumer Cyclical,Apparel Retail,0,2026,4.712779837133619,Z'' (1995),Safe
2023-03-31,TVSMOTOR,INR,352329100000.0,170242800000.0,192187000000.0,293230600000.0,223755800000.0,55050000000.0,43154200000.0,475100000.0,-21944200000.0,475087114.0,274336800000.0,32918800000.0,41507400000.0,13558500000.0,19360300000.0,13286700000.0,-44048100000.0,1077.199951171875,511763816003.187,0.6350761262694452,0.8322633583203886,2.42790869196445,0.03771104912991859,0.8858184996904057,,TVS Motor Company Limited,Consumer Cyclical,Auto Manufacturers,0,2023,2.230855583939303,Z (1968),Grey
2024-03-31,TVSMOTOR,INR,422204600000.0,215200100000.0,210782100000.0,347093500000.0,260057000000.0,67835100000.0,55293700000.0,475100000.0,4418000000.0,475087114.0,326684600000.0,45735100000.0,55486300000.0,19058900000.0,26676200000.0,16863700000.0,-12526700000.0,2151.85009765625,1022316252656.126,0.6159501814996805,0.8220978644003405,2.399671544527753,0.04354542610605581,1.0209600340825904,0.1983245210231004,TVS Motor Company Limited,Consumer Cyclical,Auto Manufacturers,0,2024,3.094354304844715,Z (1968),Safe
2025-03-31,TVSMOTOR,INR,479369100000.0,259842500000.0,231735400000.0,384946400000.0,286087100000.0,85033800000.0,71062300000.0,475100000.0,28107100000.0,474736114.0,368874400000.0,55885100000.0,66340700000.0,20831600000.0,35053500000.0,22355600000.0,35029200000.0,2419.85009765625,1148790231823.8486,0.5967992096278212,0.8030271454709951,2.6827080013057087,0.04959239605148198,1.1212896260131167,0.13539525623358917,TVS Motor Company Limited,Consumer Cyclical,Auto Manufacturers,0,2025,3.222685245706761,Z (1968),Safe
2026-03-31,TVSMOTOR,INR,565006200000.0,314694300000.0,320676800000.0,457877600000.0,327910100000.0,95642500000.0,84949100000.0,475100000.0,-5982500000.0,474960087.0,476516300000.0,70418300000.0,83144700000.0,22200900000.0,48217400000.0,30183300000.0,18665900000.0,3363.800048828125,1597670763842.0105,0.5803654897946252,0.8103939390399609,3.1718669062965916,0.05780163510186424,0.9813441446340989,0.178645432089803,TVS Motor Company Limited,Consumer Cyclical,Auto Manufacturers,0,2026,3.546033593414458,Z (1968),Safe
2023-03-31,ULTRACEMCO,INR,913869600000.0,207429000000.0,234317900000.0,370067900000.0,110577400000.0,543245400000.0,90463000000.0,2886900000.0,-26888900000.0,288265854.0,623376000000.0,81782000000.0,110661900000.0,7619500000.0,74162500000.0,50639600000.0,90685100000.0,7622.14990234375,2197205550915.1377,0.12099910096582707,0.4049460667036085,10.733250213268587,0.05541228201485201,0.885246069549104,,UltraTech Cement Limited,Basic Materials,Building Materials,0,2023,4.643103340142793,Z (1968),Safe
2024-03-31,ULTRACEMCO,INR,1008020100000.0,231583700000.0,269059600000.0,405185900000.0,114029500000.0,602274800000.0,99246000000.0,2886900000.0,-37475900000.0,288193229.0,698095300000.0,103820000000.0,135273000000.0,9597800000.0,94222200000.0,70050000000.0,108975400000.0,9749.150390625,2809639131080.83,0.11312224825675599,0.4019621235727343,10.817062243430787,0.0728970034024325,0.8607152467334375,0.10302399817216812,UltraTech Cement Limited,Basic Materials,Building Materials,0,2024,5.28616543287361,Z (1968),Safe
2025-03-31,ULTRACEMCO,INR,1336971600000.0,237372000000.0,323649700000.0,598043600000.0,241021800000.0,707062100000.0,110394100000.0,2946800000.0,-86277700000.0,294146692.0,749364500000.0,91540800000.0,131690300000.0,16259500000.0,75281300000.0,60391100000.0,106734300000.0,11509.5498046875,3385496001458.074,0.18027443514880945,0.44731211941973936,5.629988622036348,0.05150645096099914,0.73342258620972,0.32633426654885156,UltraTech Cement Limited,Basic Materials,Building Materials,0,2025,4.221171729811878,Z (1968),Safe
2026-03-31,ULTRACEMCO,INR,1413760600000.0,252474400000.0,338317000000.0,606636200000.0,237550900000.0,766235400000.0,169124100000.0,2946800000.0,-85842600000.0,294169635.0,873835200000.0,127382400000.0,173827000000.0,18110500000.0,109271900000.0,81656400000.0,153158600000.0,10745.0,3160852728075.0,0.16802767031419605,0.42909400643927975,7.0336213798625105,0.05937066501784507,0.7462657803184587,0.05743502704171122,UltraTech Cement Limited,Basic Materials,Building Materials,0,2026,4.1363186086085735,Z (1968),Safe
2023-03-31,UNITECH,INR,268855651000.0,238598597000.0,278797113000.0,280254871000.0,73204026000.0,-8544299000.0,-73508896000.0,5232602000.0,-40198516000.0,2616301047.0,3999492000.0,-10674462000.0,-10611990000.0,20463114000.0,-31137576000.0,-27876533000.0,2510487000.0,1.149999976158142,3008746141.672522,0.2722800347611068,1.0423990344171714,-0.521644066489587,-0.10368587342804261,0.8558144466868995,,Unitech Limited,Real Estate,Real Estate - Diversified,1,2023,-2.170980043420911,Z'' (1995),Distress
2024-03-31,UNITECH,INR,265201535000.0,235027999000.0,313297410000.0,314809506000.0,73856909000.0,-41946677000.0,-107120983000.0,5232602000.0,-78269411000.0,2616301047.0,4772721000.0,-24259724000.0,-24197863000.0,30881136000.0,-38229269000.0,-33266501000.0,150947000.0,11.149999618530272,29171755676.010357,0.2784935200318505,1.1870576314726082,-0.7855839241147088,-0.12458029541428173,0.7501753653182132,-0.0135913676592202,Unitech Limited,Real Estate,Real Estate - Diversified,1,2024,-4.007482842061772,Z'' (1995),Distress
2025-03-31,UNITECH,INR,264359154000.0,236546845000.0,339996901000.0,346044006000.0,73210178000.0,-68176599000.0,-133945964000.0,5232602000.0,-103450055000.0,2616301047.0,3010944000.0,-12943593000.0,-12904033000.0,17349885000.0,-30293478000.0,-25934715000.0,-733990000.0,5.909999847412109,15462338788.554142,0.2769345297571954,1.3089919556937302,-0.746033359875296,-0.09794803707569011,0.695732356101681,-0.003176380559034131,Unitech Limited,Real Estate,Real Estate - Diversified,1,2025,-4.754761002044339,Z'' (1995),Distress
2026-03-31,UNITECH,INR,253591142000.0,224923461000.0,360888343000.0,366383289000.0,76955287000.0,-93646539000.0,-157448443000.0,5232602000.0,-135964882000.0,2616301047.0,5101744000.0,-10847488000.0,-10804493000.0,19333619000.0,-30181107000.0,-24557399000.0,-1162695000.0,3.1600000858306885,8267511533.07892,0.30346204679341676,1.4447795223068163,-0.5610686752438847,-0.09482531119163604,0.623249449207064,-0.04073251043918835,Unitech Limited,Real Estate,Real Estate - Diversified,1,2026,-6.097076970590047,Z'' (1995),Distress
2023-03-31,UPL,INR,885770000000.0,420280000000.0,290370000000.0,531480000000.0,239390000000.0,298440000000.0,203410000000.0,1500000000.0,129910000000.0,782499749.0,531340000000.0,81340000000.0,106810000000.0,29840000000.0,51500000000.0,35700000000.0,77510000000.0,717.6500244140625,561560963973.8478,0.2702620319044447,0.6000203213023697,2.7258713136729225,0.04030391636655114,1.4473947033095707,,UPL Limited,Basic Materials,Agricultural Inputs,0,2023,2.0343542287513445,Z (1968),Grey
2024-03-31,UPL,INR,875460000000.0,393280000000.0,268610000000.0,548400000000.0,297540000000.0,277930000000.0,181890000000.0,1500000000.0,124670000000.0,782499749.0,425990000000.0,12910000000.0,40540000000.0,33780000000.0,-20870000000.0,-12000000000.0,23210000000.0,456.0,356819885544.0,0.3398670413268453,0.6264135425947502,0.3821788040260509,-0.013626840333176246,1.4641301515207923,-0.011639590412861112,UPL Limited,Basic Materials,Agricultural Inputs,0,2024,1.38740446222726,Z (1968),Distress
2025-03-31,UPL,INR,880020000000.0,396610000000.0,285690000000.0,501760000000.0,250990000000.0,321990000000.0,208680000000.0,1590000000.0,110920000000.0,844433596.0,462620000000.0,40610000000.0,68110000000.0,32320000000.0,8290000000.0,8970000000.0,101510000000.0,636.25,537270875455.0,0.28520942705847596,0.570168859798641,1.2564975247524752,0.010219427165219768,1.388253001505128,0.00520869028853399,UPL Limited,Basic Materials,Agricultural Inputs,0,2025,1.8036746875872396,Z (1968),Distress
2026-03-31,UPL,INR,952050000000.0,422950000000.0,347480000000.0,539360000000.0,235760000000.0,346960000000.0,222460000000.0,1690000000.0,75470000000.0,844169318.0,513030000000.0,60100000000.0,92540000000.0,28530000000.0,31570000000.0,19220000000.0,78550000000.0,567.9500122070312,479445974462.9013,0.2476340528333596,0.5665248673914185,2.1065545040308447,0.020981731047394477,1.2171923563946125,0.08185041249062519,UPL Limited,Basic Materials,Agricultural Inputs,0,2026,1.7027926491315442,Z (1968),Distress
2023-03-31,VEDL,INR,1953770000000.0,605070000000.0,870470000000.0,1459500000000.0,666180000000.0,394230000000.0,-227550000000.0,3720000000.0,-265400000000.0,3713193964.0,1454040000000.0,261220000000.0,367190000000.0,58460000000.0,202760000000.0,105740000000.0,330650000000.0,274.45001220703125,1019086128746.8748,0.34097155755283376,0.747017305005195,4.468354430379747,0.05412100707862236,0.6951072409158271,,Vedanta Limited,Basic Materials,Other Industrial Metals & Mining,0,2023,1.2783183861793268,Z (1968),Distress
2024-03-31,VEDL,INR,1908070000000.0,519240000000.0,786610000000.0,1487380000000.0,727700000000.0,307220000000.0,-295120000000.0,3720000000.0,-267370000000.0,3709339842.0,1417930000000.0,287980000000.0,395420000000.0,84330000000.0,203650000000.0,42390000000.0,356540000000.0,271.6499938964844,1007642145439.2864,0.3813801380452499,0.7795206674807528,3.4149175856753233,0.02195326580075819,0.6600983969184221,-0.023390675463334953,Vedanta Limited,Basic Materials,Other Industrial Metals & Mining,0,2024,1.2629714646797234,Z (1968),Distress
2025-03-31,VEDL,INR,2019740000000.0,504460000000.0,735750000000.0,1482210000000.0,751850000000.0,382990000000.0,-247330000000.0,3910000000.0,-231290000000.0,3905304540.0,616050000000.0,152050000000.0,263440000000.0,35770000000.0,116280000000.0,149880000000.0,395620000000.0,463.3999938964844,1809718099999.9128,0.37225088377711985,0.7338617841900442,4.250768800670953,0.07631733714207153,0.6856405028882093,0.058525106521249315,Vedanta Limited,Basic Materials,Other Industrial Metals & Mining,0,2025,0.9771639988252343,Z (1968),Distress
2026-03-31,VEDL,INR,2332360000000.0,1860500000000.0,1409380000000.0,1646590000000.0,278440000000.0,408310000000.0,-206720000000.0,3910000000.0,451120000000.0,3904801732.0,766720000000.0,196520000000.0,294590000000.0,25260000000.0,171260000000.0,173910000000.0,394990000000.0,654.7999877929688,2556864126447.5635,0.11938122759779794,0.705975921384349,7.779889152810768,0.07992003860205418,1.3200840085711447,0.15478229871171534,Vedanta Limited,Basic Materials,Other Industrial Metals & Mining,0,2026,1.6464947343751182,Z (1968),Distress
2023-03-31,VOLTAS,INR,102790100000.0,64464900000.0,46195400000.0,47852900000.0,6505800000.0,54520700000.0,31502500000.0,330800000.0,18269500000.0,330884740.0,93993700000.0,3367300000.0,3763500000.0,295900000.0,3071400000.0,1350100000.0,1593800000.0,818.25,270746438505.0,0.0632920874675674,0.4655399693161112,11.379858060155458,0.013134533384051577,1.3954831000489225,,Voltas Limited,Consumer Cyclical,"Furnishings, Fixtures & Appliances",0,2023,5.059609142906357,Z (1968),Safe
2024-03-31,VOLTAS,INR,120357200000.0,77246400000.0,57563800000.0,61815100000.0,7436300000.0,58205000000.0,32269900000.0,330800000.0,19682600000.0,330884740.0,124073600000.0,5416800000.0,5892700000.0,558800000.0,4858000000.0,2520000000.0,7615100000.0,1103.550048828125,365147870983.4815,0.06178525256486525,0.5135970261853882,9.69362920544023,0.022585977961642377,1.341926696986648,0.1709026452936615,Voltas Limited,Consumer Cyclical,"Furnishings, Fixtures & Appliances",0,2024,5.295263645007373,Z (1968),Safe
2025-03-31,VOLTAS,INR,131520200000.0,88779200000.0,60055000000.0,66117200000.0,8919700000.0,65132500000.0,38579600000.0,330800000.0,28724200000.0,330884740.0,153204500000.0,12528600000.0,13146400000.0,621100000.0,11907500000.0,8413700000.0,-2251500000.0,1458.699951171875,482661554081.51855,0.06782000027372222,0.5027151722701152,20.171630977298342,0.06680789939867571,1.4782982266255933,0.09274891738923796,Voltas Limited,Consumer Cyclical,"Furnishings, Fixtures & Appliances",0,2025,6.5320383488534235,Z (1968),Safe
2026-03-31,VOLTAS,INR,145096800000.0,103291900000.0,75540300000.0,81106300000.0,9924800000.0,63762100000.0,39882800000.0,330800000.0,27751600000.0,330884740.0,141229900000.0,6438900000.0,7279900000.0,867800000.0,5571100000.0,3758800000.0,709700000.0,1272.800048828125,421150113228.4815,0.06840123283215067,0.5589806253480435,7.419797188292233,0.02717692694230651,1.3673747655225093,0.10322824934876929,Voltas Limited,Consumer Cyclical,"Furnishings, Fixtures & Appliances",0,2026,4.849667639289808,Z (1968),Safe
2023-03-31,WINSOME,INR,2166583000.0,408501000.0,6230031000.0,6256316000.0,5565763000.0,-4089733000.0,-5368551000.0,707072000.0,-5821530000.0,212121.0,291867000.0,-264185000.0,-125122000.0,0.0,-264185000.0,-264185000.0,-2589000.0,50.0,10606050.0,2.568912891867055,2.887641968943724,-50.0,-0.12193624707661788,0.06556965767907094,,Winsome Yarns Limited,Consumer Cyclical,Textile Manufacturing,0,2023,-6.960059759448656,Z (1968),Distress
2024-03-31,WINSOME,INR,1991500000.0,361316000.0,6163681000.0,6190657000.0,5565763000.0,-4199157000.0,-5477975000.0,707072000.0,-5802365000.0,212121.0,237919000.0,-109424000.0,5775000.0,0.0,-109424000.0,-109424000.0,-7439000.0,983.3333129882812,208585645.6843872,2.7947592267135324,3.1085397941250315,-50.0,-0.05263194601935555,0.058620165449834276,-0.08081065899621664,Winsome Yarns Limited,Consumer Cyclical,Textile Manufacturing,0,2024,-7.388864018696964,Z (1968),Distress
2025-03-31,WINSOME,INR,2057290000.0,525690000.0,6400013000.0,6429416000.0,5565763000.0,-4372126000.0,-5650944000.0,707072000.0,-5874323000.0,212121.0,41808000.0,-172969000.0,-74384000.0,0.0,-172969000.0,-172969000.0,187558000.0,573.3333129882812,121616035.6843872,2.705385725882107,3.125187017873027,-50.0,-0.08544231733431469,0.0821388956553682,0.03303540045192066,Winsome Yarns Limited,Consumer Cyclical,Textile Manufacturing,0,2025,-7.517729643598719,Z (1968),Distress
2026-03-31,WINSOME,INR,1951969000.0,527011000.0,6421039000.0,6449619000.0,5565763000.0,-4497650000.0,-5776468000.0,707072000.0,-5894028000.0,212121.0,1859000.0,-125524000.0,-27191000.0,0.0,-125524000.0,-125524000.0,-14370000.0,546.6666870117188,115959484.3156128,2.8513582951368592,3.3041605681237765,-50.0,-0.06261705716692287,0.08207565784914249,-0.051194046536949145,Winsome Yarns Limited,Consumer Cyclical,Textile Manufacturing,0,2026,-7.966930830150001,Z (1968),Distress
2023-03-31,WIPRO,INR,1175822000000.0,661096000000.0,267753000000.0,394069000000.0,174666000000.0,781164000000.0,660964000000.0,10976000000.0,393343000000.0,10956043810.0,904876000000.0,155481000000.0,188883000000.0,7824000000.0,147657000000.0,113500000000.0,130601000000.0,182.625,2000847500801.25,0.148547994509373,0.3351434145644494,19.872315950920246,0.09652821600548382,2.46905170063454,,Wipro Limited,Technology,Information Technology Services,0,2023,6.997046991678793,Z'' (1995),Safe
2024-03-31,WIPRO,INR,1152459000000.0,650662000000.0,252458000000.0,401236000000.0,164649000000.0,749883000000.0,630936000000.0,10450000000.0,398204000000.0,10438371012.0,897603000000.0,155470000000.0,189541000000.0,8260000000.0,147210000000.0,110452000000.0,176216000000.0,240.0500030517578,2505730993285.9805,0.14286755537507193,0.3481564203151696,18.822033898305083,0.09487858209554603,2.5773079086422297,-0.019869504057586918,Wipro Limited,Technology,Information Technology Services,0,2024,6.920323831302737,Z'' (1995),Safe
2025-03-31,WIPRO,INR,1286520000000.0,777775000000.0,286253000000.0,456073000000.0,192035000000.0,828309000000.0,716477000000.0,20944000000.0,491522000000.0,10460230569.0,890884000000.0,184204000000.0,213783000000.0,9247000000.0,174957000000.0,131354000000.0,169426000000.0,262.25,2743195466720.25,0.14926701489288935,0.35450129030252153,19.920406618362712,0.10771228452561502,2.7170894278837254,0.11632604717391248,Wipro Limited,Technology,Information Technology Services,0,2025,7.1909684949609165,Z'' (1995),Safe
2026-03-31,WIPRO,INR,1419262000000.0,826354000000.0,403232000000.0,531385000000.0,202910000000.0,885368000000.0,735057000000.0,20977000000.0,423122000000.0,10476506978.0,926240000000.0,181331000000.0,210438000000.0,7909000000.0,173422000000.0,131974000000.0,149316000000.0,187.63999938964844,1965811762957.568,0.14296866963252733,0.3744093761405576,22.92717157668479,0.09754961781843474,2.0493264423458455,0.10317911886329001,Wipro Limited,Technology,Information Technology Services,0,2026,6.252158857604764,Z'' (1995),Safe
2023-03-31,ZEELEARN,INR,10237819000.0,1601833000.0,4296356000.0,8830120000.0,4627431000.0,192384000.0,-3034116000.0,326093000.0,-2694523000.0,326092725.0,3240489000.0,-4093109000.0,-3772195000.0,426099000.0,-4519208000.0,-4434247000.0,419794000.0,3.25,1059801356.25,0.4519938279823076,0.8625001086657227,-9.606004707826116,-0.43312418396926144,0.37283525853071764,,Zee Learn Limited,Consumer Defensive,Education & Training Services,0,2023,-5.356489984909077,Z'' (1995),Distress
2024-03-31,ZEELEARN,INR,10840280000.0,3789602000.0,5061587000.0,9013711000.0,3596150000.0,1826569000.0,-1399878000.0,326093000.0,-1271985000.0,326092725.0,3560376000.0,2174002000.0,2414791000.0,409266000.0,1764736000.0,1627449000.0,604694000.0,6.150000095367432,2005470289.8486257,0.33173958606235265,0.8315016770784518,5.311953594972463,0.15442085170963474,0.7486983825428665,0.0588466156707792,Zee Learn Limited,Consumer Defensive,Education & Training Services,0,2024,0.3697336471779422,Z'' (1995),Distress
2025-03-31,ZEELEARN,INR,15093076000.0,7986053000.0,8774732000.0,13132110000.0,3985394000.0,1960966000.0,-1228884000.0,327062000.0,-788679000.0,327062005.0,3718927000.0,713758000.0,1077774000.0,384985000.0,328773000.0,127234000.0,828903000.0,5.510000228881836,1802111722.408552,0.26405445781893633,0.8700751258391596,1.853989116459083,0.009812382169126124,0.9101193062078705,0.39231422066588695,Zee Learn Limited,Consumer Defensive,Education & Training Services,0,2025,-0.13363502347929598,Z'' (1995),Distress
2026-03-31,ZEELEARN,INR,15928135000.0,9146937000.0,9076112000.0,13577856000.0,3789204000.0,2350279000.0,-841390000.0,327062000.0,70825000.0,327062005.0,4387846000.0,1058374000.0,1497452000.0,380551000.0,677823000.0,385255000.0,1078103000.0,4.25,1390013521.25,0.2378937647125668,0.8524448091380441,2.7811620518668985,0.024838166375903248,1.0078034515219734,0.05532729047412199,Zee Learn Limited,Consumer Defensive,Education & Training Services,0,2026,0.4852365382736942,Z'' (1995),Distress
