fiscal_year_end,ticker,financial_currency,total_assets,current_assets,current_liabilities,total_liabilities,total_debt,book_equity,retained_earnings,share_capital,working_capital,shares_outstanding,revenue,ebit,ebitda,interest_expense,pretax_income,net_income,operating_cash_flow,price_fy_end,market_cap
2023-03-31,RELIANCE,INR,16074310000000.0,4252960000000.0,3957430000000.0,7785500000000.0,3343920000000.0,7158720000000.0,2957390000000.0,67660000000.0,295530000000.0,13532188028.0,8778350000000.0,1130040000000.0,1533070000000.0,189580000000.0,940460000000.0,667020000000.0,1150320000000.0,1075.7791748046875,14557646070063.71
2024-03-31,RELIANCE,INR,17559860000000.0,4701000000000.0,3973670000000.0,8301980000000.0,3461420000000.0,7934810000000.0,3397870000000.0,67660000000.0,727330000000.0,13532218028.0,9010640000000.0,1261120000000.0,1769440000000.0,217720000000.0,1043400000000.0,696210000000.0,1587880000000.0,1485.8499755859375,20106845826527.383
2025-03-31,RELIANCE,INR,19501210000000.0,4992700000000.0,4537370000000.0,9404930000000.0,3695750000000.0,8432000000000.0,3919430000000.0,135320000000.0,455330000000.0,13532871488.0,9646930000000.0,1281380000000.0,1812740000000.0,221210000000.0,1060170000000.0,696480000000.0,1787030000000.0,1275.0999755859375,17255764103956.43
2026-03-31,RELIANCE,INR,21781400000000.0,5942490000000.0,5412540000000.0,10922740000000.0,3980000000000.0,9040300000000.0,4636440000000.0,135320000000.0,529950000000.0,13532472634.0,10572190000000.0,1472180000000.0,2049060000000.0,240560000000.0,1231620000000.0,807750000000.0,1921130000000.0,1343.9000244140625,18186290303215.234
2023-03-31,TCS,INR,1436510000000.0,1102700000000.0,435580000000.0,524450000000.0,76880000000.0,904240000000.0,747220000000.0,3660000000.0,667120000000.0,3659051373.0,2254580000000.0,576860000000.0,627080000000.0,7790000000.0,569070000000.0,421470000000.0,419650000000.0,3205.89990234375,11730552439371.465
2024-03-31,TCS,INR,1464490000000.0,1129840000000.0,461040000000.0,551300000000.0,80210000000.0,904890000000.0,700330000000.0,3620000000.0,668800000000.0,3618087518.0,2408930000000.0,627750000000.0,677600000000.0,7780000000.0,619970000000.0,459080000000.0,443380000000.0,3876.300048828125,14024792822687.83
2025-03-31,TCS,INR,1596290000000.0,1230110000000.0,530010000000.0,638580000000.0,93920000000.0,947560000000.0,887770000000.0,3620000000.0,700100000000.0,3618087518.0,2553240000000.0,661270000000.0,713690000000.0,7960000000.0,653310000000.0,485530000000.0,489080000000.0,3606.14990234375,13047365949706.84
2026-03-31,TCS,INR,1823720000000.0,1357050000000.0,609140000000.0,738940000000.0,112830000000.0,1072400000000.0,998830000000.0,3620000000.0,747910000000.0,3618087518.0,2670210000000.0,667140000000.0,722740000000.0,12270000000.0,654870000000.0,492100000000.0,520940000000.0,2358.89990234375,8534706292881.341
2023-03-31,INFY,USD,15312000000.0,8626000000.0,4769000000.0,6088000000.0,1010000000.0,9172000000.0,11401000000.0,325000000.0,3857000000.0,4136387925.0,18212000000.0,4160000000.0,4684000000.0,35000000.0,4125000000.0,2981000000.0,2853000000.0,1427.949951171875,71942981962.67984
2024-03-31,INFY,USD,16523000000.0,10722000000.0,4651000000.0,5918000000.0,1002000000.0,10559000000.0,12557000000.0,325000000.0,6071000000.0,4139950635.0,18562000000.0,4402000000.0,4967000000.0,56000000.0,4346000000.0,3167000000.0,3148000000.0,1498.050048828125,74368992827.39957
2025-03-31,INFY,USD,17419000000.0,11359000000.0,5012000000.0,6164000000.0,962000000.0,11205000000.0,13766000000.0,325000000.0,6347000000.0,4143607528.0,19277000000.0,4496000000.0,5065000000.0,49000000.0,4447000000.0,3158000000.0,4351000000.0,1570.6500244140625,76084268532.05423
2026-03-31,INFY,USD,16446000000.0,10912000000.0,5516000000.0,6606000000.0,967000000.0,9786000000.0,13459000000.0,319000000.0,5396000000.0,4046940812.0,20158000000.0,4553000000.0,5105000000.0,47000000.0,4506000000.0,3313000000.0,4039000000.0,1250.5999755859375,53638446416.38069
2023-03-31,HCLTECH,USD,934110000000.0,535770000000.0,214310000000.0,280130000000.0,47860000000.0,654050000000.0,,5430000000.0,321460000000.0,2707364943.0,1014560000000.0,198410000000.0,239860000000.0,3530000000.0,194880000000.0,148510000000.0,180090000000.0,1085.25,35787452357.89172
2024-03-31,HCLTECH,USD,997770000000.0,593310000000.0,227260000000.0,315060000000.0,57560000000.0,682630000000.0,564320000000.0,5430000000.0,366050000000.0,2707990517.0,1099130000000.0,215200000000.0,256930000000.0,5530000000.0,209670000000.0,157020000000.0,224480000000.0,1543.550048828125,50123139927.02715
2025-03-31,HCLTECH,USD,1055440000000.0,621090000000.0,280390000000.0,358710000000.0,62790000000.0,696550000000.0,567350000000.0,5430000000.0,340700000000.0,2708910993.0,1170550000000.0,239050000000.0,279890000000.0,6440000000.0,232610000000.0,173900000000.0,222610000000.0,1592.5,50432559259.447365
2026-03-31,HCLTECH,USD,1162580000000.0,705420000000.0,318260000000.0,410610000000.0,52150000000.0,751650000000.0,581850000000.0,5430000000.0,387160000000.0,2705766714.0,1301440000000.0,229710000000.0,273260000000.0,8690000000.0,221020000000.0,166420000000.0,199750000000.0,1341.5999755859375,38471960078.42649
2023-03-31,WIPRO,INR,1175822000000.0,661096000000.0,267753000000.0,394069000000.0,174666000000.0,781164000000.0,660964000000.0,10976000000.0,393343000000.0,10956043810.0,904876000000.0,155481000000.0,188883000000.0,7824000000.0,147657000000.0,113500000000.0,130601000000.0,182.625,2000847500801.25
2024-03-31,WIPRO,INR,1152459000000.0,650662000000.0,252458000000.0,401236000000.0,164649000000.0,749883000000.0,630936000000.0,10450000000.0,398204000000.0,10438371012.0,897603000000.0,155470000000.0,189541000000.0,8260000000.0,147210000000.0,110452000000.0,176216000000.0,240.0500030517578,2505730993285.9805
2025-03-31,WIPRO,INR,1286520000000.0,777775000000.0,286253000000.0,456073000000.0,192035000000.0,828309000000.0,716477000000.0,20944000000.0,491522000000.0,10460230569.0,890884000000.0,184204000000.0,213783000000.0,9247000000.0,174957000000.0,131354000000.0,169426000000.0,262.25,2743195466720.25
2026-03-31,WIPRO,INR,1419262000000.0,826354000000.0,403232000000.0,531385000000.0,202910000000.0,885368000000.0,735057000000.0,20977000000.0,423122000000.0,10476506978.0,926240000000.0,181331000000.0,210438000000.0,7909000000.0,173422000000.0,131974000000.0,149316000000.0,187.63999938964844,1965811762957.5676
2023-03-31,TECHM,INR,461533000000.0,244327000000.0,133210000000.0,177586000000.0,27402000000.0,279245000000.0,238604000000.0,4400000000.0,111117000000.0,879911846.0,532902000000.0,67711000000.0,87278000000.0,3256000000.0,64455000000.0,48313000000.0,55720000000.0,1101.8499755859375,969530846032.8772
2024-03-31,TECHM,INR,434236000000.0,234253000000.0,126166000000.0,162768000000.0,25367000000.0,266694000000.0,227681000000.0,4413000000.0,108087000000.0,882522894.0,519956000000.0,36166000000.0,54337000000.0,3922000000.0,32244000000.0,23578000000.0,63764000000.0,1248.0999755859375,1101476802455.431
2025-03-31,TECHM,INR,444945000000.0,236792000000.0,126740000000.0,167028000000.0,20252000000.0,273615000000.0,231051000000.0,4424000000.0,110052000000.0,884758083.0,529883000000.0,59749000000.0,78278000000.0,3217000000.0,56532000000.0,42515000000.0,57857000000.0,1418.25,1254808151214.75
2026-03-31,TECHM,INR,493694000000.0,275747000000.0,144975000000.0,192924000000.0,21862000000.0,296154000000.0,240565000000.0,4428000000.0,130772000000.0,885605623.0,568154000000.0,69105000000.0,87921000000.0,3374000000.0,65731000000.0,48109000000.0,61720000000.0,1384.0,1225678182232.0
2023-03-31,ITC,INR,858829800000.0,396708900000.0,137394100000.0,163441900000.0,3063400000.0,691552600000.0,353402300000.0,12428000000.0,259314800000.0,12428017741.0,702452200000.0,259583200000.0,277673300000.0,432000000.0,259151200000.0,191916600000.0,188775500000.0,369.2779846191406,4589393344207.405
2024-03-31,ITC,INR,918261600000.0,410655400000.0,136904000000.0,169361900000.0,3037300000.0,745070000000.0,361725700000.0,12484700000.0,273751400000.0,12484721471.0,673910400000.0,264393900000.0,282557800000.0,391100000.0,264002800000.0,204587800000.0,171788600000.0,412.4647521972656,5149507547787.896
2025-03-31,ITC,INR,880906800000.0,438932800000.0,143341100000.0,176927400000.0,2848400000.0,700300500000.0,490101400000.0,12514100000.0,295591700000.0,12514119781.0,746533200000.0,269720000000.0,289225800000.0,450600000.0,269269400000.0,347466300000.0,176270400000.0,409.75,5127660580264.75
2026-03-31,ITC,INR,937923800000.0,507084100000.0,166872700000.0,209193600000.0,23993600000.0,725073000000.0,516515200000.0,12529500000.0,340211400000.0,12529468231.0,782132800000.0,281185600000.0,298290900000.0,851700000.0,280333900000.0,206894700000.0,184643100000.0,287.70001220703125,3604728163006.31
2023-03-31,HINDUNILVR,INR,730870000000.0,169980000000.0,120280000000.0,225650000000.0,12190000000.0,503040000000.0,95440000000.0,2350000000.0,49700000000.0,2349591262.0,595490000000.0,134580000000.0,146100000000.0,1140000000.0,133440000000.0,101200000000.0,99910000000.0,2560.35009765625,6015776217113.972
2024-03-31,HINDUNILVR,INR,784990000000.0,213240000000.0,128790000000.0,270760000000.0,14840000000.0,512180000000.0,104430000000.0,2350000000.0,84450000000.0,2349591262.0,609660000000.0,142600000000.0,154760000000.0,3340000000.0,139260000000.0,102770000000.0,154690000000.0,2264.35009765625,5320297203561.972
2025-03-31,HINDUNILVR,INR,798800000000.0,220510000000.0,165370000000.0,302710000000.0,16480000000.0,494020000000.0,86220000000.0,2350000000.0,55140000000.0,2349591262.0,605730000000.0,148090000000.0,161720000000.0,3810000000.0,144280000000.0,106490000000.0,118860000000.0,2258.85009765625,5307374451620.972
2026-03-31,HINDUNILVR,INR,797520000000.0,190210000000.0,155490000000.0,307450000000.0,14780000000.0,487380000000.0,77260000000.0,2350000000.0,34720000000.0,2349591262.0,637630000000.0,142220000000.0,156580000000.0,4100000000.0,138120000000.0,150400000000.0,109990000000.0,2055.199951171875,4828879846936.264
2021-12-31,NESTLEIND,INR,82341300000.0,27621800000.0,27647400000.0,62877500000.0,2664600000.0,19463800000.0,10694900000.0,964200000.0,-25600000.0,1928314320.0,146649000000.0,30590000000.0,34500200000.0,2016800000.0,28573200000.0,21184100000.0,22360000000.0,985.2849731445312,1899939122995.415
2022-12-31,NESTLEIND,INR,89787400000.0,34901500000.0,30797500000.0,65195700000.0,2705200000.0,24591700000.0,15144300000.0,964200000.0,4104000000.0,1928314320.0,167895300000.0,34105400000.0,38135500000.0,1545700000.0,32559700000.0,23905200000.0,27374300000.0,980.2999877929688,1890326504357.0068
2025-03-31,NESTLEIND,INR,121933200000.0,37341600000.0,46853500000.0,81831100000.0,11668500000.0,40102100000.0,39020100000.0,964200000.0,-9511900000.0,1928314320.0,200775000000.0,44521200000.0,49702900000.0,1360000000.0,43161200000.0,32075900000.0,29345300000.0,1125.375,2170076727870.0
2023-03-31,BRITANNIA,INR,93527200000.0,47462300000.0,41344000000.0,57882200000.0,30076200000.0,35342700000.0,32257000000.0,240900000.0,6118300000.0,240868296.0,159849000000.0,31984800000.0,34243900000.0,1657100000.0,30327700000.0,23217700000.0,25262100000.0,4322.14990234375,1041068882034.1055
2024-03-31,BRITANNIA,INR,90735600000.0,48486600000.0,40844100000.0,51075400000.0,20746300000.0,39415200000.0,36295100000.0,240900000.0,7642500000.0,240868296.0,165462100000.0,30756100000.0,33760700000.0,1621400000.0,29134700000.0,21398100000.0,25729800000.0,4911.25,1182964418730.0
2025-03-31,BRITANNIA,INR,88385500000.0,39136800000.0,36182600000.0,44572300000.0,12641400000.0,43557200000.0,40364400000.0,240900000.0,2954200000.0,240868296.0,175350200000.0,30627700000.0,33761100000.0,1362000000.0,29265700000.0,21787300000.0,24906200000.0,4936.89990234375,1189142667000.1055
2026-03-31,BRITANNIA,INR,97319400000.0,46776600000.0,41799900000.0,45960600000.0,13976100000.0,51065600000.0,47629100000.0,240900000.0,4976700000.0,240868296.0,188582100000.0,33985300000.0,37353600000.0,1097500000.0,32887800000.0,25334900000.0,26116000000.0,5423.0,1306228769208.0
2023-03-31,ASIANPAINT,INR,257980000000.0,165351600000.0,78959300000.0,93521100000.0,19326200000.0,159922300000.0,113668400000.0,959200000.0,86392300000.0,958840131.0,343887100000.0,58332800000.0,66913000000.0,1444500000.0,56888300000.0,41064500000.0,41934300000.0,2761.64990234375,2647980754139.4185
2024-03-31,ASIANPAINT,INR,299240900000.0,175370600000.0,85009600000.0,105004100000.0,24743800000.0,187283000000.0,140378800000.0,959200000.0,90361000000.0,958842215.0,353954200000.0,75529400000.0,84059400000.0,2051700000.0,73477700000.0,54602300000.0,61036000000.0,2846.75,2729584075551.25
2025-03-31,ASIANPAINT,INR,303713700000.0,169916800000.0,81412300000.0,103123200000.0,22902900000.0,193998100000.0,145964000000.0,959200000.0,88504500000.0,958743124.0,338151700000.0,53300900000.0,63564300000.0,2270200000.0,51030700000.0,36672300000.0,44239600000.0,2340.64990234375,2244081999563.342
2026-03-31,ASIANPAINT,INR,345344900000.0,201846400000.0,91370300000.0,125195100000.0,39289300000.0,213715900000.0,171031200000.0,959200000.0,110476100000.0,958644295.0,355409000000.0,61988500000.0,74277000000.0,1954100000.0,60034400000.0,43253500000.0,70881800000.0,2165.199951171875,2075656580725.1965
2023-03-31,TITAN,INR,270230000000.0,224070000000.0,132640000000.0,151190000000.0,93670000000.0,118510000000.0,86120000000.0,890000000.0,91430000000.0,890000000.0,404470000000.0,47470000000.0,51880000000.0,3000000000.0,44470000000.0,32500000000.0,13700000000.0,2514.89990234375,2238260913085.9375
2024-03-31,TITAN,INR,315500000000.0,256080000000.0,165290000000.0,221570000000.0,155280000000.0,93930000000.0,64190000000.0,890000000.0,90790000000.0,887061560.0,509360000000.0,52420000000.0,58260000000.0,6190000000.0,46230000000.0,34960000000.0,16950000000.0,3801.800048828125,3372430682121.5527
2025-03-31,TITAN,INR,406470000000.0,344340000000.0,257930000000.0,290230000000.0,207770000000.0,116240000000.0,87790000000.0,890000000.0,86410000000.0,887045260.0,602980000000.0,54880000000.0,61810000000.0,9530000000.0,45350000000.0,33370000000.0,-5410000000.0,3063.35009765625,2717330183846.5137
2026-03-31,TITAN,INR,605610000000.0,507810000000.0,397930000000.0,448580000000.0,306210000000.0,157030000000.0,128760000000.0,890000000.0,109880000000.0,887045260.0,873050000000.0,79810000000.0,88070000000.0,11800000000.0,68010000000.0,50730000000.0,55900000000.0,3951.39990234375,3505070553738.4863
2023-03-31,MARUTI,INR,1003854000000.0,156692000000.0,227667000000.0,257852000000.0,12476000000.0,746002000000.0,556860000000.0,1572000000.0,-70975000000.0,302080060.0,1137648000000.0,106905000000.0,155365000000.0,2523000000.0,104382000000.0,82637000000.0,108146000000.0,8292.150390625,2504893287529.0234
2024-03-31,MARUTI,INR,1153508000000.0,226338000000.0,259518000000.0,297148000000.0,1186000000.0,856360000000.0,664158000000.0,1572000000.0,-33180000000.0,314402574.0,1364838000000.0,176181000000.0,228739000000.0,1936000000.0,174245000000.0,134882000000.0,168011000000.0,12600.349609375,3961582350487.3945
2025-03-31,MARUTI,INR,1310163000000.0,285687000000.0,296150000000.0,347764000000.0,870000000.0,962399000000.0,769044000000.0,1572000000.0,-10463000000.0,314402574.0,1474686000000.0,198142000000.0,254224000000.0,1942000000.0,196200000000.0,145002000000.0,161800000000.0,11522.150390625,3622593740827.6055
2026-03-31,MARUTI,INR,1488810000000.0,389574000000.0,364802000000.0,417247000000.0,1025000000.0,1071563000000.0,873444000000.0,1572000000.0,24772000000.0,314402574.0,1770941000000.0,193572000000.0,260989000000.0,2387000000.0,191185000000.0,146795000000.0,190999000000.0,12306.0,3869038075644.0
2023-03-31,M&M,INR,2058917700000.0,913254400000.0,705794100000.0,1388096600000.0,922468500000.0,563657900000.0,481876100000.0,5568200000.0,207460300000.0,1243528831.0,1190403800000.0,197597200000.0,240884200000.0,56994900000.0,140602300000.0,102815000000.0,-70740200000.0,1158.699951171875,1440876795760.5188
2024-03-31,M&M,INR,2363007300000.0,982656400000.0,755456500000.0,1587913900000.0,1066255200000.0,661905500000.0,577178600000.0,5573800000.0,227199900000.0,1114775772.0,1358030300000.0,233117800000.0,278480400000.0,73339900000.0,159777900000.0,112686400000.0,-56299500000.0,1921.3499755859375,2141874402315.9946
2025-03-31,M&M,INR,2775862700000.0,1265732700000.0,903220100000.0,1884882700000.0,1249493100000.0,770388600000.0,680078900000.0,5581500000.0,362512600000.0,1199506049.0,1556452600000.0,279334100000.0,334915900000.0,88537900000.0,190796200000.0,129291000000.0,31758100000.0,2665.800048828125,3197643283993.831
2026-03-31,M&M,INR,3176346400000.0,1471396200000.0,1160985600000.0,2081436400000.0,1339631500000.0,930963500000.0,823932100000.0,5587800000.0,310410600000.0,1200472788.0,1930979500000.0,345386200000.0,412284200000.0,93538600000.0,251847600000.0,170988500000.0,116573600000.0,2954.699951171875,3547036888086.7646
2023-03-31,BAJAJ-AUTO,INR,351364500000.0,96503900000.0,52707400000.0,57749000000.0,0.0,293615400000.0,209314300000.0,2829600000.0,43796500000.0,282957358.0,353915200000.0,78814900000.0,81673400000.0,395100000.0,78419800000.0,60602100000.0,52774200000.0,3884.75,1099218596490.5
2024-03-31,BAJAJ-AUTO,INR,393656800000.0,118470100000.0,90994100000.0,104032600000.0,17859000000.0,289624100000.0,196667000000.0,2791800000.0,27476000000.0,279179756.0,437820800000.0,101004000000.0,104651700000.0,603600000.0,100400400000.0,77082400000.0,65515300000.0,9148.150390625,2553978393905.992
2025-03-31,BAJAJ-AUTO,INR,541986100000.0,194459300000.0,115838100000.0,190098600000.0,92365200000.0,351887400000.0,244988100000.0,2792600000.0,78621200000.0,279257608.0,492669500000.0,106124300000.0,110266600000.0,3889000000.0,102235300000.0,73247300000.0,-14055700000.0,7878.85009765625,2200228832062.051
2026-03-31,BAJAJ-AUTO,INR,772229900000.0,340517300000.0,193381600000.0,370025700000.0,226398500000.0,388319900000.0,292506000000.0,2795000000.0,147135700000.0,279271733.0,603864300000.0,151191400000.0,157638300000.0,11676000000.0,139515400000.0,107442100000.0,25966000000.0,8781.5,2452424723339.5
2023-03-31,HEROMOTOCO,INR,239170300000.0,94353300000.0,60126200000.0,71364000000.0,5675400000.0,166555700000.0,138627900000.0,399700000.0,34227100000.0,199839718.0,337377200000.0,39684900000.0,46658800000.0,1048700000.0,38636200000.0,28099600000.0,26138400000.0,2347.35009765625,469093781562.89746
2024-03-31,HEROMOTOCO,INR,261527900000.0,103154500000.0,70483700000.0,83182200000.0,6064100000.0,176989200000.0,148705100000.0,399800000.0,32670800000.0,199921741.0,375990300000.0,51665700000.0,59239300000.0,763700000.0,50902000000.0,37448300000.0,49230700000.0,4722.2998046875,944090398477.085
2025-03-31,HEROMOTOCO,INR,283903200000.0,134338900000.0,74759800000.0,89862300000.0,6999300000.0,192720400000.0,164281900000.0,400000000.0,59579100000.0,200010836.0,407124800000.0,60042100000.0,68288000000.0,706500000.0,59335600000.0,43784800000.0,42973900000.0,3722.949951171875,744630332120.0459
2026-03-31,HEROMOTOCO,INR,334525900000.0,189045300000.0,99043300000.0,116415700000.0,7786100000.0,216111900000.0,187187800000.0,400200000.0,90002000000.0,200089777.0,470483900000.0,75138500000.0,83688400000.0,782700000.0,74355800000.0,57417300000.0,83146200000.0,5063.0,1013054540951.0
2023-03-31,EICHERMOT,INR,191976400000.0,36832300000.0,32345800000.0,42073600000.0,2884100000.0,149902800000.0,142517900000.0,273500000.0,4486500000.0,273653620.0,141759000000.0,38276500000.0,43538600000.0,280200000.0,37996300000.0,29139400000.0,28226600000.0,2948.85009765625,806963504060.9863
2024-03-31,EICHERMOT,INR,231279300000.0,41513300000.0,35984100000.0,50824000000.0,4194400000.0,180455300000.0,172139500000.0,273800000.0,5529200000.0,273805630.0,162340200000.0,52529000000.0,58505000000.0,508800000.0,52020200000.0,40010100000.0,37237100000.0,4019.300048828125,1100506982028.4155
2025-03-31,EICHERMOT,INR,271744100000.0,69541600000.0,42657800000.0,58779200000.0,4581300000.0,212964900000.0,205420800000.0,274200000.0,26883800000.0,274164080.0,185382100000.0,59874100000.0,67167400000.0,543400000.0,59330700000.0,47344400000.0,39799200000.0,5347.7001953125,1466147304163.6719
2026-03-31,EICHERMOT,INR,321635600000.0,95542500000.0,50239800000.0,70634100000.0,5139500000.0,251001500000.0,241425800000.0,274300000.0,45302700000.0,274314204.0,229775700000.0,71735900000.0,80139600000.0,715300000.0,71020600000.0,55152300000.0,48048400000.0,6586.0,1806633347544.0
2023-03-31,TVSMOTOR,INR,352329100000.0,170242800000.0,192187000000.0,293230600000.0,223755800000.0,55050000000.0,43154200000.0,475100000.0,-21944200000.0,475087114.0,274336800000.0,32918800000.0,41507400000.0,13558500000.0,19360300000.0,13286700000.0,-44048100000.0,1077.199951171875,511763816003.187
2024-03-31,TVSMOTOR,INR,422204600000.0,215200100000.0,210782100000.0,347093500000.0,260057000000.0,67835100000.0,55293700000.0,475100000.0,4418000000.0,475087114.0,326684600000.0,45735100000.0,55486300000.0,19058900000.0,26676200000.0,16863700000.0,-12526700000.0,2151.85009765625,1022316252656.126
2025-03-31,TVSMOTOR,INR,479369100000.0,259842500000.0,231735400000.0,384946400000.0,286087100000.0,85033800000.0,71062300000.0,475100000.0,28107100000.0,474736114.0,368874400000.0,55885100000.0,66340700000.0,20831600000.0,35053500000.0,22355600000.0,35029200000.0,2419.85009765625,1148790231823.8486
2026-03-31,TVSMOTOR,INR,565006200000.0,314694300000.0,320676800000.0,457877600000.0,327910100000.0,95642500000.0,84949100000.0,475100000.0,-5982500000.0,474960087.0,476516300000.0,70418300000.0,83144700000.0,22200900000.0,48217400000.0,30183300000.0,18665900000.0,3363.800048828125,1597670763842.0105
2023-03-31,ASHOKLEY,INR,547460100000.0,242434400000.0,224549500000.0,439502000000.0,311609300000.0,85517600000.0,37165900000.0,2936100000.0,17884900000.0,5872254552.0,414883000000.0,43584300000.0,52586500000.0,20935000000.0,22649300000.0,12387100000.0,-44992600000.0,69.5999984741211,408708907858.85065
2024-03-31,ASHOKLEY,INR,675956000000.0,291267000000.0,266799300000.0,557810100000.0,408021800000.0,90046200000.0,37728000000.0,2936300000.0,24467700000.0,5872654552.0,455172600000.0,70883200000.0,80156100000.0,29822500000.0,41060700000.0,24835200000.0,-62579800000.0,85.625,502846046015.0
2025-03-31,ASHOKLEY,INR,817146400000.0,342402400000.0,265514600000.0,658697800000.0,499621100000.0,122320900000.0,63583500000.0,2936500000.0,76887800000.0,5873054552.0,483417600000.0,85265400000.0,96131900000.0,39302100000.0,45963300000.0,31068000000.0,1284700000.0,102.11000061035156,599697603889.348
2026-03-31,ASHOKLEY,INR,1010407400000.0,437423200000.0,331176800000.0,824945000000.0,639357000000.0,142416900000.0,76822600000.0,5873900000.0,106246400000.0,5873854552.0,560760300000.0,98594400000.0,109970000000.0,47046500000.0,51547900000.0,34710300000.0,-48947100000.0,154.1300048828125,905337230780.6904
2023-03-31,LT,INR,3303523100000.0,2222043200000.0,1620659900000.0,2267850900000.0,1206504400000.0,893259500000.0,745199400000.0,2811000000.0,601383300000.0,1405482190.0,1816614200000.0,202867100000.0,236709100000.0,31776800000.0,171090300000.0,104707200000.0,227769600000.0,2164.199951171875,3041744486970.94
2024-03-31,LT,INR,3401359700000.0,2185886000000.0,1771094600000.0,2375863100000.0,1163222200000.0,863592400000.0,794896900000.0,2749300000.0,414791400000.0,1374668619.0,2191156900000.0,240536200000.0,277283200000.0,35365100000.0,205171100000.0,130591100000.0,182662800000.0,3763.89990234375,5174115080809.117
2025-03-31,LT,INR,3795241000000.0,2453417100000.0,2019709000000.0,2641204200000.0,1324089200000.0,976556000000.0,899742500000.0,2750400000.0,433708100000.0,1375192165.0,2542086500000.0,269096300000.0,310078500000.0,33308400000.0,235787900000.0,150371100000.0,91513500000.0,3492.300048828125,4802583664977.555
2026-03-31,LT,INR,4525498800000.0,3183113200000.0,2544975100000.0,3240194200000.0,1254970400000.0,1092898000000.0,1007642800000.0,2751300000.0,638138100000.0,1375632190.0,2842251900000.0,288227300000.0,331674500000.0,28469200000.0,259758100000.0,160839900000.0,167409700000.0,3504.10009765625,4820352891318.081
2023-03-31,ULTRACEMCO,INR,913869600000.0,207429000000.0,234317900000.0,370067900000.0,110577400000.0,543245400000.0,90463000000.0,2886900000.0,-26888900000.0,288265854.0,623376000000.0,81782000000.0,110661900000.0,7619500000.0,74162500000.0,50639600000.0,90685100000.0,7622.14990234375,2197205550915.1377
2024-03-31,ULTRACEMCO,INR,1008020100000.0,231583700000.0,269059600000.0,405185900000.0,114029500000.0,602274800000.0,99246000000.0,2886900000.0,-37475900000.0,288193229.0,698095300000.0,103820000000.0,135273000000.0,9597800000.0,94222200000.0,70050000000.0,108975400000.0,9749.150390625,2809639131080.83
2025-03-31,ULTRACEMCO,INR,1336971600000.0,237372000000.0,323649700000.0,598043600000.0,241021800000.0,707062100000.0,110394100000.0,2946800000.0,-86277700000.0,294146692.0,749364500000.0,91540800000.0,131690300000.0,16259500000.0,75281300000.0,60391100000.0,106734300000.0,11509.5498046875,3385496001458.074
2026-03-31,ULTRACEMCO,INR,1413760600000.0,252474400000.0,338317000000.0,606636200000.0,237550900000.0,766235400000.0,169124100000.0,2946800000.0,-85842600000.0,294169635.0,873835200000.0,127382400000.0,173827000000.0,18110500000.0,109271900000.0,81656400000.0,153158600000.0,10745.0,3160852728075.0
2023-03-31,GRASIM,INR,3372050300000.0,675043400000.0,695329900000.0,2142922100000.0,1030273700000.0,787419900000.0,129800400000.0,1316900000.0,-20286500000.0,661050191.0,1164666500000.0,159789700000.0,205079800000.0,12522600000.0,147267100000.0,68272600000.0,-126851400000.0,1626.2337646484375,1075022140731.4987
2024-03-31,GRASIM,INR,4125390800000.0,863651600000.0,924328400000.0,2736007000000.0,1371439100000.0,886524000000.0,120145100000.0,1328000000.0,-60676800000.0,678429155.0,1295790000000.0,153433300000.0,203446500000.0,16435200000.0,136998100000.0,56244900000.0,-107193300000.0,2287.300048828125,1551771039357.9236
2025-03-31,GRASIM,INR,5005357000000.0,934724700000.0,1075237100000.0,3427228700000.0,1863145700000.0,975092300000.0,107379300000.0,1361100000.0,-140512400000.0,678515233.0,1471782700000.0,135968500000.0,200505800000.0,27717900000.0,108250600000.0,37056800000.0,-171697000000.0,2611.14990234375,1771704984386.6968
2026-03-31,GRASIM,INR,5695545600000.0,1130662700000.0,1195998000000.0,3996893100000.0,2278420500000.0,1034699200000.0,143506000000.0,1361100000.0,-65335300000.0,678252757.0,1739245300000.0,179072300000.0,256331700000.0,34344800000.0,144727500000.0,49664800000.0,-178096000000.0,2557.699951171875,1734767043461.0896
2023-03-31,SHREECEM,INR,263339400000.0,89679300000.0,67321200000.0,76569800000.0,27246700000.0,186364000000.0,87163600000.0,360800000.0,22358100000.0,36080748.0,174410400000.0,17546200000.0,34152900000.0,2595800000.0,14950400000.0,12707000000.0,25687400000.0,26186.94921875,944844715650.5156
2024-03-31,SHREECEM,INR,279534700000.0,122122100000.0,61278300000.0,72094300000.0,16555500000.0,207029200000.0,107316400000.0,360800000.0,60843800000.0,36080748.0,200916600000.0,32141400000.0,51114600000.0,2549400000.0,29592000000.0,23957000000.0,33474900000.0,25682.849609375,926656424677.7578
2025-03-31,SHREECEM,INR,284917600000.0,121023500000.0,57561300000.0,69132400000.0,10461300000.0,215377500000.0,114765600000.0,360800000.0,63462200000.0,36080748.0,189764500000.0,15126800000.0,45194600000.0,2011700000.0,13115100000.0,11227700000.0,49203300000.0,30502.94921875,1100569224018.5156
2026-03-31,SHREECEM,INR,314756900000.0,151024900000.0,69892800000.0,81615800000.0,18681400000.0,232675300000.0,127295600000.0,360800000.0,81132100000.0,36080748.0,205878300000.0,24995200000.0,52934800000.0,2065100000.0,22930100000.0,17435600000.0,37940700000.0,23020.0,830578818960.0
2021-12-31,AMBUJACEM,INR,452045900000.0,170184200000.0,112252000000.0,127058200000.0,4765700000.0,253537400000.0,65162000000.0,3971300000.0,57932200000.0,1985645229.0,,,,,,,,377.5,749581073947.5
2024-03-31,AMBUJACEM,INR,651036800000.0,239662300000.0,121288800000.0,142611600000.0,6990100000.0,414516800000.0,109143300000.0,4395400000.0,118373500000.0,2197675987.0,325297900000.0,61724800000.0,78003800000.0,2763800000.0,58961000000.0,35734000000.0,56458200000.0,612.3499755859375,1345746836985.251
2025-03-31,AMBUJACEM,INR,811063600000.0,194358800000.0,138452600000.0,171592700000.0,7885000000.0,535789200000.0,146587200000.0,4926200000.0,55906200000.0,2463123478.0,336540700000.0,63196100000.0,86166500000.0,2159400000.0,61036700000.0,43031000000.0,22373500000.0,538.3499755859375,1326022464246.4495
2026-03-31,AMBUJACEM,INR,896066000000.0,137159300000.0,130962400000.0,177603600000.0,8659300000.0,593473200000.0,188866400000.0,4943600000.0,6196900000.0,2471823478.0,399694000000.0,35223800000.0,70927900000.0,2236100000.0,32987700000.0,47281800000.0,53615300000.0,401.25,991819170547.5
2023-03-31,JSWSTEEL,INR,2110780000000.0,681500000000.0,699630000000.0,1440390000000.0,1066050000000.0,656950000000.0,426270000000.0,3010000000.0,-18130000000.0,2404356419.0,1636460000000.0,119150000000.0,193890000000.0,62600000000.0,56550000000.0,41440000000.0,233230000000.0,688.0999755859375,1654437593213.792
2024-03-31,JSWSTEEL,INR,2281980000000.0,645340000000.0,660650000000.0,1484220000000.0,1056090000000.0,776690000000.0,502080000000.0,3050000000.0,-15310000000.0,2436502319.0,1725880000000.0,210110000000.0,291830000000.0,76310000000.0,133800000000.0,88120000000.0,120780000000.0,830.2000122070312,2022784254976.26
2025-03-31,JSWSTEEL,INR,2407420000000.0,707360000000.0,606260000000.0,1590760000000.0,1192220000000.0,794960000000.0,518120000000.0,3050000000.0,101100000000.0,2440479280.0,1665750000000.0,129400000000.0,222490000000.0,78630000000.0,50770000000.0,35040000000.0,208990000000.0,1063.199951171875,2594717451331.9727
2026-03-31,JSWSTEEL,INR,2696760000000.0,1034350000000.0,693770000000.0,1642010000000.0,1190790000000.0,1000530000000.0,730640000000.0,3050000000.0,340580000000.0,2440826972.0,1820370000000.0,375500000000.0,471510000000.0,83000000000.0,292500000000.0,223160000000.0,251520000000.0,1122.5,2739828276070.0
2023-03-31,TATASTEEL,INR,2880217400000.0,866655400000.0,972951300000.0,1828465300000.0,848930500000.0,1030821000000.0,481663200000.0,12212400000.0,-106295900000.0,12209853070.0,2416362500000.0,245338200000.0,338752300000.0,62987000000.0,182351200000.0,87604000000.0,216830800000.0,104.5,1275929645815.0
2024-03-31,TATASTEEL,INR,2734235000000.0,705482500000.0,984034800000.0,1809907600000.0,870821200000.0,920357600000.0,348157300000.0,12474400000.0,-278552300000.0,12471847611.0,2272962000000.0,63605300000.0,162488900000.0,75075700000.0,-11470400000.0,-44374400000.0,203006700000.0,155.85000610351562,1943737526296.4668
2025-03-31,TATASTEEL,INR,2793948000000.0,683915400000.0,860935600000.0,1880420200000.0,948010500000.0,911696300000.0,336985300000.0,12474400000.0,-177020200000.0,12471847611.0,2168403500000.0,157538200000.0,261802100000.0,73409500000.0,84128700000.0,34205100000.0,231375800000.0,154.24000549316406,1923657844030.5452
2026-03-31,TATASTEEL,INR,3012541100000.0,725201700000.0,969176400000.0,1974736600000.0,923816800000.0,1021676500000.0,396748000000.0,12474400000.0,-243974700000.0,12471847611.0,2302934700000.0,231357500000.0,350927600000.0,71670600000.0,159686900000.0,107938700000.0,350644600000.0,191.86000061035156,2392848690258.672
2023-03-31,HINDALCO,INR,2248170000000.0,893110000000.0,604580000000.0,1300000000000.0,602910000000.0,948060000000.0,482160000000.0,2220000000.0,288530000000.0,2221659388.0,2219370000000.0,168430000000.0,239290000000.0,36020000000.0,132410000000.0,100970000000.0,192080000000.0,405.3500061035156,900549646485.7328
2024-03-31,HINDALCO,INR,2319070000000.0,823430000000.0,593510000000.0,1257500000000.0,563560000000.0,1061460000000.0,575560000000.0,2220000000.0,229920000000.0,2220623508.0,2148070000000.0,177950000000.0,253160000000.0,37830000000.0,140120000000.0,101550000000.0,240560000000.0,560.25,1244104320357.0
2025-03-31,HINDALCO,INR,2659910000000.0,1019590000000.0,655160000000.0,1422700000000.0,639290000000.0,1237090000000.0,727930000000.0,2220000000.0,364430000000.0,2220443408.0,2370220000000.0,256660000000.0,335470000000.0,33290000000.0,223370000000.0,160010000000.0,244100000000.0,682.4500122070312,1515341630894.622
2026-03-31,HINDALCO,INR,3477950000000.0,1410300000000.0,1165090000000.0,2112000000000.0,991610000000.0,1365830000000.0,856410000000.0,2220000000.0,245210000000.0,2219837078.0,2726420000000.0,217940000000.0,306240000000.0,32980000000.0,184960000000.0,133910000000.0,102500000000.0,884.4500122070312,1963334930734.7207
2023-03-31,VEDL,INR,1953770000000.0,605070000000.0,870470000000.0,1459500000000.0,666180000000.0,394230000000.0,-227550000000.0,3720000000.0,-265400000000.0,3713193964.0,1454040000000.0,261220000000.0,367190000000.0,58460000000.0,202760000000.0,105740000000.0,330650000000.0,274.45001220703125,1019086128746.8748
2024-03-31,VEDL,INR,1908070000000.0,519240000000.0,786610000000.0,1487380000000.0,727700000000.0,307220000000.0,-295120000000.0,3720000000.0,-267370000000.0,3709339842.0,1417930000000.0,287980000000.0,395420000000.0,84330000000.0,203650000000.0,42390000000.0,356540000000.0,271.6499938964844,1007642145439.2864
2025-03-31,VEDL,INR,2019740000000.0,504460000000.0,735750000000.0,1482210000000.0,751850000000.0,382990000000.0,-247330000000.0,3910000000.0,-231290000000.0,3905304540.0,616050000000.0,152050000000.0,263440000000.0,35770000000.0,116280000000.0,149880000000.0,395620000000.0,463.3999938964844,1809718099999.9126
2026-03-31,VEDL,INR,2332360000000.0,1860500000000.0,1409380000000.0,1646590000000.0,278440000000.0,408310000000.0,-206720000000.0,3910000000.0,451120000000.0,3904801732.0,766720000000.0,196520000000.0,294590000000.0,25260000000.0,171260000000.0,173910000000.0,394990000000.0,654.7999877929688,2556864126447.5635
2023-03-31,HINDZINC,INR,354670000000.0,148040000000.0,174530000000.0,225350000000.0,121880000000.0,129320000000.0,17330000000.0,8450000000.0,-26490000000.0,4225319000.0,332720000000.0,155730000000.0,188370000000.0,2850000000.0,152880000000.0,105110000000.0,151620000000.0,293.3500061035156,1239497354439.3005
2024-03-31,HINDZINC,INR,338950000000.0,126250000000.0,108410000000.0,187000000000.0,91210000000.0,151950000000.0,39940000000.0,8450000000.0,17840000000.0,4225319000.0,280820000000.0,111920000000.0,146600000000.0,8850000000.0,103070000000.0,77590000000.0,133460000000.0,292.29998779296875,1235060692121.399
2025-03-31,HINDZINC,INR,344900000000.0,116260000000.0,111990000000.0,211640000000.0,115360000000.0,133260000000.0,124810000000.0,8450000000.0,4270000000.0,4225319000.0,330410000000.0,145330000000.0,181730000000.0,9800000000.0,135530000000.0,103530000000.0,141600000000.0,461.8999938964844,1951674820310.6995
2026-03-31,HINDZINC,INR,423700000000.0,166000000000.0,112740000000.0,197410000000.0,88330000000.0,226290000000.0,,8450000000.0,53260000000.0,4225319000.0,391920000000.0,192700000000.0,230600000000.0,7620000000.0,185080000000.0,138320000000.0,170080000000.0,502.1499938964844,2121743910060.6995
2023-03-31,SAIL,INR,1304810900000.0,379906400000.0,493342800000.0,757344100000.0,307734300000.0,547466700000.0,438634800000.0,41305300000.0,-113436400000.0,4130525289.0,1037490400000.0,47801700000.0,97437100000.0,18877300000.0,28924400000.0,21765300000.0,-52901500000.0,82.69999694824219,341594428794.9372
2024-03-31,SAIL,INR,1407085800000.0,481375500000.0,534644200000.0,836073500000.0,363226500000.0,571012200000.0,463793000000.0,41305300000.0,-53268700000.0,4130525289.0,1045677400000.0,64759900000.0,117543600000.0,24141800000.0,40618100000.0,30666700000.0,29108800000.0,134.25,554523020048.25
2025-03-31,SAIL,INR,1363709400000.0,418884800000.0,460601700000.0,774653400000.0,369339400000.0,589056100000.0,481957400000.0,41305300000.0,-41716900000.0,4130525289.0,1017402600000.0,60109800000.0,116616600000.0,27594500000.0,32515300000.0,23718200000.0,99143000000.0,115.18000030517578,475753904047.5563
2026-03-31,SAIL,INR,1358961100000.0,359197300000.0,436204900000.0,755402200000.0,319277100000.0,603558800000.0,494313100000.0,41305300000.0,-77007600000.0,4130525289.0,1099870200000.0,66257600000.0,126134400000.0,21202500000.0,45055100000.0,33728000000.0,190393000000.0,151.4199981689453,625444131697.1624
2023-03-31,NMDC,INR,299529200000.0,175534800000.0,59065700000.0,73178600000.0,21278700000.0,226208300000.0,18619400000.0,2930700000.0,116469100000.0,8791817550.0,176611000000.0,77218400000.0,80589100000.0,752300000.0,76466100000.0,56014600000.0,18375900000.0,37.18333435058594,326909091510.99927
2024-03-31,NMDC,INR,356610300000.0,212802800000.0,84048200000.0,99881200000.0,33587800000.0,256559000000.0,19237900000.0,2930700000.0,128754600000.0,8791817550.0,213012300000.0,80309000000.0,83903200000.0,782400000.0,79526600000.0,55750600000.0,73939400000.0,67.25,591249730237.5
2025-03-31,NMDC,INR,410068800000.0,233766800000.0,96683600000.0,112997000000.0,42758200000.0,296957700000.0,39984100000.0,8791800000.0,137083200000.0,8791817550.0,239007800000.0,93215700000.0,97419900000.0,1776800000.0,91438900000.0,65419800000.0,18942800000.0,68.88999938964844,605668305653.4004
2026-03-31,NMDC,INR,483202000000.0,294114400000.0,121060900000.0,142442800000.0,64068100000.0,340623300000.0,73717000000.0,8791800000.0,173053500000.0,8791817550.0,320691000000.0,102706800000.0,107479000000.0,1212000000.0,101494800000.0,74504200000.0,49962500000.0,76.2699966430664,670551895024.9523
2023-03-31,COALINDIA,INR,2224306600000.0,1080837100000.0,687734200000.0,1608170400000.0,43314200000.0,608429300000.0,335372600000.0,61627300000.0,393102900000.0,6162728327.0,1274290300000.0,438206900000.0,506874400000.0,5460900000.0,432746000000.0,317632300000.0,357339700000.0,213.64999389648438,1316666869449.2415
2024-03-31,COALINDIA,INR,2368783400000.0,1039524500000.0,580211200000.0,1509132400000.0,65230300000.0,851975600000.0,544255600000.0,61627300000.0,459313300000.0,6162728327.0,1270744100000.0,495475300000.0,562920200000.0,7349200000.0,488126100000.0,374022900000.0,181031000000.0,434.1000061035156,2675240404365.009
2025-03-31,COALINDIA,INR,2593958500000.0,961914600000.0,612976500000.0,1569143400000.0,91457300000.0,1017203200000.0,720121700000.0,61627300000.0,348938100000.0,6162728327.0,1662956200000.0,478219100000.0,569293000000.0,6584700000.0,471634400000.0,355057800000.0,302369000000.0,398.20001220703125,2453998495040.017
2026-03-31,COALINDIA,INR,2856602700000.0,1255276100000.0,676511100000.0,1646557000000.0,140721800000.0,1191015600000.0,889161700000.0,61627300000.0,578765000000.0,6162728327.0,1664173000000.0,427807600000.0,529298500000.0,8576700000.0,419230900000.0,310942900000.0,432146000000.0,450.45001220703125,2776001050125.767
2023-03-31,NTPC,INR,4479132500000.0,699068600000.0,887701300000.0,2969596300000.0,2229131600000.0,1470231700000.0,345241100000.0,96966700000.0,-188632700000.0,9696666134.0,1740761500000.0,352161200000.0,500083900000.0,108855300000.0,243305900000.0,169125500000.0,471517800000.0,175.10000610351562,1697886299247.1533
2024-03-31,NTPC,INR,4801965700000.0,831540600000.0,1010553400000.0,3150742900000.0,2371309800000.0,1607092700000.0,498305100000.0,96966700000.0,-179012800000.0,9696666134.0,1767196100000.0,393947600000.0,555983900000.0,122533100000.0,271414500000.0,208118900000.0,400991900000.0,335.79998779296875,3256140369429.6934
2025-03-31,NTPC,INR,5243997000000.0,933292800000.0,1036616700000.0,3332770200000.0,2500961500000.0,1840711600000.0,590906900000.0,96966700000.0,-103323900000.0,9696666134.0,1862462500000.0,411054300000.0,604434000000.0,126090200000.0,284964100000.0,234224600000.0,504878400000.0,357.6000061035156,3467527868702.1533
2026-03-31,NTPC,INR,5586435600000.0,945053500000.0,1171225400000.0,3474905000000.0,2710045800000.0,2031756700000.0,215839500000.0,96966700000.0,-226171900000.0,9696666134.0,1840152700000.0,395043500000.0,611833300000.0,123707900000.0,271335600000.0,270525200000.0,509018100000.0,370.6499938964844,3594069243383.3467
2023-03-31,POWERGRID,INR,2522730600000.0,253940200000.0,309710900000.0,1692467700000.0,1285838100000.0,830262900000.0,40434800000.0,69754500000.0,-55770700000.0,9300603818.0,440052200000.0,259167200000.0,392501000000.0,84636700000.0,174530500000.0,154197400000.0,402028700000.0,169.27499389648438,1574359654525.5693
2024-03-31,POWERGRID,INR,2508905200000.0,266746500000.0,358203200000.0,1637454100000.0,1270037100000.0,871451100000.0,21526600000.0,93006000000.0,-91456700000.0,9300603819.0,442027500000.0,278580900000.0,411255900000.0,89449800000.0,190853400000.0,155731600000.0,372895000000.0,276.8999938964844,2575337140714.719
2025-03-31,POWERGRID,INR,2661071900000.0,294992800000.0,406055300000.0,1734443800000.0,1345177100000.0,926628100000.0,24451100000.0,93006000000.0,-111062500000.0,9300603819.0,440729200000.0,281278700000.0,410410700000.0,91099800000.0,190178900000.0,155214400000.0,362218200000.0,290.3500061035156,2700430375613.031
2026-03-31,POWERGRID,INR,2947272600000.0,336151500000.0,540888100000.0,1942332300000.0,1515581000000.0,1004940300000.0,41073200000.0,93006000000.0,-204736600000.0,9300603819.0,447654300000.0,268420800000.0,398827300000.0,95210500000.0,173210300000.0,159279500000.0,409305800000.0,296.1000061035156,2753908847572.281
2023-03-31,TATAPOWER,INR,1283490400000.0,310915700000.0,440927800000.0,941449200000.0,529230900000.0,287874300000.0,207701200000.0,3195600000.0,-130012100000.0,3196991847.0,541176100000.0,95011200000.0,129403200000.0,40441200000.0,54570000000.0,33364400000.0,71655900000.0,190.25,608227698891.75
2024-03-31,TATAPOWER,INR,1395524200000.0,284653800000.0,422122300000.0,1012196500000.0,590067600000.0,323552900000.0,239236300000.0,3195600000.0,-137468500000.0,3195339547.0,603880300000.0,99820000000.0,137683700000.0,42499800000.0,57320200000.0,36962500000.0,125043700000.0,394.20001220703125,1259602888433.0098
2025-03-31,TATAPOWER,INR,1567102200000.0,299018600000.0,453830800000.0,1141041800000.0,679958200000.0,358406700000.0,274103700000.0,3195600000.0,-154812200000.0,3195339547.0,641277500000.0,106821100000.0,147989700000.0,43624900000.0,63196200000.0,39710000000.0,126801900000.0,375.3999938964844,1199530446440.995
2026-03-31,TATAPOWER,INR,1749499400000.0,315040300000.0,393378200000.0,1274118700000.0,797893400000.0,394672100000.0,304325200000.0,3195600000.0,-78337900000.0,3195339547.0,610486100000.0,115742700000.0,163853600000.0,49382800000.0,66359900000.0,37471900000.0,59933300000.0,378.75,1210234853426.25
2023-03-31,JSWENERGY,INR,487417000000.0,96241100000.0,90056100000.0,300075200000.0,250514800000.0,186288100000.0,96479800000.0,16446800000.0,6185000000.0,1640536238.0,99104700000.0,26819200000.0,38511500000.0,7390800000.0,19428400000.0,14777600000.0,20842700000.0,240.85000610351562,395123162935.33856
2024-03-31,JSWENERGY,INR,582691000000.0,86647800000.0,72694400000.0,372548600000.0,315733900000.0,208317400000.0,110288600000.0,16446800000.0,13953400000.0,1641211667.0,112651100000.0,40897500000.0,57231600000.0,19228400000.0,21669100000.0,17227100000.0,62336300000.0,528.9000244140625,868036890744.9442
2025-03-31,JSWENERGY,INR,899389800000.0,120757500000.0,117154200000.0,608539200000.0,501856500000.0,273614300000.0,112200600000.0,17477700000.0,3603300000.0,1745248977.0,114837900000.0,44049500000.0,60595900000.0,21910500000.0,22139000000.0,19508900000.0,38384800000.0,537.9000244140625,938769467336.9176
2026-03-31,JSWENERGY,INR,1241816900000.0,154066700000.0,202300200000.0,906043300000.0,769463600000.0,307515100000.0,130098700000.0,17572900000.0,-48233500000.0,1756182468.0,186920900000.0,76092900000.0,107945600000.0,56234700000.0,19858200000.0,22393100000.0,98983100000.0,471.6000061035156,828215662627.6871
2023-03-31,ADANIGREEN,INR,673610000000.0,78080000000.0,84440000000.0,600060000000.0,542240000000.0,73040000000.0,5820000000.0,15840000000.0,-6360000000.0,1584032478.0,77750000000.0,40610000000.0,53610000000.0,26350000000.0,14260000000.0,9740000000.0,72650000000.0,881.1500244140625,1395770256662.368
2024-03-31,ADANIGREEN,INR,885380000000.0,138630000000.0,268140000000.0,710900000000.0,648580000000.0,106420000000.0,15920000000.0,15840000000.0,-129510000000.0,1584032478.0,92200000000.0,58600000000.0,77630000000.0,41890000000.0,16710000000.0,11000000000.0,77130000000.0,1835.1500244140625,2906937240674.368
2025-03-31,ADANIGREEN,INR,1113980000000.0,85820000000.0,168880000000.0,888250000000.0,794470000000.0,121370000000.0,30310000000.0,15840000000.0,-83060000000.0,1584032478.0,110470000000.0,70520000000.0,95500000000.0,48370000000.0,22150000000.0,14440000000.0,89570000000.0,948.6500244140625,1502692448927.368
2026-03-31,ADANIGREEN,INR,1440970000000.0,114610000000.0,202320000000.0,1142180000000.0,1014400000000.0,199650000000.0,44670000000.0,16470000000.0,-87710000000.0,1647176155.0,123260000000.0,78610000000.0,112330000000.0,58600000000.0,20010000000.0,16520000000.0,101350000000.0,806.9000244140625,1329106479683.7617
2023-03-31,ONGC,INR,6427737320000.0,1167652310000.0,1345326560000.0,3431803030000.0,1767440370000.0,2845453780000.0,293408840000.0,62901390000.0,-177674250000.0,12580279206.0,6295101440000.0,517811800000.0,776688670000.0,70351520000.0,447460280000.0,367093340000.0,860621010000.0,151.0500030517578,1900251212458.2654
2024-03-31,ONGC,INR,7419979230000.0,1402207460000.0,1693474780000.0,3823736690000.0,1911952270000.0,3390688760000.0,380692340000.0,62901390000.0,-291267320000.0,12580279206.0,5986442330000.0,853716360000.0,1168865640000.0,117424210000.0,736292150000.0,491439260000.0,988466050000.0,268.04998779296875,3372143687600.4385
2025-03-31,ONGC,INR,7587231020000.0,1347965420000.0,1979052880000.0,3844879850000.0,2188805840000.0,3434404760000.0,298799530000.0,62901390000.0,-631087460000.0,12580279206.0,6089529140000.0,646890410000.0,993818390000.0,122911600000.0,523978810000.0,362256230000.0,908556050000.0,246.3800048828125,3099529252201.425
2026-03-31,ONGC,INR,7919051800000.0,1419393850000.0,1688712300000.0,3822119100000.0,1742991330000.0,3717677950000.0,420037470000.0,62901390000.0,-269318450000.0,12580279206.0,6052764580000.0,783458970000.0,1156084410000.0,107229490000.0,676229480000.0,414243820000.0,1127193410000.0,284.6499938964844,3580976399203.969
2023-03-31,BPCL,INR,1881381900000.0,560423500000.0,748711300000.0,1346158300000.0,693760300000.0,535223600000.0,93742900000.0,21294500000.0,-188287800000.0,4258910978.0,4662577300000.0,67514200000.0,131202400000.0,39302900000.0,28211300000.0,21310500000.0,124656000000.0,172.14999389648438,733171498868.3704
2024-03-31,BPCL,INR,2024177500000.0,656941100000.0,808833800000.0,1267826400000.0,545990500000.0,756351100000.0,252725100000.0,21362900000.0,-151892700000.0,4272584874.0,4466662600000.0,402948500000.0,470661100000.0,41004100000.0,361944400000.0,268588400000.0,359696300000.0,301.20001220703125,1286902616204.377
2025-03-31,BPCL,INR,2183822200000.0,728322200000.0,906720000000.0,1369981400000.0,611005700000.0,813840800000.0,166379900000.0,42725800000.0,-178397800000.0,4272584874.0,4387377700000.0,217370600000.0,289937500000.0,35547600000.0,181823000000.0,133365500000.0,236777900000.0,278.4700012207031,1189786715078.3376
2026-03-31,BPCL,INR,2486160300000.0,837188700000.0,1054524200000.0,1484457700000.0,544244200000.0,1001702600000.0,231011600000.0,42725800000.0,-217335500000.0,4272584874.0,4503026700000.0,377397600000.0,455961300000.0,29485200000.0,347912400000.0,258434500000.0,507689900000.0,281.0,1200596349594.0
2023-03-31,IOC,INR,4417184800000.0,1588368800000.0,2066487400000.0,2985041400000.0,1489770800000.0,1397202400000.0,96575100000.0,137715600000.0,-478118600000.0,13771560699.0,8275473300000.0,216848900000.0,348659400000.0,66472000000.0,150376900000.0,97921200000.0,296437200000.0,77.9000015258789,1072804599465.834
2024-03-31,IOC,INR,4823620000000.0,1584429600000.0,2164039300000.0,2941990200000.0,1326275600000.0,1834162700000.0,390325000000.0,137715600000.0,-579609700000.0,13771560699.0,7728420600000.0,648716100000.0,807377200000.0,75838200000.0,572877900000.0,417296900000.0,711464100000.0,167.75,2310179307257.25
2025-03-31,IOC,INR,5071996600000.0,1568663000000.0,2309908800000.0,3161750000000.0,1522707000000.0,1864873200000.0,190953400000.0,137715600000.0,-741245800000.0,13771560699.0,7545679400000.0,255017100000.0,422790500000.0,84382600000.0,170634500000.0,135978400000.0,344524000000.0,127.69999694824219,1758628259234.832
2026-03-31,IOC,INR,5289549600000.0,1568107700000.0,2112058000000.0,3034074300000.0,1318223900000.0,2195179700000.0,357208300000.0,137715600000.0,-543950300000.0,13771560699.0,7739928000000.0,652344100000.0,836546500000.0,77623300000.0,574720800000.0,420962600000.0,761420800000.0,135.39999389648438,1864669234589.664
2023-03-31,GAIL,INR,1077807500000.0,205306900000.0,217110200000.0,426737700000.0,178161800000.0,649274300000.0,521689600000.0,65751000000.0,-11803300000.0,6575099643.0,1453245700000.0,76271800000.0,104231700000.0,3708000000.0,72563800000.0,56160000000.0,32046900000.0,105.1500015258789,691371737494.2559
2024-03-31,GAIL,INR,1247172300000.0,202718100000.0,216405400000.0,475214500000.0,217937700000.0,769971800000.0,581756000000.0,65751000000.0,-13687300000.0,6575079643.0,1328585600000.0,133214900000.0,170329700000.0,7264800000.0,125950100000.0,98992200000.0,125857200000.0,181.0500030517578,1190418189430.7007
2025-03-31,GAIL,INR,1331487300000.0,225485700000.0,224808400000.0,479082500000.0,215953800000.0,849975500000.0,667949600000.0,65751000000.0,677300000.0,6575079643.0,1419016900000.0,168359100000.0,208464530000.0,7404000000.0,160955100000.0,124498000000.0,157272700000.0,183.0399932861328,1203502533710.5085
2026-03-31,GAIL,INR,1405365900000.0,197617100000.0,232814100000.0,512449300000.0,248314900000.0,890496000000.0,701517100000.0,65751000000.0,-35197000000.0,6575079643.0,1415977200000.0,106894000000.0,145244900000.0,9641800000.0,97252200000.0,75824700000.0,112486500000.0,137.7100067138672,905454261781.7415
2023-03-31,SUNPHARMA,INR,807435900000.0,398833400000.0,199070000000.0,214281200000.0,68858700000.0,559953800000.0,436102500000.0,2399300000.0,199763400000.0,2399334970.0,432788700000.0,95804300000.0,121108600000.0,1720000000.0,94084300000.0,84735800000.0,49593300000.0,983.0999755859375,2358786150429.4863
2024-03-31,SUNPHARMA,INR,854996500000.0,434749800000.0,169844000000.0,183737100000.0,32736700000.0,636667500000.0,501545500000.0,2399300000.0,264905800000.0,2399334970.0,477584500000.0,113263600000.0,138831500000.0,2384700000.0,110878900000.0,95763800000.0,121349800000.0,1620.550048828125,3888242402788.528
2025-03-31,SUNPHARMA,INR,921005800000.0,526244700000.0,181942100000.0,196146300000.0,23621900000.0,722180200000.0,578618400000.0,2399300000.0,344302600000.0,2399334970.0,520412500000.0,139834900000.0,165588800000.0,2313600000.0,137521300000.0,109290400000.0,140720900000.0,1734.699951171875,4162126255303.972
2026-03-31,SUNPHARMA,INR,1087852200000.0,638911900000.0,226220400000.0,249054800000.0,46273200000.0,835700900000.0,693546300000.0,2399300000.0,412691500000.0,2399334970.0,582201100000.0,154577900000.0,183956400000.0,3389100000.0,151188800000.0,114794200000.0,124191800000.0,1757.199951171875,4216111292128.972
2023-03-31,DRREDDY,INR,321854000000.0,204253000000.0,85845000000.0,90863000000.0,13472000000.0,230991000000.0,215593000000.0,833000000.0,118408000000.0,830783660.0,245879000000.0,61795000000.0,74431000000.0,1428000000.0,60367000000.0,45067000000.0,58875000000.0,924.5499877929688,768101022711.5979
2024-03-31,DRREDDY,INR,387518000000.0,248049000000.0,96039000000.0,106968000000.0,20020000000.0,280550000000.0,265257000000.0,834000000.0,152010000000.0,832642375.0,279164000000.0,73581000000.0,88422000000.0,1711000000.0,71870000000.0,55684000000.0,45433000000.0,1231.5799560546875,1025465659611.7706
2025-03-31,DRREDDY,INR,492989000000.0,250112000000.0,130392000000.0,155823000000.0,46766000000.0,333388000000.0,315793000000.0,834000000.0,119720000000.0,832003105.0,325535000000.0,79613000000.0,96671000000.0,2829000000.0,76784000000.0,56544000000.0,46428000000.0,1144.199951171875,951977912115.8484
2026-03-31,DRREDDY,INR,579346000000.0,301975000000.0,167566000000.0,198889000000.0,77341000000.0,377063000000.0,351984000000.0,835000000.0,134409000000.0,832691395.0,335933000000.0,58555000000.0,79160000000.0,3738000000.0,54817000000.0,42850000000.0,56755000000.0,1254.9000244140625,1044944451914.8798
2023-03-31,CIPLA,INR,294632800000.0,172749500000.0,51096700000.0,57497400000.0,8031200000.0,234077800000.0,180570300000.0,1614300000.0,121652800000.0,807150593.0,224731800000.0,41329100000.0,51521000000.0,945600000.0,40383500000.0,28019100000.0,32376500000.0,900.5,726839108996.5
2024-03-31,CIPLA,INR,327178200000.0,194414100000.0,52457700000.0,59154900000.0,5594100000.0,267064300000.0,214387800000.0,1614700000.0,141956400000.0,807367062.0,254466300000.0,57730300000.0,68240500000.0,711300000.0,57019000000.0,41215500000.0,41339100000.0,1496.949951171875,1208588084038.6802
2025-03-31,CIPLA,INR,373870400000.0,232885200000.0,54839600000.0,60977900000.0,4381900000.0,311934500000.0,256442800000.0,1615200000.0,178045600000.0,807617120.0,271454000000.0,68648300000.0,78602800000.0,440200000.0,68208100000.0,52725200000.0,50049800000.0,1442.199951171875,1164745371029.5703
2026-03-31,CIPLA,INR,424959800000.0,241470300000.0,70135900000.0,79757400000.0,6137700000.0,344319500000.0,282160000000.0,1615600000.0,171334400000.0,807782631.0,277116900000.0,52718600000.0,63554800000.0,482300000.0,52236300000.0,38792300000.0,39400200000.0,1224.199951171875,988887457427.6887
2023-03-31,DIVISLAB,INR,144390000000.0,93120000000.0,11010000000.0,16720000000.0,40000000.0,127670000000.0,109590000000.0,530000000.0,82110000000.0,265468580.0,76650000000.0,23690000000.0,27120000000.0,0.0,23690000000.0,18240000000.0,24590000000.0,2823.35009765625,749510741267.666
2024-03-31,DIVISLAB,INR,154700000000.0,96750000000.0,12780000000.0,18990000000.0,30000000.0,135710000000.0,117860000000.0,530000000.0,83970000000.0,265468580.0,77960000000.0,21660000000.0,25440000000.0,30000000.0,21630000000.0,16000000000.0,12610000000.0,3445.300048828125,914618911636.333
2025-03-31,DIVISLAB,INR,169320000000.0,100810000000.0,14520000000.0,19630000000.0,40000000.0,149690000000.0,134000000000.0,530000000.0,86290000000.0,265468580.0,93250000000.0,29180000000.0,33200000000.0,20000000.0,29160000000.0,21910000000.0,16530000000.0,5775.4501953125,1533200562210.332
2026-03-31,DIVISLAB,INR,200330000000.0,110960000000.0,20430000000.0,32720000000.0,70000000.0,167610000000.0,153700000000.0,530000000.0,90530000000.0,265468580.0,104760000000.0,34110000000.0,38740000000.0,230000000.0,33880000000.0,25680000000.0,27380000000.0,5947.0,1578741645260.0
2023-03-31,LUPIN,INR,229559300000.0,124513000000.0,92653700000.0,104131100000.0,45415200000.0,124645000000.0,95359500000.0,910000000.0,31859300000.0,454981335.0,162699800000.0,9567000000.0,18373900000.0,2402100000.0,7164900000.0,4300800000.0,18972400000.0,648.4000244140625,295009908721.94275
2024-03-31,LUPIN,INR,239971800000.0,134476500000.0,85015000000.0,96237300000.0,29217700000.0,142902900000.0,111833700000.0,911400000.0,49461500000.0,455678908.0,196563400000.0,27013100000.0,38981200000.0,2790400000.0,24222700000.0,19144800000.0,36483600000.0,1616.800048828125,736741680704.3467
2025-03-31,LUPIN,INR,292048800000.0,167985800000.0,89613900000.0,119105300000.0,54477700000.0,172035000000.0,140705700000.0,913200000.0,78371900000.0,456565045.0,221921100000.0,42855300000.0,54547900000.0,2705300000.0,40150000000.0,32816200000.0,29999400000.0,2027.949951171875,925891060714.5349
2026-03-31,LUPIN,INR,383648300000.0,240273800000.0,126512400000.0,158514600000.0,66161800000.0,224482700000.0,187968000000.0,914400000.0,113761400000.0,457179111.0,274875400000.0,72850500000.0,86605500000.0,4125000000.0,68725500000.0,53328400000.0,73345000000.0,2313.89990234375,1057866700296.5024
2023-03-31,APOLLOHOSP,INR,144278000000.0,43370000000.0,33249000000.0,78965000000.0,43324000000.0,61974000000.0,20592000000.0,719000000.0,10121000000.0,143784657.0,164448000000.0,14574000000.0,20728000000.0,3137000000.0,11437000000.0,8191000000.0,13769000000.0,4310.89990234375,619841263819.8296
2024-03-31,APOLLOHOSP,INR,167531000000.0,52797000000.0,46645000000.0,94326000000.0,53326000000.0,69354000000.0,27726000000.0,719000000.0,6152000000.0,143784657.0,188623000000.0,17906000000.0,24776000000.0,4101000000.0,13805000000.0,8986000000.0,19202000000.0,6356.7998046875,914010279534.6592
2025-03-31,APOLLOHOSP,INR,206574000000.0,70289000000.0,45789000000.0,120045000000.0,54192000000.0,82123000000.0,39412000000.0,719000000.0,24500000000.0,143784657.0,215267000000.0,24616000000.0,32191000000.0,4225000000.0,20391000000.0,14459000000.0,21364000000.0,6616.2001953125,951308075726.3408
2026-03-31,APOLLOHOSP,INR,221969000000.0,68998000000.0,64813000000.0,122224000000.0,84924000000.0,94801000000.0,50444000000.0,719000000.0,4185000000.0,143784657.0,249106000000.0,30170000000.0,38931000000.0,3561000000.0,26609000000.0,19417000000.0,28557000000.0,7419.0,1066738370283.0
2023-03-31,BHARTIARTL,INR,4466332000000.0,575013000000.0,1219638000000.0,3401889000000.0,2260203000000.0,775629000000.0,64497000000.0,28366000000.0,-644625000000.0,5964501570.0,1391448000000.0,308562000000.0,672880000000.0,142955000000.0,165607000000.0,83459000000.0,653246000000.0,749.0,4467411675930.0
2024-03-31,BHARTIARTL,INR,4445310000000.0,582761000000.0,1386678000000.0,3389671000000.0,2155923000000.0,820188000000.0,114706000000.0,28766000000.0,-803917000000.0,6044256703.0,1499824000000.0,286349000000.0,681725000000.0,159559000000.0,126790000000.0,74670000000.0,788982000000.0,1228.5999755859375,7425973637740.939
2025-03-31,BHARTIARTL,INR,5143604000000.0,675888000000.0,1804402000000.0,3608927000000.0,2136421000000.0,1136719000000.0,408823000000.0,29001000000.0,-1128514000000.0,6090056304.0,1729852000000.0,560126000000.0,1015829000000.0,176141000000.0,383985000000.0,335561000000.0,983322000000.0,1733.4000244140625,10556503746036.615
2026-03-31,BHARTIARTL,INR,5521516000000.0,902154000000.0,1745057000000.0,3561882000000.0,1954117000000.0,1490566000000.0,582655000000.0,30468000000.0,-842903000000.0,6091718266.0,2109728000000.0,630153000000.0,1157261000000.0,178426000000.0,451727000000.0,266952000000.0,1222296000000.0,1782.4000244140625,10857878786041.99
2023-03-31,ADANIPORTS,INR,1147630900000.0,175963900000.0,125301200000.0,678461100000.0,524428400000.0,455559200000.0,307231800000.0,4320300000.0,50662700000.0,2160138945.0,208519100000.0,80439500000.0,114686600000.0,25570600000.0,54868900000.0,53088500000.0,118995000000.0,631.9000244140625,1364991852083.267
2024-03-31,ADANIPORTS,INR,1189178700000.0,174723600000.0,164629400000.0,643748700000.0,491666600000.0,529447700000.0,371956900000.0,4320300000.0,10094200000.0,2160138945.0,267105600000.0,128052400000.0,166937000000.0,27115100000.0,100937300000.0,81106400000.0,150175800000.0,1341.8499755859375,2898582390610.483
2025-03-31,ADANIPORTS,INR,1353322300000.0,189441200000.0,209859900000.0,703588900000.0,513048200000.0,624353900000.0,463326600000.0,4320300000.0,-20418700000.0,2160138945.0,304753300000.0,157163000000.0,200952300000.0,26866800000.0,130296200000.0,110923100000.0,172262800000.0,1182.949951171875,2555336259512.216
2026-03-31,ADANIPORTS,INR,1853147600000.0,219748300000.0,157603500000.0,863332800000.0,632361600000.0,961253000000.0,565645900000.0,4607900000.0,62144800000.0,2303959098.0,387357700000.0,185999300000.0,241173100000.0,37513700000.0,148485600000.0,128062100000.0,203562500000.0,1312.5999755859375,3024176655785.799
2023-03-31,ADANIENT,INR,1414878200000.0,372822800000.0,448030500000.0,1035977700000.0,530126000000.0,330510100000.0,155857300000.0,1140000000.0,-75207700000.0,1175884969.0,1273896500000.0,62412900000.0,86774300000.0,30033700000.0,32379200000.0,24639800000.0,176264600000.0,1750.449951171875,2058327786569.7917
2024-03-31,ADANIENT,INR,1607318500000.0,370269000000.0,446516900000.0,1165455600000.0,653101500000.0,390760900000.0,186290600000.0,1140000000.0,-76247900000.0,1175884969.0,963161500000.0,86443700000.0,116865200000.0,37194600000.0,49249100000.0,32407800000.0,103121900000.0,3197.10009765625,3759421949222.4165
2025-03-31,ADANIENT,INR,1981355400000.0,409442200000.0,473831500000.0,1416650900000.0,914726000000.0,503139700000.0,251386900000.0,1154200000.0,-64389300000.0,1190510909.0,977110800000.0,153663400000.0,195776700000.0,48876000000.0,104787400000.0,70990000000.0,45131000000.0,2315.800048828125,2756985221192.615
2026-03-31,ADANIENT,INR,2616003500000.0,611760400000.0,589122500000.0,1724221000000.0,1066217900000.0,809259500000.0,336150300000.0,1292400000.0,22637900000.0,1292682416.0,1002670200000.0,199175700000.0,260529100000.0,63929100000.0,135246600000.0,93394700000.0,23569100000.0,1758.800048828125,2273569896380.0586
2023-03-31,DABUR,INR,136543700000.0,42489600000.0,36094300000.0,42129400000.0,11737900000.0,89732600000.0,81253300000.0,1771800000.0,6395300000.0,1771763464.0,114265100000.0,22878200000.0,25987800000.0,691400000.0,22186800000.0,17071500000.0,14884300000.0,544.9000244140625,965433954789.544
2024-03-31,DABUR,INR,151226800000.0,56796200000.0,39304300000.0,48196000000.0,13650900000.0,98663000000.0,89823000000.0,1772000000.0,17491900000.0,1772039162.0,122616500000.0,24689200000.0,28681300000.0,1101800000.0,23587400000.0,18426800000.0,20134700000.0,523.1500244140625,927042330862.9749
2025-03-31,DABUR,INR,162322800000.0,65324600000.0,43184400000.0,50220200000.0,9500800000.0,108006900000.0,98078500000.0,1772300000.0,22140200000.0,1772318252.0,124000100000.0,24047800000.0,28503800000.0,1468900000.0,22578900000.0,17676300000.0,19867500000.0,506.5,897679194638.0
2026-03-31,DABUR,INR,174799100000.0,88859600000.0,52390800000.0,56771600000.0,12873200000.0,114195200000.0,102325400000.0,1773700000.0,36468800000.0,1773690172.0,130420000000.0,25459000000.0,30148300000.0,1254700000.0,24204300000.0,18950300000.0,25786200000.0,410.45001220703125,728011152748.8914
2023-03-31,MARICO,INR,69460000000.0,38200000000.0,24290000000.0,29900000000.0,6080000000.0,37990000000.0,35260000000.0,1290000000.0,13910000000.0,1291877601.0,96890000000.0,17750000000.0,19300000000.0,320000000.0,17430000000.0,13020000000.0,14190000000.0,479.79998779296875,619842857189.8098
2024-03-31,MARICO,INR,74210000000.0,40030000000.0,24440000000.0,32520000000.0,5280000000.0,38320000000.0,35610000000.0,1290000000.0,15590000000.0,1292711137.0,95730000000.0,19850000000.0,21430000000.0,480000000.0,19370000000.0,14810000000.0,13870000000.0,497.20001220703125,642735993096.5652
2025-03-31,MARICO,INR,83320000000.0,50770000000.0,24550000000.0,40660000000.0,5540000000.0,39750000000.0,36990000000.0,1290000000.0,26220000000.0,1293906247.0,107330000000.0,21510000000.0,23290000000.0,350000000.0,21160000000.0,16290000000.0,13630000000.0,651.6500244140625,843174037447.058
2026-03-31,MARICO,INR,100750000000.0,58600000000.0,41010000000.0,55810000000.0,5570000000.0,42100000000.0,37680000000.0,1300000000.0,17590000000.0,1295647582.0,135480000000.0,23150000000.0,25170000000.0,380000000.0,22770000000.0,17620000000.0,20840000000.0,735.9500122070312,953531853788.9105
2023-03-31,GODREJCP,INR,174987700000.0,58059700000.0,32913100000.0,37045400000.0,11295800000.0,137942300000.0,110966200000.0,1022700000.0,25146600000.0,1022695318.0,131986800000.0,22397800000.0,24760700000.0,1070500000.0,21327300000.0,17024600000.0,21506500000.0,968.1500244140625,990122497089.8474
2024-03-31,GODREJCP,INR,184958900000.0,55612300000.0,55903400000.0,58973200000.0,32222100000.0,125985700000.0,100116800000.0,1022800000.0,-291100000.0,1022820329.0,139740600000.0,4465000000.0,6874600000.0,2482700000.0,1982300000.0,-5605500000.0,20699500000.0,1251.800048828125,1280366537784.5989
2025-03-31,GODREJCP,INR,196717900000.0,73268300000.0,69335600000.0,76678700000.0,40044900000.0,120039200000.0,92524300000.0,1070100000.0,3932700000.0,1023007964.0,139170600000.0,29830100000.0,32170100000.0,3111200000.0,26718900000.0,18523000000.0,25767500000.0,1159.25,1185921982267.0
2026-03-31,GODREJCP,INR,213335800000.0,70198500000.0,77071600000.0,86806300000.0,44158100000.0,126529500000.0,89951600000.0,1070300000.0,-6873100000.0,1023244581.0,151000900000.0,29029000000.0,31704300000.0,3127400000.0,25901600000.0,18614700000.0,24884600000.0,984.7999877929688,1007691250878.0215
2023-03-31,COLPAL,INR,28829893000.0,15478836000.0,10846354000.0,11666050000.0,689615000.0,17163843000.0,12965264000.0,271986000.0,4632482000.0,271985634.0,51878636000.0,14145865000.0,15893902000.0,49138000.0,14096727000.0,10471465000.0,11762632000.0,1507.3499755859375,409977538769.62573
2024-03-31,COLPAL,INR,31965300000.0,19038100000.0,12393500000.0,13221700000.0,717500000.0,18743600000.0,14519300000.0,272000000.0,6644600000.0,271985634.0,56441800000.0,17863300000.0,19578400000.0,50000000.0,17813300000.0,13236600000.0,11989600000.0,2710.35009765625,737176289672.9971
2025-03-31,COLPAL,INR,30185500000.0,17627100000.0,12771400000.0,13540800000.0,608400000.0,16644700000.0,12540700000.0,272000000.0,4855700000.0,271985634.0,59992000000.0,19341600000.0,20969000000.0,43200000.0,19298400000.0,14368100000.0,13944600000.0,2389.800048828125,649991281413.7485
2026-03-31,COLPAL,INR,34082200000.0,22311100000.0,17430400000.0,18241100000.0,474100000.0,15841100000.0,11775600000.0,272000000.0,4880700000.0,271985634.0,59835700000.0,17877500000.0,19338100000.0,37900000.0,17839600000.0,13253100000.0,18063000000.0,1788.699951171875,486500690255.25146
2023-03-31,PIDILITIND,INR,105250200000.0,45615200000.0,24106200000.0,30791000000.0,3906100000.0,72122800000.0,57079200000.0,508300000.0,21509000000.0,1016628480.0,117516200000.0,17708800000.0,20406200000.0,476400000.0,17232400000.0,12732500000.0,15575700000.0,1176.5,1196063406720.0
2024-03-31,PIDILITIND,INR,121039500000.0,58364100000.0,27975800000.0,34869400000.0,3824700000.0,84071600000.0,68158500000.0,508600000.0,30388300000.0,1017218680.0,123370700000.0,24305400000.0,27508400000.0,511900000.0,23793500000.0,17293800000.0,27240300000.0,1507.3499755859375,1533304552463.5596
2025-03-31,PIDILITIND,INR,140114700000.0,74619900000.0,32898500000.0,40537100000.0,4541400000.0,97544600000.0,80718200000.0,508600000.0,41721400000.0,1017297510.0,130927600000.0,28730500000.0,32235000000.0,503500000.0,28227000000.0,20762400000.0,22866300000.0,1424.6500244140625,1449292922457.865
2026-03-31,PIDILITIND,INR,154328900000.0,85318800000.0,35853700000.0,43842400000.0,4172100000.0,108321700000.0,89695800000.0,1017800000.0,49465100000.0,1017766288.0,145512600000.0,33743900000.0,37633800000.0,542200000.0,33201700000.0,24489200000.0,28284500000.0,1285.0,1307829680080.0
2023-03-31,HAVELLS,INR,111574400000.0,70660600000.0,38355400000.0,45319900000.0,2231000000.0,66254500000.0,56811600000.0,626500000.0,32305200000.0,626467778.0,168057200000.0,14805000000.0,17766700000.0,334400000.0,14470600000.0,10717300000.0,5649400000.0,1188.5,744556954153.0
2024-03-31,HAVELLS,INR,124326900000.0,78996100000.0,42830800000.0,49859300000.0,3031600000.0,74467600000.0,64771000000.0,626700000.0,36165300000.0,626683030.0,184733100000.0,17529200000.0,20914200000.0,455500000.0,17073700000.0,12707600000.0,19528900000.0,1515.0,949424790450.0
2025-03-31,HAVELLS,INR,138094100000.0,88705100000.0,47747600000.0,54684400000.0,3185400000.0,83237900000.0,73000700000.0,626900000.0,40957500000.0,626941732.0,216000800000.0,20335500000.0,24339500000.0,430600000.0,19904900000.0,14722600000.0,15230100000.0,1528.9000244140625,958531229360.9946
2026-03-31,HAVELLS,INR,147462500000.0,78252300000.0,45847200000.0,52775800000.0,2652000000.0,94554700000.0,83721500000.0,627300000.0,32405100000.0,627256842.0,222881200000.0,22467000000.0,26786200000.0,371300000.0,22095700000.0,16905600000.0,15719900000.0,1190.5999755859375,746811980771.3123
2023-03-31,VOLTAS,INR,102790100000.0,64464900000.0,46195400000.0,47852900000.0,6505800000.0,54520700000.0,31502500000.0,330800000.0,18269500000.0,330884740.0,93993700000.0,3367300000.0,3763500000.0,295900000.0,3071400000.0,1350100000.0,1593800000.0,818.25,270746438505.0
2024-03-31,VOLTAS,INR,120357200000.0,77246400000.0,57563800000.0,61815100000.0,7436300000.0,58205000000.0,32269900000.0,330800000.0,19682600000.0,330884740.0,124073600000.0,5416800000.0,5892700000.0,558800000.0,4858000000.0,2520000000.0,7615100000.0,1103.550048828125,365147870983.48145
2025-03-31,VOLTAS,INR,131520200000.0,88779200000.0,60055000000.0,66117200000.0,8919700000.0,65132500000.0,38579600000.0,330800000.0,28724200000.0,330884740.0,153204500000.0,12528600000.0,13146400000.0,621100000.0,11907500000.0,8413700000.0,-2251500000.0,1458.699951171875,482661554081.51855
2026-03-31,VOLTAS,INR,145096800000.0,103291900000.0,75540300000.0,81106300000.0,9924800000.0,63762100000.0,39882800000.0,330800000.0,27751600000.0,330884740.0,141229900000.0,6438900000.0,7279900000.0,867800000.0,5571100000.0,3758800000.0,709700000.0,1272.800048828125,421150113228.48145
2023-03-31,BERGEPAINT,INR,79671700000.0,41644500000.0,29745500000.0,34649100000.0,11889700000.0,44941200000.0,39779600000.0,971400000.0,11899000000.0,1165706982.0,104153800000.0,12615700000.0,15256000000.0,992300000.0,11623400000.0,8594200000.0,9755700000.0,484.75,565076459524.5
2024-03-31,BERGEPAINT,INR,83686600000.0,43180300000.0,23625100000.0,29794900000.0,7532900000.0,53789700000.0,48346900000.0,1165800000.0,19555200000.0,1165796049.0,111002100000.0,16351400000.0,19660200000.0,782500000.0,15568900000.0,11677400000.0,15910500000.0,573.0499877929688,668059411648.5413
2025-03-31,BERGEPAINT,INR,91316400000.0,48903000000.0,23797100000.0,29649500000.0,6702700000.0,61541000000.0,56063000000.0,1165900000.0,25105900000.0,1165894779.0,114574800000.0,16317400000.0,19859300000.0,632700000.0,15684700000.0,11804000000.0,12690500000.0,500.20001220703125,583180582687.9141
2026-03-31,BERGEPAINT,INR,100572600000.0,54271000000.0,25658800000.0,31273600000.0,6351300000.0,69161600000.0,62929900000.0,1166000000.0,28612200000.0,1166002812.0,117896800000.0,15456700000.0,19377600000.0,575700000.0,14881000000.0,11268700000.0,15400400000.0,410.0,478061152920.0
2022-09-30,SIEMENS,INR,201090000000.0,152850000000.0,79953000000.0,84912000000.0,1821000000.0,116102000000.0,81632000000.0,712000000.0,72897000000.0,356120255.0,158738000000.0,17475000000.0,20646000000.0,358000000.0,17117000000.0,15429000000.0,9785000000.0,1626.4581298828125,579214683960.6903
2023-09-30,SIEMENS,INR,217696000000.0,168653000000.0,76596000000.0,86739000000.0,1752000000.0,130871000000.0,96562000000.0,712000000.0,92057000000.0,356120255.0,192792000000.0,26625000000.0,29828000000.0,228000000.0,26397000000.0,19609000000.0,14000000000.0,2155.755615234375,767708239414.9475
2024-09-30,SIEMENS,INR,252795000000.0,200283000000.0,87833000000.0,99134000000.0,2794000000.0,153567000000.0,119414000000.0,712000000.0,112450000000.0,356120505.0,149378000000.0,26623000000.0,29919000000.0,431000000.0,26192000000.0,27166000000.0,16547000000.0,4255.74609375,1515558448058.0273
2025-09-30,SIEMENS,INR,199892000000.0,153447000000.0,60322000000.0,67511000000.0,1453000000.0,132276000000.0,,712000000.0,93125000000.0,356120505.0,173642000000.0,22970000000.0,25920000000.0,151000000.0,22819000000.0,21042000000.0,3747000000.0,3129.199951171875,1114372266857.3035
2022-12-31,ABB,INR,93182300000.0,78986000000.0,43503400000.0,43788200000.0,330900000.0,49394100000.0,22542000000.0,423800000.0,35482600000.0,211908375.0,84984100000.0,13740700000.0,14787700000.0,112800000.0,13627900000.0,10162300000.0,7419400000.0,2683.0,568550170125.0
2023-12-31,ABB,INR,110011900000.0,95474900000.0,50141600000.0,50565900000.0,489800000.0,59446000000.0,32593900000.0,423800000.0,45333300000.0,211908375.0,103666800000.0,16711600000.0,17910800000.0,122700000.0,16588900000.0,12420500000.0,13514800000.0,4674.85009765625,990639887562.9272
2024-12-31,ABB,INR,123913300000.0,107626000000.0,52739600000.0,53159300000.0,518800000.0,70754000000.0,43901900000.0,423800000.0,54886400000.0,211908375.0,120876700000.0,25286600000.0,26575800000.0,154000000.0,25132600000.0,18716400000.0,13318000000.0,6912.25,1464763665093.75
2025-12-31,ABB,INR,136384800000.0,117497100000.0,57334500000.0,58024900000.0,848200000.0,78359900000.0,51507800000.0,423800000.0,60162600000.0,211908375.0,130653200000.0,22493300000.0,23948600000.0,193900000.0,22299400000.0,16682600000.0,12195100000.0,5170.0,1095566298750.0
2023-03-31,BEL,INR,354911700000.0,300477400000.0,205657800000.0,216117900000.0,613400000.0,138616300000.0,93517900000.0,7309800000.0,94819600000.0,7309778829.0,174041800000.0,39375000000.0,43663200000.0,145900000.0,39229100000.0,29844200000.0,11992600000.0,97.55000305175781,713068947076.6246
2024-03-31,BEL,INR,395266800000.0,340629800000.0,220267300000.0,231822900000.0,625100000.0,163264700000.0,114743500000.0,7309800000.0,120362500000.0,7309778829.0,199054900000.0,52730700000.0,57162700000.0,68600000.0,52662100000.0,39845200000.0,46594900000.0,201.5,1472920434043.5
2025-03-31,BEL,INR,408318600000.0,348578800000.0,197525400000.0,208390300000.0,612300000.0,199738900000.0,147145500000.0,7309800000.0,151053400000.0,7309778829.0,231173000000.0,71083900000.0,75757700000.0,93900000.0,70990000000.0,53214400000.0,5642700000.0,301.32000732421875,2202582610292.699
2026-03-31,BEL,INR,445375200000.0,380568700000.0,192597500000.0,205303800000.0,654600000.0,239883100000.0,182932600000.0,7309800000.0,187971200000.0,7309778829.0,267964700000.0,80594600000.0,86151300000.0,65000000.0,80529600000.0,60620000000.0,15413700000.0,400.6499938964844,2928662843223.5005
2023-03-31,HAL,INR,672038000000.0,518850400000.0,308272700000.0,436279100000.0,26500000.0,235721500000.0,0.0,3343900000.0,210577700000.0,668775000.0,263605600000.0,65674700000.0,89495700000.0,579700000.0,65095000000.0,58277400000.0,88297200000.0,1365.550048828125,913245733905.0293
2024-03-31,HAL,INR,780951800000.0,630175300000.0,363243300000.0,489533700000.0,11000000.0,291381700000.0,0.0,3343900000.0,266932000000.0,668775000.0,281619000000.0,102569900000.0,116791100000.0,321100000.0,102248800000.0,76210500000.0,82228200000.0,3327.0,2225014425000.0
2025-03-31,HAL,INR,1062668500000.0,900946400000.0,440952500000.0,712816800000.0,11600000.0,349816100000.0,0.0,3343900000.0,459993900000.0,668775000.0,301046900000.0,108759400000.0,122386100000.0,86800000.0,108672600000.0,83641300000.0,136434600000.0,4177.4501953125,2793774254370.117
2026-03-31,HAL,INR,1324145900000.0,1158380000000.0,443073700000.0,913699900000.0,109700000.0,410411200000.0,0.0,3343900000.0,715306300000.0,668775000.0,317917400000.0,121577200000.0,135249500000.0,57900000.0,121519300000.0,91156000000.0,109063800000.0,3487.199951171875,2332152147344.9707
2023-03-31,BOSCHLTD,INR,162523000000.0,88336000000.0,50235000000.0,52472000000.0,532000000.0,110051000000.0,98231000000.0,295000000.0,38101000000.0,29493640.0,146118000000.0,18892000000.0,22748000000.0,70000000.0,18822000000.0,14255000000.0,12137000000.0,19369.900390625,571288868956.9531
2024-03-31,BOSCHLTD,INR,173485000000.0,99207000000.0,50932000000.0,52916000000.0,393000000.0,120569000000.0,108923000000.0,295000000.0,48275000000.0,29493640.0,163789000000.0,32224000000.0,36519000000.0,417000000.0,31807000000.0,24913000000.0,12584000000.0,30031.30078125,885732373973.9062
2025-03-31,BOSCHLTD,INR,202411000000.0,110558000000.0,61994000000.0,64278000000.0,1183000000.0,138133000000.0,124092000000.0,295000000.0,48564000000.0,29493640.0,176820000000.0,27416000000.0,31172000000.0,93000000.0,27323000000.0,20152000000.0,23734000000.0,28358.44921875,836393892216.0938
2026-03-31,BOSCHLTD,INR,216797000000.0,129233000000.0,65709000000.0,68345000000.0,1188000000.0,148452000000.0,136973000000.0,295000000.0,63524000000.0,29493640.0,195947000000.0,36590000000.0,40510000000.0,173000000.0,36417000000.0,27732000000.0,21753000000.0,28745.0,847794681800.0
2023-03-31,MRF,INR,243694100000.0,92411700000.0,74953200000.0,96615900000.0,30136100000.0,147076600000.0,0.0,42400000.0,17458500000.0,4241143.0,228505600000.0,13884100000.0,26414600000.0,3186900000.0,10697200000.0,7689400000.0,27554700000.0,84047.203125,356456207203.1719
2024-03-31,MRF,INR,268494300000.0,105495500000.0,77100300000.0,101462700000.0,28215000000.0,167029900000.0,0.0,42400000.0,28395200000.0,4241143.0,250108100000.0,31398400000.0,45698100000.0,3524200000.0,27874200000.0,20812300000.0,33033600000.0,133387.34375,565714799233.9062
2025-03-31,MRF,INR,296889400000.0,135066700000.0,89602200000.0,110790000000.0,37711600000.0,186097600000.0,0.0,42400000.0,45464500000.0,4241143.0,279748000000.0,28422500000.0,44958000000.0,3592500000.0,24830000000.0,18732800000.0,18647600000.0,112677.75,477882450668.25
2026-03-31,MRF,INR,319535100000.0,148165000000.0,90062700000.0,109787600000.0,32066600000.0,209745600000.0,0.0,42400000.0,58102300000.0,4241143.0,309316700000.0,35813100000.0,53349500000.0,3591700000.0,32221400000.0,24260900000.0,45903000000.0,128495.0,544965669785.0
2023-03-31,TRENT,INR,80815300000.0,23777800000.0,10939800000.0,54185600000.0,44641400000.0,25954900000.0,2397400000.0,355500000.0,12838000000.0,533231191.0,81123300000.0,9212200000.0,14156400000.0,3691500000.0,5520700000.0,4446300000.0,5948800000.0,1374.949951171875,733166200028.7708
2024-03-31,TRENT,INR,71617500000.0,31098500000.0,15414700000.0,30591600000.0,17529900000.0,40677400000.0,16483400000.0,355500000.0,15683800000.0,533231191.0,122053100000.0,22399300000.0,29117700000.0,3191000000.0,19208300000.0,14868000000.0,13489800000.0,3948.0,2105196742068.0
2025-03-31,TRENT,INR,94196400000.0,36734500000.0,20106900000.0,38362800000.0,22371900000.0,54617400000.0,30494400000.0,355500000.0,16627600000.0,533231191.0,168737200000.0,21683300000.0,30642400000.0,1385900000.0,20297400000.0,15467200000.0,16609000000.0,5325.14990234375,2839536024680.2915
2026-03-31,TRENT,INR,117285800000.0,40583000000.0,32109900000.0,46206200000.0,25612500000.0,69846800000.0,45827100000.0,355500000.0,8473100000.0,533231191.0,198501100000.0,24048300000.0,37667500000.0,1683500000.0,22364800000.0,17196500000.0,26676200000.0,2197.199951171875,1171615546828.5208
2023-03-31,DMART,INR,181062900000.0,54483900000.0,14670100000.0,20275100000.0,6429800000.0,160787000000.0,93693700000.0,6482600000.0,39813800000.0,648263978.0,427353800000.0,31271800000.0,37660500000.0,670900000.0,30600900000.0,23785100000.0,26302700000.0,3401.050048828125,2204778234030.4146
2024-03-31,DMART,INR,211772000000.0,62020300000.0,19791400000.0,24798600000.0,5921600000.0,186978200000.0,118967400000.0,6507300000.0,42228900000.0,650733068.0,507006700000.0,35192700000.0,42500300000.0,579400000.0,34613300000.0,25361700000.0,27458400000.0,4525.60009765625,2944957636088.951
2025-03-31,DMART,INR,243202900000.0,63922000000.0,22121600000.0,28935900000.0,8196200000.0,214277500000.0,145959500000.0,6507300000.0,41800400000.0,650733068.0,592331500000.0,37418000000.0,46113200000.0,691300000.0,36726700000.0,27080200000.0,24629700000.0,4083.199951171875,2657073231483.5244
2026-03-31,DMART,INR,295242600000.0,74777800000.0,37822600000.0,50619000000.0,24249900000.0,244640400000.0,175609600000.0,6519600000.0,36955200000.0,651959123.0,686845000000.0,42233900000.0,52604100000.0,1417700000.0,40816200000.0,29704900000.0,34667400000.0,3956.800048828125,2579671889720.342
2023-03-31,PAGEIND,INR,26928100000.0,19615930000.0,11935990000.0,13217620000.0,4063960000.0,13710480000.0,12447030000.0,111540000.0,7679940000.0,11153874.0,46783390000.0,7993850000.0,8774730000.0,412820000.0,7581030000.0,5712490000.0,-16080000.0,37903.30078125,422768641098.16406
2024-03-31,PAGEIND,INR,26825810000.0,18755130000.0,9381890000.0,10856530000.0,1848500000.0,15969280000.0,14705830000.0,111540000.0,9373240000.0,11153874.0,45470940000.0,8013930000.0,8922210000.0,448930000.0,7565000000.0,5691930000.0,10804660000.0,34450.94921875,384261546766.33594
2025-03-31,PAGEIND,INR,26430110000.0,17423770000.0,10104980000.0,12358150000.0,2618130000.0,14071960000.0,12808510000.0,111540000.0,7318790000.0,11153874.0,49130560000.0,10249570000.0,11241840000.0,463780000.0,9785790000.0,7291420000.0,12035910000.0,42693.75,476200708087.5
2026-03-31,PAGEIND,INR,28563870000.0,19106540000.0,11078240000.0,13537880000.0,2768120000.0,15025990000.0,13762540000.0,111540000.0,8028300000.0,11153874.0,52272560000.0,10749230000.0,11815530000.0,495850000.0,10253380000.0,7638230000.0,7944040000.0,31775.0,354414346350.0
2023-03-31,TATACONSUM,INR,228111300000.0,83085800000.0,39246800000.0,56842500000.0,16000400000.0,162767100000.0,73723000000.0,929000000.0,43839000000.0,940559921.0,136598100000.0,18807200000.0,21848000000.0,871600000.0,17935600000.0,12037700000.0,14612900000.0,708.8499755859375,666715877037.9613
2024-03-31,TATACONSUM,INR,280209400000.0,74266300000.0,62102900000.0,105848100000.0,34772200000.0,160567900000.0,69002700000.0,952800000.0,12163400000.0,964679225.0,150985100000.0,18255300000.0,22026800000.0,1298100000.0,16957200000.0,11503300000.0,19366800000.0,1096.199951171875,1057481319341.5222
2025-03-31,TATACONSUM,INR,319776800000.0,89696500000.0,58683000000.0,105873800000.0,23926800000.0,200010800000.0,75849100000.0,989500000.0,31013500000.0,989498558.0,175084100000.0,20667500000.0,26674900000.0,2902000000.0,17765500000.0,12784700000.0,20566500000.0,1001.9000244140625,991378629417.8796
2026-03-31,TATACONSUM,INR,344529600000.0,103170900000.0,66056300000.0,112641000000.0,28195100000.0,217875300000.0,85175100000.0,989600000.0,37114600000.0,989561780.0,201706100000.0,23098100000.0,29364900000.0,1370300000.0,21727800000.0,15423000000.0,24218500000.0,1014.7999877929688,1004207282264.3884
2023-03-31,UPL,INR,885770000000.0,420280000000.0,290370000000.0,531480000000.0,239390000000.0,298440000000.0,203410000000.0,1500000000.0,129910000000.0,782499749.0,531340000000.0,81340000000.0,106810000000.0,29840000000.0,51500000000.0,35700000000.0,77510000000.0,717.6500244140625,561560963973.8478
2024-03-31,UPL,INR,875460000000.0,393280000000.0,268610000000.0,548400000000.0,297540000000.0,277930000000.0,181890000000.0,1500000000.0,124670000000.0,782499749.0,425990000000.0,12910000000.0,40540000000.0,33780000000.0,-20870000000.0,-12000000000.0,23210000000.0,456.0,356819885544.0
2025-03-31,UPL,INR,880020000000.0,396610000000.0,285690000000.0,501760000000.0,250990000000.0,321990000000.0,208680000000.0,1590000000.0,110920000000.0,844433596.0,462620000000.0,40610000000.0,68110000000.0,32320000000.0,8290000000.0,8970000000.0,101510000000.0,636.25,537270875455.0
2026-03-31,UPL,INR,952050000000.0,422950000000.0,347480000000.0,539360000000.0,235760000000.0,346960000000.0,222460000000.0,1690000000.0,75470000000.0,844169318.0,513030000000.0,60100000000.0,92540000000.0,28530000000.0,31570000000.0,19220000000.0,78550000000.0,567.9500122070312,479445974462.90125
2023-03-31,SRF,INR,187545200000.0,57749500000.0,49166000000.0,84274700000.0,44775300000.0,103270500000.0,87269700000.0,2974400000.0,8583500000.0,296424825.0,145918200000.0,29829600000.0,35582800000.0,1589700000.0,28239900000.0,21623400000.0,29017100000.0,2411.85009765625,714932243123.9868
2024-03-31,SRF,INR,204819400000.0,56492900000.0,54807700000.0,90029200000.0,50305400000.0,114790200000.0,98445200000.0,2974400000.0,1685200000.0,296424825.0,129103500000.0,19675400000.0,26401600000.0,2753200000.0,16922200000.0,13357100000.0,20938600000.0,2560.25,758921658206.25
2025-03-31,SRF,INR,215571200000.0,61295500000.0,54299300000.0,89309200000.0,47260300000.0,126262000000.0,108812100000.0,2974400000.0,6996200000.0,296424825.0,143581500000.0,20508500000.0,28223500000.0,3471500000.0,17037000000.0,12507800000.0,24874900000.0,2939.14990234375,871236995451.0132
2026-03-31,SRF,INR,241466700000.0,71976100000.0,65228400000.0,101039100000.0,51870400000.0,140427600000.0,124506400000.0,2974400000.0,6747700000.0,296406025.0,154163700000.0,25474700000.0,33995400000.0,2458300000.0,23016400000.0,18351800000.0,25535600000.0,2438.0,722637888950.0
2023-03-31,DLF,INR,539279908000.0,257706924000.0,111847622000.0,162360928000.0,33339953000.0,376875344000.0,92636379000.0,4950623000.0,145859302000.0,2475311706.0,56819715000.0,18666772000.0,20153099000.0,3642578000.0,15024194000.0,20358252000.0,23752640000.0,356.70001220703125,882943715746.4073
2024-03-31,DLF,INR,602623970000.0,325567346000.0,141410501000.0,208307805000.0,48338600000.0,394308144000.0,110002179000.0,4950623000.0,184156845000.0,2475311706.0,62492095000.0,24809815000.0,26289282000.0,3304363000.0,21505452000.0,27271051000.0,25388076000.0,897.0,2220354600282.0
2025-03-31,DLF,INR,694753744000.0,412052931000.0,222329987000.0,269251543000.0,41027332000.0,425502201000.0,140700086000.0,4950623000.0,189722944000.0,2475311706.0,79466005000.0,26353165000.0,27859786000.0,3746925000.0,22606240000.0,43676215000.0,52352225000.0,680.5,1684449615933.0
2026-03-31,DLF,INR,748747730000.0,394735482000.0,256009970000.0,294014031000.0,3058932000.0,454733699000.0,170529240000.0,4950623000.0,138725512000.0,2475311706.0,78376577000.0,31152918000.0,32577043000.0,1834763000.0,29318155000.0,44146750000.0,63473849000.0,504.1000061035156,1247804646102.7036
2023-03-31,GODREJPROP,INR,231053000000.0,201725100000.0,137861600000.0,138181600000.0,64307600000.0,92641900000.0,4103700000.0,1390100000.0,63863500000.0,278021444.0,21664200000.0,8694700000.0,8936100000.0,742000000.0,7952700000.0,5713900000.0,-28606400000.0,1031.050048828125,286654023411.4658
2024-03-31,GODREJPROP,INR,357348600000.0,324501500000.0,227319400000.0,254334300000.0,106792900000.0,99925000000.0,11352700000.0,1390200000.0,97182100000.0,278041474.0,29213600000.0,8873300000.0,9318900000.0,-1126600000.0,9999900000.0,7252700000.0,-6925700000.0,2300.10009765625,639523221499.8877
2025-03-31,GODREJPROP,INR,554655200000.0,511443700000.0,337695100000.0,378917900000.0,126414000000.0,173124600000.0,25286900000.0,1505900000.0,173748600000.0,301184878.0,47989100000.0,17165400000.0,17902000000.0,-60800000.0,17226200000.0,13998900000.0,-22423800000.0,2129.60009765625,641403345601.3857
2026-03-31,GODREJPROP,INR,818944300000.0,758182800000.0,595251100000.0,625395400000.0,158940900000.0,191555400000.0,43677000000.0,1506000000.0,162931700000.0,301207741.0,50256100000.0,24925000000.0,26080800000.0,-580800000.0,25505800000.0,18502000000.0,-20033400000.0,1471.300048828125,443166964040.7092
2023-03-31,IRCTC,INR,50887588000.0,43518176000.0,23913654000.0,26103547000.0,841622000.0,24784041000.0,17234871000.0,1600000000.0,19604522000.0,800000000.0,35407641000.0,13701221000.0,14238517000.0,161125000.0,13540096000.0,10058811000.0,8117347000.0,572.7999877929688,458239990234.375
2024-03-31,IRCTC,INR,60911653000.0,51441699000.0,26316742000.0,28613769000.0,603505000.0,32297884000.0,24398714000.0,1600000000.0,25124957000.0,800000000.0,42597961000.0,15146873000.0,15719037000.0,186449000.0,14960424000.0,11110773000.0,8821733000.0,929.7000122070312,743760009765.625
2025-03-31,IRCTC,INR,67994615000.0,56801272000.0,28029450000.0,31360965000.0,897963000.0,36633650000.0,28384480000.0,1600000000.0,28771822000.0,800000000.0,46742742000.0,17742029000.0,18267877000.0,168913000.0,17573116000.0,13149275000.0,8333907000.0,727.5,582000000000.0
2026-03-31,IRCTC,INR,75795234000.0,64164708000.0,29777745000.0,32709903000.0,807259000.0,43085331000.0,34486161000.0,1600000000.0,34386963000.0,800000000.0,52143633000.0,18934434000.0,19430415000.0,182260000.0,18752174000.0,13934547000.0,12730002000.0,494.5,395600000000.0
2023-03-31,CONCOR,INR,134652000000.0,41280000000.0,13483100000.0,21370900000.0,7735600000.0,112262900000.0,94619800000.0,3046500000.0,27796900000.0,761617935.0,74488100000.0,16302000000.0,22059200000.0,669300000.0,15632700000.0,11739500000.0,14058600000.0,580.25,441928806783.75
2024-03-31,CONCOR,INR,140413500000.0,42859700000.0,12457000000.0,21115200000.0,9144800000.0,118265200000.0,99391300000.0,3046500000.0,30402700000.0,761617935.0,79647500000.0,17390300000.0,23603400000.0,704900000.0,16384900000.0,12469500000.0,13868000000.0,882.0999755859375,671823161869.3121
2025-03-31,CONCOR,INR,144771400000.0,48432200000.0,11797300000.0,19892900000.0,8372100000.0,123814600000.0,103668700000.0,3046500000.0,36634900000.0,761617935.0,82119300000.0,17937300000.0,23749700000.0,716700000.0,17220600000.0,12900100000.0,17115400000.0,553.280029296875,421387993389.82544
2026-03-31,CONCOR,INR,151756600000.0,47624000000.0,12146100000.0,21232900000.0,9402800000.0,129423500000.0,108055800000.0,3808100000.0,35477900000.0,761617935.0,83937900000.0,17272400000.0,23427700000.0,764700000.0,16507700000.0,12418000000.0,14822300000.0,425.29998779296875,323916098458.40607
2023-03-31,INDIGO,INR,591698190000.0,261487140000.0,238511460000.0,654163350000.0,448542130000.0,-62465160000.0,,3855470000.0,22975680000.0,385547099.0,536076670000.0,28155370000.0,79185060000.0,31199220000.0,-3043850000.0,-3057890000.0,127279390000.0,1910.6500244140625,736645574117.121
2024-03-31,INDIGO,INR,822245000000.0,358531000000.0,307982000000.0,802280000000.0,512801000000.0,19965000000.0,-24828000000.0,3860000000.0,50549000000.0,385978689.0,673868000000.0,122182000000.0,186439000000.0,41689000000.0,80493000000.0,81725000000.0,212176000000.0,3548.64990234375,1369703237026.6187
2025-03-31,INDIGO,INR,1158435000000.0,507031000000.0,342178000000.0,1064753000000.0,668098000000.0,93682000000.0,47667000000.0,3864000000.0,164853000000.0,386423369.0,776186000000.0,126734000000.0,213536000000.0,50800000000.0,75934000000.0,72584000000.0,241513000000.0,5115.35009765625,1976690818350.8071
2026-03-31,INDIGO,INR,1360021000000.0,579292000000.0,382710000000.0,1290147000000.0,777492000000.0,69711000000.0,20153000000.0,3866000000.0,196582000000.0,386612998.0,827089000000.0,39303000000.0,147385000000.0,58908000000.0,-19605000000.0,-23919000000.0,234699000000.0,3943.5,1524608357613.0
2023-03-31,JUBLFOOD,INR,53821270000.0,6858120000.0,10289630000.0,33443370000.0,25537380000.0,20377900000.0,17805710000.0,1319690000.0,-3431510000.0,658648961.0,51382680000.0,6899570000.0,11758420000.0,2012260000.0,4887310000.0,3532010000.0,10261570000.0,440.1000061035156,289871411756.1742
2024-03-31,JUBLFOOD,INR,81256980000.0,11564550000.0,19169720000.0,58824650000.0,42068550000.0,21706420000.0,20181450000.0,1319690000.0,-7605170000.0,657500604.0,55881490000.0,7734810000.0,13714360000.0,2877650000.0,4857160000.0,3993440000.0,10096410000.0,448.8500061035156,295119150118.4652
2025-03-31,JUBLFOOD,INR,85275760000.0,11576330000.0,20966020000.0,63447820000.0,43718190000.0,21027480000.0,21085950000.0,1319690000.0,-9389690000.0,657630964.0,76688840000.0,8519890000.0,16585050000.0,5185060000.0,3334830000.0,2107640000.0,16578610000.0,664.3499755859375,436897114877.95654
2026-03-31,JUBLFOOD,INR,95605450000.0,12999270000.0,35356920000.0,71729230000.0,49022160000.0,22920950000.0,24002310000.0,1319690000.0,-22357650000.0,657674557.0,89243980000.0,9760500000.0,19455600000.0,4355350000.0,5405150000.0,4284810000.0,18935520000.0,434.1000061035156,285496529207.8269
2023-03-31,MPHASIS,INR,116094590000.0,59530250000.0,27978360000.0,36746200000.0,10527660000.0,79348390000.0,59600210000.0,1884070000.0,31551890000.0,188397523.0,137984970000.0,22703150000.0,25955570000.0,972580000.0,21730570000.0,16379220000.0,14617650000.0,1795.75,338314851927.25
2024-03-31,MPHASIS,INR,141302380000.0,66324070000.0,42046230000.0,53356380000.0,23885850000.0,87946000000.0,67097380000.0,1890050000.0,24277840000.0,188975477.0,132785150000.0,22291890000.0,26396880000.0,1608670000.0,20683220000.0,15548200000.0,21796970000.0,2388.050048828125,451282897077.1682
2025-03-31,MPHASIS,INR,149066290000.0,69861200000.0,44487100000.0,52782330000.0,18882230000.0,96283960000.0,73913300000.0,1900840000.0,25374100000.0,190074321.0,142299870000.0,24256440000.0,29019810000.0,1655010000.0,22601430000.0,17021390000.0,19052020000.0,2500.199951171875,475223808083.2273
2026-03-31,MPHASIS,INR,177819240000.0,82670790000.0,60095500000.0,70382120000.0,26196760000.0,107437120000.0,82761750000.0,1908270000.0,22575290000.0,190817050.0,158796470000.0,27133230000.0,32685960000.0,2040580000.0,25092650000.0,18626020000.0,12532810000.0,2053.0,391747403650.0
2023-03-31,PERSISTENT,INR,66730800000.0,34466110000.0,20128770000.0,27080020000.0,6575540000.0,39650780000.0,16607360000.0,764250000.0,14337340000.0,149689904.0,83505920000.0,12881920000.0,15600870000.0,473400000.0,12408520000.0,9210930000.0,9557620000.0,2304.75,344997806244.0
2024-03-31,PERSISTENT,INR,74176340000.0,41568850000.0,22178710000.0,24599270000.0,4511290000.0,49577070000.0,19346090000.0,770250000.0,19390140000.0,152328462.0,98215870000.0,14943330000.0,18037060000.0,467270000.0,14476060000.0,10934910000.0,13021090000.0,3984.550048828125,606960380700.0132
2025-03-31,PERSISTENT,INR,87366020000.0,50259530000.0,21327730000.0,24175370000.0,3108970000.0,63190650000.0,28833470000.0,779250000.0,28931800000.0,154560437.0,119387170000.0,18894370000.0,21963470000.0,671290000.0,18223080000.0,14001610000.0,11569160000.0,5513.75,852207609508.75
2026-03-31,PERSISTENT,INR,113765440000.0,70972830000.0,29242560000.0,35386890000.0,4774480000.0,78378550000.0,41826660000.0,788750000.0,41730270000.0,156231044.0,147484490000.0,24838940000.0,28868440000.0,726820000.0,24112120000.0,18651200000.0,17671300000.0,4877.2001953125,761970078310.6758
2023-03-31,COFORGE,INR,56834000000.0,26064000000.0,17393000000.0,25135000000.0,5622000000.0,30825000000.0,25080000000.0,611000000.0,8671000000.0,305435400.0,80146000000.0,10280000000.0,12865000000.0,768000000.0,9512000000.0,6938000000.0,9505000000.0,762.8200073242188,232992234065.07568
2024-03-31,COFORGE,INR,61077000000.0,26025000000.0,15315000000.0,23808000000.0,7260000000.0,36266000000.0,29373000000.0,618000000.0,10710000000.0,309104960.0,90089000000.0,11903000000.0,15089000000.0,1205000000.0,10698000000.0,8080000000.0,9034000000.0,1100.489990234375,340166914411.7969
2025-03-31,COFORGE,INR,124907000000.0,47615000000.0,27800000000.0,41617000000.0,10704000000.0,63792000000.0,32968000000.0,669000000.0,19815000000.0,334394280.0,120733000000.0,14254000000.0,18937000000.0,1293000000.0,12961000000.0,8121000000.0,12371000000.0,1621.8399658203125,542334007645.708
2026-03-31,COFORGE,INR,148814000000.0,59058000000.0,36694000000.0,52008000000.0,7278000000.0,95376000000.0,43124000000.0,672000000.0,22364000000.0,335810937.0,163906000000.0,20909000000.0,27728000000.0,1581000000.0,19328000000.0,15557000000.0,17917000000.0,1114.699951171875,374328435076.8816
2023-03-31,BALKRISIND,INR,123476600000.0,39279500000.0,33492700000.0,47907300000.0,33465300000.0,75569300000.0,28103800000.0,386600000.0,5786800000.0,193317190.0,96461600000.0,14772800000.0,20480900000.0,424900000.0,14347900000.0,10574000000.0,14479300000.0,1951.449951171875,377248820986.1841
2024-03-31,BALKRISIND,INR,136845400000.0,46440600000.0,36604400000.0,48307300000.0,30994400000.0,88538100000.0,35725700000.0,386600000.0,9836200000.0,193317190.0,93043700000.0,20417200000.0,26924400000.0,1007200000.0,19410000000.0,14714900000.0,20819900000.0,2317.35009765625,447983609125.13184
2025-03-31,BALKRISIND,INR,156346600000.0,55714000000.0,42266500000.0,52470600000.0,32674500000.0,103876000000.0,44182300000.0,386600000.0,13447500000.0,193317190.0,103572400000.0,22969300000.0,29775900000.0,1095400000.0,21873900000.0,16549600000.0,17641400000.0,2554.800048828125,493886766451.3159
2026-03-31,BALKRISIND,INR,177663400000.0,51544700000.0,50890000000.0,68110500000.0,41108200000.0,109552900000.0,48520200000.0,386600000.0,654700000.0,193317190.0,107296100000.0,17505500000.0,25255100000.0,1068700000.0,16436800000.0,12431000000.0,22493200000.0,2083.0,402679706770.0
2023-03-31,CUMMINSIND,INR,79186400000.0,50984700000.0,18903500000.0,21604000000.0,3760900000.0,57582400000.0,45402600000.0,554400000.0,32081200000.0,277200000.0,76414000000.0,16075300000.0,17495700000.0,162400000.0,15912900000.0,12281500000.0,8196600000.0,1629.5999755859375,451725113232.4219
2024-03-31,CUMMINSIND,INR,89705100000.0,59422000000.0,20569300000.0,23581900000.0,1269800000.0,66123200000.0,53838500000.0,554400000.0,38852700000.0,277200000.0,88599900000.0,22320100000.0,23911900000.0,274000000.0,22046100000.0,17205800000.0,12853400000.0,3006.25,833332500000.0
2025-03-31,CUMMINSIND,INR,101684900000.0,70085100000.0,22584700000.0,26070900000.0,296600000.0,75614000000.0,63177000000.0,554400000.0,47500400000.0,277200000.0,102192400000.0,26086600000.0,27945100000.0,158500000.0,25928100000.0,19999400000.0,16825900000.0,3051.85009765625,845972847070.3125
2026-03-31,CUMMINSIND,INR,113042100000.0,81101800000.0,24397000000.0,28290500000.0,365100000.0,84751600000.0,72170800000.0,554400000.0,56704800000.0,277200000.0,119497300000.0,30983600000.0,32985100000.0,124100000.0,30859500000.0,23617500000.0,17342600000.0,4500.10009765625,1247427747070.3125
2023-03-31,NCC,INR,165501200000.0,132457200000.0,98908300000.0,100646600000.0,9738200000.0,61668300000.0,14831200000.0,1255700000.0,33548900000.0,627846588.0,153901000000.0,12238500000.0,14264600000.0,3390000000.0,8848500000.0,6092000000.0,11001100000.0,106.0999984741211,66614522028.782135
2024-03-31,NCC,INR,180973800000.0,148749200000.0,111156200000.0,112855000000.0,9800200000.0,66397000000.0,16032300000.0,1255700000.0,37593000000.0,627846588.0,207040600000.0,14479000000.0,16598200000.0,3869900000.0,10609100000.0,7106900000.0,13594500000.0,232.35000610351562,145880158553.87146
2025-03-31,NCC,INR,210063800000.0,176345300000.0,131280300000.0,135039400000.0,15935800000.0,73237100000.0,19358700000.0,1255700000.0,45065000000.0,627846588.0,219991800000.0,16264300000.0,18423300000.0,4391500000.0,11872800000.0,8198800000.0,7417000000.0,209.47999572753906,131521300571.78998
2026-03-31,NCC,INR,260060700000.0,222434300000.0,163328800000.0,179769500000.0,34070000000.0,78689500000.0,21294800000.0,1255700000.0,59105500000.0,627846588.0,207669700000.0,14752100000.0,17103300000.0,5230500000.0,9521600000.0,6753200000.0,-4585100000.0,130.94000244140625,82210233765.54858
2023-03-31,IRB,INR,427661770000.0,69652000000.0,43044810000.0,293872780000.0,167481930000.0,133788990000.0,61652810000.0,6039000000.0,26607190000.0,12078000000.0,63246440000.0,25202400000.0,33523600000.0,14432890000.0,10769510000.0,7200110000.0,17641300000.0,12.574999809265137,151880847696.30432
2024-03-31,IRB,INR,449203140000.0,48395320000.0,39093070000.0,311758090000.0,186533850000.0,137445050000.0,65944860000.0,6039000000.0,9302250000.0,12078000000.0,73624540000.0,26982830000.0,36932320000.0,17468450000.0,9514380000.0,6058160000.0,40537850000.0,29.274999618530273,353583445392.60864
2025-03-31,IRB,INR,538959710000.0,59088360000.0,37462410000.0,340693920000.0,205993200000.0,198265790000.0,128356240000.0,6039000000.0,21625950000.0,12078000000.0,70518040000.0,85581620000.0,95957870000.0,16967720000.0,68613900000.0,64806840000.0,19712090000.0,22.579999923706055,272721239078.52173
2026-03-31,IRB,INR,540536130000.0,46818110000.0,37796100000.0,331048370000.0,200270630000.0,209487760000.0,135663050000.0,6039000000.0,9022010000.0,12078000000.0,62523500000.0,28990720000.0,40411080000.0,16512570000.0,12478150000.0,8503600000.0,20980320000.0,22.139999389648438,267406912628.17383
2023-03-31,NBCC,INR,128789251000.0,107612441000.0,105010433000.0,107545098000.0,4529000.0,19445014000.0,12899684000.0,1800000000.0,2602008000.0,2700000000.0,87706364000.0,5639131000.0,5691286000.0,1920071000.0,3719060000.0,2666650000.0,-3740738000.0,23.633333206176758,63809999656.677246
2024-03-31,NBCC,INR,127050925000.0,117041893000.0,100142167000.0,102927973000.0,6322000.0,22256203000.0,15943255000.0,1800000000.0,16899726000.0,2700000000.0,103283783000.0,7707392000.0,7760482000.0,2121975000.0,5585417000.0,4015572000.0,-56477000.0,79.26666259765625,214019989013.67188
2025-03-31,NBCC,INR,133436537000.0,123889486000.0,105032705000.0,106724311000.0,4026000.0,24790569000.0,17873224000.0,2700000000.0,18856781000.0,2700000000.0,116368813000.0,9202707000.0,9277092000.0,1652546000.0,7550161000.0,5411300000.0,6611322000.0,81.88999938964844,221102998352.05078
2026-03-31,NBCC,INR,162737815000.0,152264670000.0,129389285000.0,130582908000.0,2579000.0,30172626000.0,22355426000.0,2700000000.0,22875385000.0,2700000000.0,126080839000.0,11450615000.0,11581283000.0,1537408000.0,9913207000.0,7200313000.0,4394642000.0,77.5199966430664,209303990936.2793
2023-03-31,KEC,INR,172785900000.0,144356100000.0,128190600000.0,135071600000.0,33833700000.0,37714300000.0,32186100000.0,514200000.0,16165500000.0,257088370.0,169968000000.0,6950200000.0,8565000000.0,5340400000.0,1609800000.0,1760300000.0,6137400000.0,456.3500061035156,117322279218.64288
2024-03-31,KEC,INR,190314700000.0,161578500000.0,145337000000.0,149357700000.0,39609900000.0,40957000000.0,34910600000.0,514200000.0,16241500000.0,257088370.0,195953400000.0,10764600000.0,12618200000.0,6499700000.0,4264900000.0,3467800000.0,3111300000.0,694.25,178483600872.5
2025-03-31,KEC,INR,221799200000.0,193866400000.0,162268800000.0,168324700000.0,39574800000.0,53474500000.0,39378200000.0,532400000.0,31597600000.0,266200000.0,215365900000.0,13806800000.0,15643600000.0,6531900000.0,7274900000.0,5707400000.0,4190700000.0,782.75,208368050000.0
2026-03-31,KEC,INR,251580600000.0,222090800000.0,180078200000.0,189983700000.0,53777600000.0,61596900000.0,43892500000.0,532400000.0,42012600000.0,266200000.0,233013200000.0,14429700000.0,16403500000.0,6538300000.0,7891400000.0,6055900000.0,-4141300000.0,511.29998779296875,136108056750.48828
2023-03-31,PATELENG,INR,87570900000.0,55244130000.0,38232310000.0,57813140000.0,17578610000.0,28879560000.0,6088520000.0,773620000.0,17011820000.0,800717723.0,36547560000.0,5191770000.0,6000760000.0,3366100000.0,1825670000.0,1834890000.0,7023190000.0,14.949999809265137,11970729806.125214
2024-03-31,PATELENG,INR,89961240000.0,59144110000.0,40165550000.0,58343950000.0,19099090000.0,31536190000.0,8950900000.0,773620000.0,18978560000.0,762324039.0,42219460000.0,6983900000.0,7960040000.0,2932780000.0,4051120000.0,2902370000.0,6878250000.0,56.900001525878906,43376238982.31417
2025-03-31,PATELENG,INR,95795260000.0,56303510000.0,41522500000.0,58026720000.0,16643460000.0,37846730000.0,11593970000.0,844380000.0,14781010000.0,835561674.0,45065170000.0,5852330000.0,6850190000.0,2595620000.0,3256710000.0,2478520000.0,2789870000.0,39.08000183105469,32653751749.87912
2026-03-31,PATELENG,INR,95218250000.0,54313880000.0,37471840000.0,50797760000.0,12160890000.0,44399720000.0,14346980000.0,992140000.0,16842040000.0,955047697.0,46779850000.0,5202130000.0,6238790000.0,2325810000.0,2876320000.0,2691650000.0,5601020000.0,22.200000762939453,21202059602.043568
2023-03-31,SUZLON,INR,55233800000.0,41776500000.0,27007900000.0,44242400000.0,19379200000.0,10991400000.0,-188763000000.0,24544000000.0,14768600000.0,12473087083.0,58542900000.0,32746800000.0,35343600000.0,3829700000.0,28917100000.0,28490100000.0,4910800000.0,7.900000095367432,98537389145.22627
2024-03-31,SUZLON,INR,71790200000.0,52876900000.0,30088500000.0,32587100000.0,1502400000.0,39203100000.0,-182127800000.0,27217200000.0,22788400000.0,13612688222.0,64025700000.0,7651400000.0,9547400000.0,1056500000.0,6594900000.0,6603500000.0,795300000.0,40.400001525878906,549952624940.1138
2025-03-31,SUZLON,INR,129595900000.0,92517100000.0,59146400000.0,68538700000.0,7401200000.0,61057200000.0,-161347100000.0,27317900000.0,33370700000.0,13648872068.0,107633700000.0,15523100000.0,18115000000.0,1056800000.0,14466300000.0,20716300000.0,10919600000.0,56.65999984741211,773345089290.2274
2026-03-31,SUZLON,INR,188688600000.0,135007600000.0,81869100000.0,94053400000.0,9810900000.0,94635200000.0,66578500000.0,27449900000.0,53138500000.0,13714828318.0,165466500000.0,26450100000.0,29634600000.0,2232900000.0,24217200000.0,31633900000.0,12020600000.0,39.560001373291016,542558627094.5305
2023-03-31,ALOKINDS,INR,74611100000.0,18074900000.0,44127100000.0,263615400000.0,239224100000.0,-189004300000.0,-225860300000.0,4965300000.0,-26052200000.0,4965240401.0,69008700000.0,-4021700000.0,-372600000.0,4777800000.0,-8799500000.0,-8804600000.0,8132700000.0,11.600000381469727,57596790545.688896
2024-03-31,ALOKINDS,INR,74068300000.0,17921800000.0,27353900000.0,271827000000.0,224733900000.0,-197758700000.0,-234328500000.0,4965300000.0,-9432100000.0,4965240401.0,54214900000.0,-3504500000.0,-258300000.0,4992900000.0,-8497400000.0,-8468200000.0,-11607300000.0,25.850000381469727,128351466259.9389
2025-03-31,ALOKINDS,INR,67298700000.0,14998300000.0,16191800000.0,273599900000.0,224202300000.0,-206301200000.0,-242492800000.0,4965300000.0,-1193500000.0,4965240401.0,36275800000.0,-5038900000.0,-2057900000.0,3075200000.0,-8114100000.0,-8164300000.0,1152200000.0,15.050000190734863,74726868982.09445
2026-03-31,ALOKINDS,INR,64745500000.0,14393800000.0,23492600000.0,280023200000.0,225619800000.0,-215277700000.0,-249933900000.0,4965300000.0,-9098800000.0,4965240401.0,36440700000.0,-4511800000.0,-1878900000.0,2939500000.0,-7451300000.0,-7441100000.0,4192800000.0,11.180000305175781,55511389198.45112
2023-03-31,CGPOWER,INR,46689500000.0,30811500000.0,28384000000.0,28775100000.0,165500000.0,17905100000.0,-3094700000.0,3054300000.0,2427500000.0,1527131434.0,68946000000.0,10183400000.0,11128400000.0,162000000.0,10021400000.0,9626700000.0,9468600000.0,300.04998779296875,458215768129.95886
2024-03-31,CGPOWER,INR,56257400000.0,41839300000.0,25480800000.0,26069700000.0,175600000.0,30174400000.0,9094300000.0,3054700000.0,16358500000.0,1527333214.0,79557500000.0,11609200000.0,12558100000.0,25400000.0,11583800000.0,14270100000.0,10277900000.0,540.9000244140625,826134572741.0085
2025-03-31,CGPOWER,INR,74170700000.0,53182600000.0,31899700000.0,33794400000.0,410900000.0,38439500000.0,16793700000.0,3057800000.0,21282900000.0,1528869444.0,98147200000.0,13550600000.0,14669000000.0,70900000.0,13479700000.0,9746000000.0,9161000000.0,638.5,976183139994.0
2026-03-31,CGPOWER,INR,126676100000.0,80041500000.0,41997800000.0,44693600000.0,1185100000.0,79704800000.0,26843300000.0,3149900000.0,38043700000.0,1574921249.0,122796800000.0,16384000000.0,18339900000.0,121700000.0,16262300000.0,12062700000.0,7024500000.0,655.0499877929688,1031652144932.3372
2023-03-31,JINDALPOLY,INR,96184652000.0,53172259000.0,12658583000.0,54109561000.0,40846544000.0,42075091000.0,32315398000.0,437864000.0,40513676000.0,43786413.0,46327417000.0,5322455000.0,7096855000.0,768389000.0,4554066000.0,3189898000.0,-5655300000.0,500.8500061035156,21930425218.301056
2024-03-31,JINDALPOLY,INR,105593182000.0,65268830000.0,20488103000.0,65648639000.0,44684815000.0,39944543000.0,34197333000.0,437864000.0,44780727000.0,43786413.0,38219310000.0,2398730000.0,4744553000.0,1489285000.0,909445000.0,714967000.0,1329345000.0,453.54998779296875,19859327081.64789
2025-03-31,JINDALPOLY,INR,109512974000.0,69619618000.0,22013499000.0,68330512000.0,44195857000.0,41182462000.0,35093938000.0,437864000.0,47606119000.0,43786413.0,52377007000.0,2844757000.0,5370164000.0,1372788000.0,1471969000.0,1097881000.0,2215687000.0,688.3499755859375,30140376319.545776
2026-03-31,JINDALPOLY,INR,87256102000.0,49927382000.0,15723993000.0,56824853000.0,40037450000.0,30507448000.0,23963667000.0,437864000.0,34203389000.0,43786413.0,27898042000.0,-13015472000.0,-10935364000.0,1123489000.0,-14138961000.0,-10600801000.0,-978648000.0,740.8499755859375,32439163002.045776
2023-03-31,AVANTIFEED,INR,27346486000.0,22107473000.0,3231472000.0,3578008000.0,30535000.0,20954840000.0,18308022000.0,136246000.0,18876001000.0,136245630.0,50368515000.0,4271162000.0,4697107000.0,3338000.0,4267824000.0,2786723000.0,4511831000.0,339.45001220703125,46248580766.65466
2024-03-31,AVANTIFEED,INR,30981922000.0,25047180000.0,3511947000.0,4089190000.0,165268000.0,23654797000.0,20682129000.0,136246000.0,21535233000.0,136245630.0,53117055000.0,5374208000.0,5938200000.0,5649000.0,5368559000.0,3571419000.0,2601052000.0,484.25,65976946327.5
2025-03-31,AVANTIFEED,INR,36827021000.0,27639645000.0,4529307000.0,5078610000.0,151369000.0,28009629000.0,24675141000.0,136246000.0,23110338000.0,136245630.0,55254265000.0,7387109000.0,7977327000.0,14490000.0,7372619000.0,5288240000.0,5843614000.0,913.6500244140625,124480823175.80933
2026-03-31,AVANTIFEED,INR,42603962000.0,28329338000.0,5078699000.0,5524011000.0,132346000.0,32860536000.0,29185048000.0,136246000.0,23250639000.0,136245630.0,59746136000.0,8815680000.0,9447764000.0,12941000.0,8802739000.0,6060637000.0,5046242000.0,1176.0,160224860880.0
2023-03-31,GOKEX,INR,13420153000.0,8797876000.0,3458823000.0,4557641000.0,1544114000.0,8862512000.0,,302890000.0,5339053000.0,60577994.0,20660615000.0,2213831000.0,2931334000.0,169935000.0,2043896000.0,1729664000.0,3688230000.0,356.0,21565765864.0
2024-03-31,GOKEX,INR,27411189000.0,13865997000.0,10133068000.0,14497789000.0,8048596000.0,12913400000.0,3346737000.0,316915000.0,3732929000.0,63382860.0,21927437000.0,1853952000.0,2741696000.0,264010000.0,1589942000.0,1309720000.0,-1770617000.0,705.9000244140625,44741962421.433105
2025-03-31,GOKEX,INR,35371693000.0,18427063000.0,9759065000.0,14564902000.0,8452120000.0,20806791000.0,4938014000.0,357333000.0,8667998000.0,71466461.0,35780499000.0,2835073000.0,4119105000.0,654326000.0,2180747000.0,1585409000.0,571962000.0,806.3499755859375,57626979082.563354
2026-03-31,GOKEX,INR,43541570000.0,22621210000.0,15288803000.0,21937577000.0,12732076000.0,21603993000.0,5916282000.0,366237000.0,7332407000.0,73247228.0,36521465000.0,2523096000.0,4192065000.0,806861000.0,1716235000.0,1001318000.0,515927000.0,580.2000122070312,42498042579.7312
2023-03-31,CORDSCABLE,INR,3366175000.0,2419663000.0,1509624000.0,1774109000.0,834257000.0,1592066000.0,921692000.0,129278000.0,910039000.0,12927780.0,5262551000.0,300081000.0,376972000.0,202626000.0,97455000.0,72194000.0,349961000.0,62.650001525878906,809925436.7262268
2024-03-31,CORDSCABLE,INR,3616612000.0,2693724000.0,1692051000.0,1924203000.0,847468000.0,1692409000.0,1022398000.0,129278000.0,1001673000.0,12927780.0,6277449000.0,356077000.0,437537000.0,218557000.0,137520000.0,100706000.0,298258000.0,173.10000610351562,2237798796.904907
2025-03-31,CORDSCABLE,INR,4205922000.0,3162523000.0,2060350000.0,2381049000.0,1161062000.0,1824873000.0,,129278000.0,1102173000.0,12927780.0,7945629000.0,421259000.0,506198000.0,224837000.0,196422000.0,146699000.0,141704000.0,157.07000732421875,2030566499.2858887
2026-03-31,CORDSCABLE,INR,4899973000.0,3852981000.0,2555849000.0,2882688000.0,1112017000.0,2017285000.0,1349674000.0,129278000.0,1297132000.0,12927780.0,9538998000.0,506786000.0,604620000.0,229737000.0,277049000.0,206433000.0,434007000.0,129.69000244140625,1676603819.761963
2023-03-31,ZEELEARN,INR,10237819000.0,1601833000.0,4296356000.0,8830120000.0,4627431000.0,192384000.0,-3034116000.0,326093000.0,-2694523000.0,326092725.0,3240489000.0,-4093109000.0,-3772195000.0,426099000.0,-4519208000.0,-4434247000.0,419794000.0,3.25,1059801356.25
2024-03-31,ZEELEARN,INR,10840280000.0,3789602000.0,5061587000.0,9013711000.0,3596150000.0,1826569000.0,-1399878000.0,326093000.0,-1271985000.0,326092725.0,3560376000.0,2174002000.0,2414791000.0,409266000.0,1764736000.0,1627449000.0,604694000.0,6.150000095367432,2005470289.8486257
2025-03-31,ZEELEARN,INR,15093076000.0,7986053000.0,8774732000.0,13132110000.0,3985394000.0,1960966000.0,-1228884000.0,327062000.0,-788679000.0,327062005.0,3718927000.0,713758000.0,1077774000.0,384985000.0,328773000.0,127234000.0,828903000.0,5.510000228881836,1802111722.4085522
2026-03-31,ZEELEARN,INR,15928135000.0,9146937000.0,9076112000.0,13577856000.0,3789204000.0,2350279000.0,-841390000.0,327062000.0,70825000.0,327062005.0,4387846000.0,1058374000.0,1497452000.0,380551000.0,677823000.0,385255000.0,1078103000.0,4.25,1390013521.25
2023-03-31,WINSOME,INR,2166583000.0,408501000.0,6230031000.0,6256316000.0,5565763000.0,-4089733000.0,-5368551000.0,707072000.0,-5821530000.0,212121.0,291867000.0,-264185000.0,-125122000.0,0.0,-264185000.0,-264185000.0,-2589000.0,50.0,10606050.0
2024-03-31,WINSOME,INR,1991500000.0,361316000.0,6163681000.0,6190657000.0,5565763000.0,-4199157000.0,-5477975000.0,707072000.0,-5802365000.0,212121.0,237919000.0,-109424000.0,5775000.0,0.0,-109424000.0,-109424000.0,-7439000.0,983.3333129882812,208585645.6843872
2025-03-31,WINSOME,INR,2057290000.0,525690000.0,6400013000.0,6429416000.0,5565763000.0,-4372126000.0,-5650944000.0,707072000.0,-5874323000.0,212121.0,41808000.0,-172969000.0,-74384000.0,0.0,-172969000.0,-172969000.0,187558000.0,573.3333129882812,121616035.6843872
2026-03-31,WINSOME,INR,1951969000.0,527011000.0,6421039000.0,6449619000.0,5565763000.0,-4497650000.0,-5776468000.0,707072000.0,-5894028000.0,212121.0,1859000.0,-125524000.0,-27191000.0,0.0,-125524000.0,-125524000.0,-14370000.0,546.6666870117188,115959484.3156128
2023-03-31,DIGJAMLMTD,INR,1430534000.0,294614000.0,617818000.0,1149846000.0,462597000.0,280688000.0,80688000.0,200000000.0,-323204000.0,20000000.0,332114000.0,-80934000.0,-70716000.0,41145000.0,-122079000.0,-122079000.0,146076000.0,83.19999694824219,1663999938.9648438
2024-03-31,DIGJAMLMTD,INR,834147000.0,241561000.0,306558000.0,675712000.0,237812000.0,158435000.0,-41565000.0,200000000.0,-64997000.0,20000000.0,25311000.0,-1881000.0,4800000.0,33185000.0,-35066000.0,-120634000.0,-46201000.0,83.6500015258789,1673000030.5175781
2025-03-31,DIGJAMLMTD,INR,808429000.0,232514000.0,282779000.0,754469000.0,320836000.0,53960000.0,-146040000.0,200000000.0,-50265000.0,20000000.0,181983000.0,33142000.0,38862000.0,13351000.0,19791000.0,-106049000.0,-187581000.0,34.91999816894531,698399963.3789062
2026-03-31,DIGJAMLMTD,INR,750222000.0,216036000.0,435184000.0,706052000.0,330700000.0,44170000.0,-155830000.0,200000000.0,-219148000.0,20000000.0,331693000.0,33700000.0,34172000.0,10445000.0,23255000.0,-9980000.0,-46128000.0,38.119998931884766,762399978.6376953
2023-03-31,COFFEEDAY,INR,58488400000.0,36500100000.0,21295400000.0,24728800000.0,18400600000.0,32178500000.0,6573100000.0,2112500000.0,15204700000.0,211251719.0,9163500000.0,-3049800000.0,-1437800000.0,773900000.0,-3823700000.0,-3798000000.0,1719100000.0,28.549999237060547,6031236416.277729
2024-03-31,COFFEEDAY,INR,51037900000.0,36755900000.0,16952800000.0,19742900000.0,13630100000.0,28565300000.0,3358100000.0,2112500000.0,19803100000.0,211251719.0,10071600000.0,-3498800000.0,-2184200000.0,190700000.0,-3689500000.0,-3225000000.0,1888000000.0,49.650001525878906,10488648170.694542
2025-03-31,COFFEEDAY,INR,49387800000.0,36619800000.0,15833600000.0,19928600000.0,13733000000.0,25904600000.0,2723200000.0,2112500000.0,20786200000.0,211251719.0,10699800000.0,803200000.0,2057400000.0,922900000.0,-119700000.0,-580500000.0,1958900000.0,28.31999969482422,5982648617.611092
2026-03-31,COFFEEDAY,INR,45377300000.0,34170800000.0,9693300000.0,13814300000.0,8267800000.0,27940900000.0,4853400000.0,2112500000.0,24477500000.0,211251719.0,11096000000.0,2791800000.0,4086600000.0,805900000.0,1985900000.0,2030700000.0,1717500000.0,21.1200008392334,4461636482.569498
2023-03-31,GTLINFRA,INR,42708300000.0,8525900000.0,82182300000.0,88115700000.0,42806800000.0,-45407400000.0,-181367400000.0,126711000000.0,-73656400000.0,12671102746.0,14578600000.0,-10544400000.0,-5508700000.0,7624700000.0,-18169100000.0,-18169100000.0,4945700000.0,0.699999988079071,8869771771.148684
2024-03-31,GTLINFRA,INR,42060400000.0,9641700000.0,87431700000.0,92926000000.0,39005800000.0,-50865600000.0,-188181000000.0,128070200000.0,-77790000000.0,12807020947.0,13720100000.0,1191700000.0,3971600000.0,8005300000.0,-6813600000.0,-6813600000.0,1944300000.0,1.600000023841858,20491233820.543175
2025-03-31,GTLINFRA,INR,41168500000.0,11547800000.0,95750300000.0,100781600000.0,37154100000.0,-59613100000.0,-196932600000.0,128091100000.0,-84202500000.0,12809111895.0,13440700000.0,450900000.0,2891400000.0,9202400000.0,-8751500000.0,-8751500000.0,6354300000.0,1.399999976158142,17932756347.606976
2026-03-31,GTLINFRA,INR,31252900000.0,3404600000.0,34584100000.0,83403200000.0,58982400000.0,-52150300000.0,-189139900000.0,128091100000.0,-31179500000.0,12809111895.0,13719700000.0,13305900000.0,15674500000.0,5513300000.0,7792600000.0,7792600000.0,5353700000.0,0.9700000286102295,12424838904.621632
2023-03-31,RPOWER,INR,485354200000.0,50238500000.0,183738100000.0,352482900000.0,212360300000.0,115953800000.0,-16119000000.0,37352100000.0,-133499600000.0,3735205966.0,70326000000.0,15748600000.0,28026100000.0,18538400000.0,-2789800000.0,-4707700000.0,40237400000.0,9.949999809265137,37165298649.266
2024-03-31,RPOWER,INR,437580100000.0,47613400000.0,178919400000.0,321441500000.0,187658300000.0,116138600000.0,-23341500000.0,40169800000.0,-131306000000.0,4016970966.0,74264500000.0,300000.0,12567800000.0,20281800000.0,-20281500000.0,-20683800000.0,31739700000.0,28.25,113479429789.5
2025-03-31,RPOWER,INR,412829200000.0,42820400000.0,96520000000.0,249457400000.0,151530800000.0,163371800000.0,6052300000.0,40169800000.0,-53699600000.0,4016970966.0,71532100000.0,47487500000.0,58447700000.0,17014600000.0,30472900000.0,29478300000.0,19379200000.0,42.97999954223633,172649410279.85663
2026-03-31,RPOWER,INR,412925900000.0,47109000000.0,101806500000.0,252531700000.0,148120300000.0,160394200000.0,2683400000.0,41357800000.0,-54697500000.0,4135770966.0,72042300000.0,13944000000.0,24042700000.0,15392900000.0,-1448900000.0,-3368900000.0,28243600000.0,20.360000610351562,84204299392.03427
2023-03-31,RELINFRA,INR,609930600000.0,132174800000.0,355621800000.0,470398500000.0,115097300000.0,92936500000.0,-75524200000.0,3518300000.0,-223447000000.0,351340000.0,205629300000.0,-2929600000.0,11555400000.0,21727100000.0,-24656700000.0,-32211800000.0,34582900000.0,144.25,50680795000.0
2024-03-31,RELINFRA,INR,591808900000.0,135669600000.0,341691100000.0,453227700000.0,98952900000.0,87472300000.0,-91664500000.0,3961700000.0,-206021500000.0,395681194.0,217033000000.0,15288100000.0,30315600000.0,21333800000.0,-6045700000.0,-16086600000.0,40974700000.0,270.95001220703125,107209824344.3927
2025-03-31,RELINFRA,INR,658408700000.0,78404100000.0,317529700000.0,420280400000.0,63610200000.0,144302000000.0,-95766600000.0,3961700000.0,-239125600000.0,395681194.0,232772700000.0,101046600000.0,115258900000.0,16207800000.0,84838800000.0,49375200000.0,36566700000.0,258.6400146484375,102338989812.27124
2026-03-31,RELINFRA,INR,711602400000.0,66694400000.0,320810400000.0,420721400000.0,49367200000.0,178725200000.0,46644600000.0,4086700000.0,-254116000000.0,408181194.0,201265600000.0,58905400000.0,73564000000.0,15943100000.0,42962300000.0,29002300000.0,25502200000.0,66.97000122070312,27335895060.44806
2023-03-31,RCOM,INR,367680000000.0,324750000000.0,1108690000000.0,1116640000000.0,472610000000.0,-748910000000.0,-921280000000.0,13830000000.0,-783940000000.0,2744254050.0,4790000000.0,-2330000000.0,-960000000.0,470000000.0,-2800000000.0,-144990000000.0,-640000000.0,1.25,3430317562.5
2024-03-31,RCOM,INR,365540000000.0,323760000000.0,1179040000000.0,1186900000000.0,472320000000.0,-821300000000.0,-993400000000.0,13830000000.0,-855280000000.0,2744254050.0,3830000000.0,-400000000.0,880000000.0,470000000.0,-870000000.0,-72120000000.0,-400000000.0,1.7000000476837158,4665232015.85623
2025-03-31,RCOM,INR,364250000000.0,323970000000.0,1271530000000.0,1279200000000.0,472160000000.0,-914900000000.0,-1087290000000.0,13830000000.0,-947560000000.0,2744254050.0,3580000000.0,-1360000000.0,-190000000.0,460000000.0,-1820000000.0,-93890000000.0,280000000.0,1.409999966621399,3869398118.9006386
2026-03-31,RCOM,INR,363360000000.0,323820000000.0,1381630000000.0,1389060000000.0,472120000000.0,-1025650000000.0,,13830000000.0,-1057810000000.0,2744254050.0,3140000000.0,-4460000000.0,-3350000000.0,440000000.0,-4900000000.0,-111250000000.0,-140000000.0,0.7599999904632568,2085633051.828754
2023-03-31,GAYAPROJ,INR,35784979000.0,23311218000.0,49304630000.0,51768855000.0,37911513000.0,-15983876000.0,-21459140000.0,374397000.0,-25993412000.0,187198685.0,10172097000.0,-12134278000.0,-11563596000.0,2906864000.0,-15041142000.0,-15041142000.0,-8632581000.0,5.349999904632568,1001512946.8973422
2024-03-31,GAYAPROJ,INR,34077039000.0,23833320000.0,47674369000.0,49629413000.0,36746840000.0,-15552374000.0,-21044554000.0,374397000.0,-23841049000.0,187198685.0,6795503000.0,441549000.0,933264000.0,26962000.0,414587000.0,414587000.0,-1095337000.0,8.300000190734863,1553749121.2053156
2025-03-31,GAYAPROJ,INR,34391764000.0,25106397000.0,47227915000.0,48757893000.0,36280762000.0,-14366129000.0,-19805644000.0,374397000.0,-22121518000.0,187198685.0,4499245000.0,1245691000.0,1676645000.0,6770000.0,1238921000.0,1238910000.0,3050972000.0,6.230000019073486,1166247811.1205316
2026-03-31,GAYAPROJ,INR,21148724000.0,17797503000.0,9198837000.0,15079937000.0,3113543000.0,6068787000.0,615586000.0,374397000.0,8598666000.0,187198685.0,8468918000.0,20810708000.0,21105375000.0,51403000.0,20759305000.0,20421230000.0,4903431000.0,14.399999618530273,2695660992.589369
2023-03-31,UNITECH,INR,268855651000.0,238598597000.0,278797113000.0,280254871000.0,73204026000.0,-8544299000.0,-73508896000.0,5232602000.0,-40198516000.0,2616301047.0,3999492000.0,-10674462000.0,-10611990000.0,20463114000.0,-31137576000.0,-27876533000.0,2510487000.0,1.149999976158142,3008746141.672522
2024-03-31,UNITECH,INR,265201535000.0,235027999000.0,313297410000.0,314809506000.0,73856909000.0,-41946677000.0,-107120983000.0,5232602000.0,-78269411000.0,2616301047.0,4772721000.0,-24259724000.0,-24197863000.0,30881136000.0,-38229269000.0,-33266501000.0,150947000.0,11.149999618530273,29171755676.010353
2025-03-31,UNITECH,INR,264359154000.0,236546845000.0,339996901000.0,346044006000.0,73210178000.0,-68176599000.0,-133945964000.0,5232602000.0,-103450055000.0,2616301047.0,3010944000.0,-12943593000.0,-12904033000.0,17349885000.0,-30293478000.0,-25934715000.0,-733990000.0,5.909999847412109,15462338788.554142
2026-03-31,UNITECH,INR,253591142000.0,224923461000.0,360888343000.0,366383289000.0,76955287000.0,-93646539000.0,-157448443000.0,5232602000.0,-135964882000.0,2616301047.0,5101744000.0,-10847488000.0,-10804493000.0,19333619000.0,-30181107000.0,-24557399000.0,-1162695000.0,3.1600000858306885,8267511533.07892
2023-03-31,SIMPLEXINF,INR,103730500000.0,88261000000.0,99887600000.0,100709700000.0,59844800000.0,3007200000.0,-10712300000.0,114700000.0,-11626600000.0,57142820.0,18618300000.0,-130300000.0,726700000.0,8115300000.0,-8245600000.0,-4708900000.0,-4316200000.0,33.79999923706055,1931427272.4034882
2024-03-31,SIMPLEXINF,INR,104137200000.0,88439700000.0,100683700000.0,101804000000.0,71800900000.0,2319600000.0,-11452900000.0,114700000.0,-12244000000.0,57142820.0,13770400000.0,-360000000.0,336600000.0,674000000.0,-1034000000.0,-722700000.0,-826900000.0,102.55000305175781,5859996365.386047
2025-03-31,SIMPLEXINF,INR,43388900000.0,33829100000.0,20680000000.0,38133100000.0,21746300000.0,5238000000.0,-11352300000.0,134900000.0,13149100000.0,67226847.0,10709600000.0,287500000.0,835800000.0,70200000.0,217300000.0,115800000.0,2078700000.0,322.04998779296875,21650405255.709778
2026-03-31,SIMPLEXINF,INR,38808500000.0,28976300000.0,12676100000.0,29027600000.0,16416700000.0,9754300000.0,-10959000000.0,158600000.0,16300200000.0,79095346.0,10161300000.0,586300000.0,878600000.0,67400000.0,518900000.0,400100000.0,743700000.0,140.3000030517578,11097077285.17984
2022-03-31,EDUCOMP,INR,2681560000.0,1557430000.0,31676000000.0,32041300000.0,26008130000.0,-29374660000.0,-42028310000.0,244930000.0,-30118570000.0,122467168.0,13810000.0,-399100000.0,-394930000.0,44750000.0,-443850000.0,-443850000.0,-26190000.0,3.5,428635088.0
2023-03-31,EDUCOMP,INR,2615140000.0,1490280000.0,32358180000.0,32774720000.0,26576610000.0,-30174500000.0,-42828210000.0,244930000.0,-30867900000.0,122467168.0,39820000.0,-749000000.0,-745890000.0,50900000.0,-799900000.0,-799900000.0,-17910000.0,1.2999999523162842,159207312.56031036
2024-03-31,EDUCOMP,INR,2474110000.0,1328560000.0,32493560000.0,32968340000.0,26737400000.0,-30509150000.0,-43162220000.0,244930000.0,-31165000000.0,122467168.0,41390000.0,-275950000.0,-273190000.0,58060000.0,-334010000.0,-334010000.0,-7120000.0,3.200000047683716,391894943.43968964
2025-03-31,EDUCOMP,INR,2392850000.0,1287970000.0,32702960000.0,33244190000.0,26979470000.0,-30866260000.0,-43519370000.0,244930000.0,-31414990000.0,122467168.0,36230000.0,-291010000.0,-282470000.0,66130000.0,-357140000.0,-357140000.0,-7530000.0,1.6100000143051147,197172142.2319069
2022-03-31,JETAIRWAYS,INR,57601000000.0,29087800000.0,213880000000.0,222645400000.0,35462200000.0,-165044400000.0,,1136000000.0,-184792200000.0,113597383.0,1364300000.0,-5205600000.0,-3466300000.0,70000000.0,-5275600000.0,-7725400000.0,534300000.0,79.55000305175781,9036672164.321701
2023-03-31,JETAIRWAYS,INR,56320200000.0,29604200000.0,222673200000.0,231385200000.0,35612100000.0,-175065000000.0,,1136000000.0,-193069000000.0,113597383.0,497200000.0,-9977800000.0,-8420600000.0,42800000.0,-10020600000.0,-10020600000.0,144100000.0,57.599998474121094,6543209087.464149
2023-03-31,MTNL,INR,116439900000.0,57937300000.0,123376100000.0,324989300000.0,283509500000.0,-208549400000.0,-231199700000.0,6300000000.0,-65438800000.0,630000000.0,8765400000.0,-6900300000.0,397100000.0,22255800000.0,-29156100000.0,-29151100000.0,638500000.0,18.049999237060547,11371499519.348145
2024-03-31,MTNL,INR,107173400000.0,53908600000.0,96709100000.0,343614600000.0,301412800000.0,-236441200000.0,-264027200000.0,6300000000.0,-42800500000.0,630000000.0,7591700000.0,-7802700000.0,-1139200000.0,24874400000.0,-32677100000.0,-32675200000.0,1301000000.0,32.79999923706055,20663999519.348145
2025-03-31,MTNL,INR,102263300000.0,53529400000.0,129936200000.0,371453100000.0,326550000000.0,-269189800000.0,-297482600000.0,6300000000.0,-76406800000.0,630000000.0,6634300000.0,-6676800000.0,-555300000.0,26606300000.0,-33283100000.0,-33276900000.0,3398500000.0,42.97999954223633,27077399711.608887
2026-03-31,MTNL,INR,100756500000.0,56786100000.0,162345700000.0,400354000000.0,354445700000.0,-299597500000.0,-328539700000.0,6300000000.0,-105559600000.0,630000000.0,4245900000.0,-3393600000.0,2291300000.0,27677600000.0,-31071200000.0,-31072400000.0,1764300000.0,21.469999313354492,13526099567.41333
2022-03-31,HDIL,INR,39659433000.0,32612487000.0,62307466000.0,62307466000.0,28231688000.0,-22648033000.0,-133265366000.0,4740040000.0,-29694979000.0,474003986.0,6355000.0,-138793000.0,-111484000.0,0.0,-124924000.0,-124924000.0,-376000.0,7.349999904632568,3483929251.8954573
2023-03-31,HDIL,INR,39632638000.0,32613156000.0,62478710000.0,62478709000.0,28232200000.0,-22846071000.0,-133463404000.0,4740040000.0,-29865554000.0,474003986.0,13113000.0,-211744000.0,-184435000.0,0.0,-198039000.0,-198039000.0,-20313000.0,2.549999952316284,1208710141.6977286
2024-03-31,HDIL,INR,39658861000.0,32664498000.0,62608097000.0,62608098000.0,28232200000.0,-22949237000.0,-133566570000.0,4740040000.0,-29943599000.0,474003986.0,16146000.0,-114317000.0,-88074000.0,0.0,-103165000.0,-103165000.0,102115000.0,4.400000095367432,2085617583.6045427
2025-03-31,HDIL,INR,39475619000.0,32509413000.0,62424989000.0,62424989000.0,28232200000.0,-22949350000.0,-133566683000.0,4740040000.0,-29915576000.0,474003986.0,16221000.0,-15096000.0,10208000.0,0.0,-113000.0,-113000.0,-4052000.0,2.549999952316284,1208710141.6977286
2023-03-31,ESSARSHPNG,INR,10465200000.0,9475600000.0,32719500000.0,36701300000.0,27039200000.0,-27420700000.0,-60208200000.0,2069800000.0,-23243900000.0,206976072.0,606700000.0,17531500000.0,17942900000.0,1294000000.0,16237500000.0,16502100000.0,5136100000.0,8.0,1655808576.0
2024-03-31,ESSARSHPNG,INR,9110200000.0,8848000000.0,29619300000.0,35846700000.0,26419900000.0,-28073100000.0,-61518900000.0,2069800000.0,-20771300000.0,206976072.0,127700000.0,-257300000.0,63500000.0,794100000.0,-1051400000.0,-1181000000.0,-465000000.0,20.5,4243009476.0
2025-03-31,ESSARSHPNG,INR,2995700000.0,871400000.0,12734000000.0,26792000000.0,16312300000.0,-23796300000.0,-55063900000.0,2069800000.0,-11862600000.0,206976072.0,1500000.0,7567900000.0,7575500000.0,1002200000.0,6565700000.0,6600800000.0,5306300000.0,21.649999618530273,4481031879.844894
2026-03-31,ESSARSHPNG,INR,3170300000.0,395100000.0,8583400000.0,23901900000.0,16154900000.0,-20731600000.0,-49897700000.0,2069800000.0,-8188300000.0,206976072.0,800000.0,-374700000.0,-366900000.0,745900000.0,-1120600000.0,-1120600000.0,-1295700000.0,21.690000534057617,4489311112.217148
2023-03-31,SUPREMEINF,INR,50673571000.0,13237000000.0,87005912000.0,103686858000.0,52843761000.0,-51227816000.0,-56519080000.0,256984000.0,-73768912000.0,25698372.0,966200000.0,-1004929000.0,-771230000.0,11013416000.0,-12018345000.0,-11577927000.0,-178553000.0,24.75,636034707.0
2024-03-31,SUPREMEINF,INR,55660518000.0,10109150000.0,88088672000.0,104789199000.0,44722613000.0,-48705441000.0,-54376546000.0,256984000.0,-77979522000.0,25698372.0,587290000.0,-478122000.0,-405175000.0,11334264000.0,-11812386000.0,-11745858000.0,-140988000.0,66.5,1708941738.0
2025-03-31,SUPREMEINF,INR,26703878000.0,9536441000.0,88410367000.0,89047686000.0,28583548000.0,-62319543000.0,-68638511000.0,256984000.0,-78873926000.0,25698372.0,661656000.0,-410354000.0,-349361000.0,13853180000.0,-14263534000.0,-14263154000.0,118247000.0,106.87000274658203,2746385086.222687
2026-03-31,SUPREMEINF,INR,26887021000.0,9716197000.0,23882772000.0,24576795000.0,14602173000.0,2335069000.0,,975028000.0,-14166575000.0,97502760.0,653386000.0,64609139000.0,64658831000.0,6644791000.0,57964348000.0,57964997000.0,-77690000.0,58.16999816894531,5671735370.667114
2023-03-31,GVKPIL,INR,76893700000.0,25869400000.0,37482200000.0,72363600000.0,48387800000.0,-11513200000.0,-51727200000.0,1579200000.0,-11612800000.0,1579210400.0,21203600000.0,42076300000.0,46073700000.0,10647100000.0,31429200000.0,24389400000.0,16204500000.0,2.049999952316284,3237381244.69738
2024-03-31,GVKPIL,INR,78092200000.0,25483000000.0,39937700000.0,72464500000.0,45991400000.0,-11824900000.0,-51895500000.0,1579200000.0,-14454700000.0,1579210400.0,10801400000.0,7719500000.0,9989700000.0,5317800000.0,2401700000.0,204000000.0,7939700000.0,9.75,15397301400.0
2025-03-31,GVKPIL,INR,51690600000.0,13974000000.0,35869800000.0,40009600000.0,33704600000.0,-6173700000.0,-46244300000.0,1579200000.0,-21895800000.0,1579210400.0,8021600000.0,10724900000.0,12969800000.0,4202200000.0,6522700000.0,5651500000.0,5985600000.0,3.0999999046325684,4895552089.39476
2026-03-31,GVKPIL,INR,5697500000.0,3779800000.0,4702400000.0,7876400000.0,7005400000.0,-14568800000.0,-37609900000.0,1579200000.0,-922600000.0,1579210400.0,805300000.0,-13516000000.0,-13294100000.0,307000000.0,-13823000000.0,-8395100000.0,59100000.0,2.369999885559082,3742728467.273712
2022-03-31,EROSMEDIA,INR,24074800000.0,6749500000.0,,,4804900000.0,,,958800000.0,,95884872.0,3729800000.0,540800000.0,,552300000.0,-11500000.0,-75800000.0,,31.100000381469727,2982019555.777176
2023-03-31,EROSMEDIA,INR,22595600000.0,8275300000.0,9326800000.0,12228800000.0,1904600000.0,10278100000.0,2338000000.0,959100000.0,-1051500000.0,95914119.0,6805700000.0,-505600000.0,495700000.0,691200000.0,-1196800000.0,-1165600000.0,1790800000.0,21.649999618530273,2076540639.7616673
2024-03-31,EROSMEDIA,INR,17650300000.0,5281700000.0,8679700000.0,11292900000.0,1919400000.0,6280700000.0,-1810300000.0,959100000.0,-3398000000.0,95914119.0,1398900000.0,-3763300000.0,-2875000000.0,289200000.0,-4052500000.0,-4148300000.0,-394200000.0,17.850000381469727,1712067060.7383327
2026-03-31,EROSMEDIA,INR,17976600000.0,4411300000.0,8068800000.0,10530400000.0,1144300000.0,7438700000.0,-2102700000.0,959100000.0,-3657500000.0,95914119.0,294000000.0,-1262500000.0,-763100000.0,83900000.0,-1346400000.0,-1373600000.0,-1140500000.0,7.809999942779541,749089263.9017501
2023-03-31,CCCL,INR,11760984000.0,1722725000.0,17363007000.0,18217778000.0,15158759000.0,-6456794000.0,-11277238000.0,797022000.0,-15640282000.0,757626581.0,1387507000.0,-359534000.0,-295213000.0,776631000.0,-1136165000.0,-1125618000.0,-4481000.0,1.25,947033226.25
2024-03-31,CCCL,INR,5422406000.0,2214436000.0,4522827000.0,5146476000.0,1408202000.0,275930000.0,-4548568000.0,797022000.0,-2308391000.0,398511188.0,1301952000.0,6627940000.0,6682569000.0,139950000.0,6487990000.0,6725723000.0,505430000.0,1.5,597766782.0
2025-03-31,CCCL,INR,4222207000.0,1962334000.0,1933506000.0,2224812000.0,3000000.0,1997395000.0,-3672163000.0,893519000.0,28828000.0,446759451.0,1812719000.0,1070358000.0,1118738000.0,26249000.0,1044109000.0,876405000.0,1555198000.0,14.34000015258789,6406530595.510082
2026-03-31,CCCL,INR,4952008000.0,3275759000.0,2016663000.0,2164115000.0,3000000.0,2787893000.0,-2881945000.0,893519000.0,1259096000.0,446759451.0,2947078000.0,669912000.0,691876000.0,35898000.0,634014000.0,790218000.0,-978502000.0,12.850000381469727,5740859115.775206
2023-03-31,YESBANK,INR,3552041341000.0,,,3144859584000.0,710169839000.0,407181757000.0,-100937570000.0,57509551000.0,,28754775334.0,93697163000.0,,,147997602000.0,9813279000.0,7358186000.0,-258162578000.0,15.050000190734863,432759374261.23816
2024-03-31,YESBANK,INR,4063615459000.0,,,3642063603000.0,788626097000.0,421551856000.0,-91126358000.0,57535764000.0,,28767882106.0,139782765000.0,,,195272521000.0,15376886000.0,12852015000.0,96445510000.0,23.200000762939453,667414886807.3523
2025-03-31,YESBANK,INR,4241159328000.0,,,3762802626000.0,708674469000.0,478324161000.0,-75634967000.0,62708231000.0,,31354115322.0,168299614000.0,,,219983652000.0,32239412000.0,24464926000.0,63863986000.0,16.8799991607666,529257440321.9393
2026-03-31,YESBANK,INR,4702040797000.0,,,4190409617000.0,654508192000.0,511584149000.0,-52102183000.0,62759514000.0,,31379757057.0,184369556000.0,,,204502780000.0,46434262000.0,35117146000.0,212168547000.0,17.25,541300809233.25
