ticker,name,sector,fiscal_year,default,debt_to_assets,liabilities_to_assets,interest_coverage,roa,current_ratio,asset_growth,z_score,z_model,z_zone,lr_pd_raw,lr_pd,lr_rating,xgb_pd_raw,xgb_pd,xgb_rating
ABB,ABB India Limited,Industrials,2022,0,0.0035511035894155865,0.4699197165126853,50.0,0.10905826535726205,1.8156282037725786,,9.984718757678761,Z (1968),Safe,0.016821365979726298,0.002204609682918108,A,0.021573306992650032,0.0028393240700948065,A
ABB,ABB India Limited,Industrials,2023,0,0.004452245620701034,0.4596402752793107,50.0,0.12225250523883063,1.9041055730172152,0.18060940758062416,14.107535098808533,Z (1968),Safe,0.00926682437056141,0.0012064555967212756,AA,0.008797098882496357,0.0011448295237004042,AA
ABB,ABB India Limited,Industrials,2024,0,0.004186798350136749,0.4290039890794612,50.0,0.1600203825838345,2.040705655712216,0.1263626934904314,19.208997594207336,Z (1968),Safe,0.011041891092258463,0.0014397968092044894,AA,0.009727856144309044,0.0012669905357460475,AA
ABB,ABB India Limited,Industrials,2025,0,0.006219168118441351,0.42544990350830886,50.0,0.12818072817281417,2.0493263218481017,0.10064698462554067,13.888889252973177,Z (1968),Safe,0.013368966220106061,0.0017468079162512534,A,0.009086565114557743,0.0011828003065247452,AA
ADANIENT,Adani Enterprises Limited,Energy,2023,0,0.37467960139607775,0.732202743670798,2.0780956059359985,0.01741478524441185,0.8321370978091893,,2.32846672457656,Z (1968),Grey,0.12891031167917122,0.018752735765603202,BB,0.011178078129887581,0.001457729352532949,AA
ADANIENT,Adani Enterprises Limited,Energy,2024,0,0.40632985932781834,0.7250931287109555,2.324092744645728,0.021446519347996112,0.8292384901892851,0.13601191961258574,2.8174759528574027,Z (1968),Grey,0.09670347419746982,0.013636723082086525,BB,0.004242092836648226,0.0005498559506654063,AA
ADANIENT,Adani Enterprises Limited,Energy,2025,0,0.4616667963758546,0.714990808817035,3.1439438579261805,0.03956336071661457,0.864109287795345,0.23270863864255897,2.0553901094320723,Z (1968),Grey,0.04476421092300135,0.006015357071775114,BBB,0.004242092836648226,0.0005498559506654063,AA
ADANIENT,Adani Enterprises Limited,Energy,2026,0,0.4075751045440115,0.6591050050200621,3.1155717818645967,0.04062971894580604,1.038426473271688,0.320310076627343,1.6159818750441524,Z (1968),Distress,0.022617418967693186,0.002979503667706745,A,0.003150777192786336,0.0004080114725677056,AAA
ADANIGREEN,Adani Green Energy Limited,Utilities,2023,0,0.8049761731565743,0.8908121910304182,1.5411764705882354,0.014459405293864401,0.9246802463287541,,0.4991657204879711,Z'' (1995),Distress,0.11693591865936676,0.016813305106752156,BB,0.11506317555904388,0.016514051592190056,BB
ADANIGREEN,Adani Green Energy Limited,Utilities,2024,0,0.7325442183017461,0.8029320743635501,1.398901885891621,0.014111700524057242,0.5170060416200493,0.31438072475171097,-0.29899953357127795,Z'' (1995),Distress,0.024060453238851975,0.0031736700821673692,A,0.08244746178388596,0.011470892258017793,BBB
ADANIGREEN,Adani Green Energy Limited,Utilities,2025,0,0.713181565198657,0.7973662004703854,1.4579284680587141,0.014444622279129321,0.5081714827096163,0.25819422169012185,0.16845518454463448,Z'' (1995),Distress,0.037872254314123895,0.00505763786589414,BBB,0.08244746178388596,0.011470892258017793,BBB
ADANIGREEN,Adani Green Energy Limited,Utilities,2026,0,0.7039702422673616,0.7926466199851488,1.341467576791809,0.012931759917023817,0.5664788453934362,0.2935330975421462,0.25189794027117707,Z'' (1995),Distress,0.028100169700056556,0.003719891607601416,A,0.07834164798259735,0.010857825289547457,BBB
ADANIPORTS,Adani Ports and Special Economic Zone Limited,Industrials,2023,0,0.4569660855245358,0.5911840644932095,3.1457807012741195,0.04625921104076232,1.4043273328587436,,2.3383768778671032,Z'' (1995),Grey,0.07983284666238488,0.01107994142883166,BBB,0.010440360754728317,0.001360641146736543,AA
ADANIPORTS,Adani Ports and Special Economic Zone Limited,Industrials,2024,0,0.41345056045823897,0.5413389089461491,4.722549428178395,0.06941635296260337,1.0613146861982126,0.03620310327998322,2.6625476613579355,Z'' (1995),Safe,0.12352387114045202,0.017874713263242283,BB,0.0032802908681333065,0.0004248309586831374,AAA
ADANIPORTS,Adani Ports and Special Economic Zone Limited,Industrials,2025,0,0.37910274588691845,0.5198975144354009,5.849710423273334,0.08725510825757787,0.90270318436252,0.138031062951262,2.729280770734343,Z'' (1995),Safe,0.05515303528352211,0.0074818294147391325,BBB,0.0028795006219297647,0.0003727940643598418,AAA
ADANIPORTS,Adani Ports and Special Economic Zone Limited,Industrials,2026,0,0.34123649945638435,0.46587373828182926,4.958169948578786,0.07987731305383532,1.3943110400466994,0.3693320504657316,3.0586291338809186,Z'' (1995),Safe,0.007210194879571344,0.0009370094161463649,AA,0.0028795006219297647,0.0003727940643598418,AAA
ALOKINDS,Alok Industries Limited,Consumer Cyclical,2023,0,3.2062802987759196,3.5331927823071902,-0.8417472476872201,-0.11800657006799256,0.4096099675709485,,-3.7789148511781923,Z (1968),Distress,0.6817715472928331,0.21671190935857593,CCC,0.855684757232666,0.43365482675316924,D
ALOKINDS,Alok Industries Limited,Consumer Cyclical,2024,0,3.034144161537392,3.6699505726471378,-0.7018966933044923,-0.11391221648728742,0.6551826247811098,-0.007275056928526702,-3.722836847135084,Z (1968),Distress,0.7860544537313804,0.32179121482678297,CCC,0.867671549320221,0.45851294296110984,D
ALOKINDS,Alok Industries Limited,Consumer Cyclical,2025,0,3.33145068181109,4.06545594491424,-1.6385600936524454,-0.11550503299921482,0.9262898504181128,-0.09139672437466495,-4.609986981068791,Z (1968),Distress,0.8850893220761397,0.49866916892677754,D,0.7995866537094116,0.34003374397885117,CCC
ALOKINDS,Alok Industries Limited,Consumer Cyclical,2026,0,3.4847178568394717,4.3249832034658775,-1.534886885524749,-0.11270619989367196,0.6126950614235972,-0.03793832570317113,-5.121177967929959,Z (1968),Distress,0.8837411959984601,0.4953723039715944,D,0.828407347202301,0.38403057293861054,CCC
AMBUJACEM,Ambuja Cements Limited,Basic Materials,2024,0,0.01073687386027948,0.2190530550653972,22.333309211954557,0.06478933991077913,1.9759639801861342,0.44020065219040805,6.927293822100222,Z (1968),Safe,0.003718927939736316,0.00048182349084250405,AAA,0.008059925399720669,0.0010482177308184261,AA
AMBUJACEM,Ambuja Cements Limited,Basic Materials,2025,0,0.009721802334613464,0.21156503633007326,29.265583032323793,0.058861894846619287,1.4037930670857752,0.24580300222660223,5.644448619298638,Z (1968),Safe,0.013481786037651364,0.0017617242409546246,A,0.007880717515945435,0.0010247501442365904,AA
AMBUJACEM,Ambuja Cements Limited,Basic Materials,2026,0,0.009663685487452934,0.19820370374503662,15.752336657573453,0.05539333393317063,1.0473181615486582,0.10480361835989194,4.229828499351126,Z (1968),Safe,0.055076599163446274,0.007470938016314654,BBB,0.007880717515945435,0.0010247501442365904,AA
APOLLOHOSP,Apollo Hospitals Enterprise Limited,Healthcare,2023,0,0.3002814011838257,0.5473114404136459,4.645839974497928,0.056772342283646846,1.3044001323348071,,2.4283408018378427,Z'' (1995),Grey,0.07570532039754865,0.010466651721115798,BBB,0.009900816716253757,0.0012897134570646741,AA
APOLLOHOSP,Apollo Hospitals Enterprise Limited,Healthcare,2024,0,0.31830526887561106,0.5630360948123034,4.366252133625945,0.057637848811291525,1.1318898059813485,0.16116802284478582,2.2706826432153764,Z'' (1995),Grey,0.054004330099024785,0.007318310563443939,BBB,0.003688113996759057,0.0004778183793886175,AAA
APOLLOHOSP,Apollo Hospitals Enterprise Limited,Healthcare,2025,0,0.26233698335705363,0.5811234714920561,5.826272189349113,0.07729915398083426,1.5350630063989168,0.2330494057816166,2.9190806512198195,Z'' (1995),Safe,0.027371156525452328,0.0036210285294628755,A,0.005279936362057924,0.000685001631013895,AA
APOLLOHOSP,Apollo Hospitals Enterprise Limited,Healthcare,2026,0,0.3825939658240565,0.5506354490942429,8.472339230553215,0.09061867770562114,1.0645703793991945,0.07452535168995134,2.5923363481517283,Z'' (1995),Grey,0.09167685782086507,0.012866388762669123,BB,0.003277710173279047,0.00042449577575346374,AAA
ASHOKLEY,Ashok Leyland Limited,Industrials,2023,0,0.5691908871532373,0.8028018845574316,2.0818867924528304,0.022626489126787504,1.079647917274365,,1.7127589295761187,Z (1968),Distress,0.107606504021398,0.015333200343977359,BB,0.03738794103264809,0.004990783656446134,BBB
ASHOKLEY,Ashok Leyland Limited,Industrials,2024,0,0.6036218333737698,0.8252165821444,2.37683628133121,0.0405997599671935,1.091708261603385,0.2347128128606999,1.6818814151979575,Z (1968),Distress,0.044597002148643004,0.005991979853542791,BBB,0.014855426736176014,0.0019435765309198478,A
ASHOKLEY,Ashok Leyland Limited,Industrials,2025,0,0.6114217721573515,0.8060952113354474,2.1694871266420876,0.041615364090232525,1.289580309331389,0.2088751338844541,1.7040373256788408,Z (1968),Distress,0.047499314928561596,0.006398756229161847,BBB,0.014590611681342125,0.00190848414845692,A
ASHOKLEY,Ashok Leyland Limited,Industrials,2026,0,0.6327714939538249,0.816447900124247,2.0956798061492354,0.03798553016606132,1.320814743061712,0.23650719136742215,1.76809184673587,Z (1968),Distress,0.04000294189952712,0.005352450209721203,BBB,0.014590611681342125,0.00190848414845692,A
ASIANPAINT,Asian Paints Limited,Basic Materials,2023,0,0.07491355919063493,0.3625129855027521,40.382692973347176,0.15917706798976664,2.0941371060787013,,20.086439099216634,Z (1968),Safe,0.022507408244891773,0.0029647216761407506,A,0.01680748350918293,0.0022027632184960654,A
ASIANPAINT,Asian Paints Limited,Basic Materials,2024,0,0.08268856296047766,0.35090156459227334,36.8130818345762,0.19598080402224682,2.0629505373510755,0.15993836731529565,18.631909358818227,Z (1968),Safe,0.011925457404027746,0.0015562176692353723,A,0.005187049973756075,0.0006728961728689211,AA
ASIANPAINT,Asian Paints Limited,Basic Materials,2025,0,0.07540950572858583,0.33954082413799574,23.47850409655537,0.12164199427286897,2.0871146006193166,0.014947154616898883,15.771760877025969,Z (1968),Safe,0.062269490333245914,0.00850257060554875,BBB,0.06288878619670868,0.008592031736761594,BBB
ASIANPAINT,Asian Paints Limited,Basic Materials,2026,0,0.11376829366815609,0.3625219309739336,31.72227623970114,0.13328072380521575,2.2091029579633643,0.13707382972845816,12.646336245762706,Z (1968),Safe,0.019163394630101548,0.002516765615765084,A,0.005187049973756075,0.0006728961728689211,AA
AVANTIFEED,Avanti Feeds Limited,Consumer Defensive,2023,0,0.0011165968453862773,0.13083977224715454,50.0,0.10190424466236722,6.841301116023905,,11.878335891469282,Z (1968),Safe,0.008312086116770277,0.0010812511139512509,AA,0.01680748350918293,0.0022027632184960654,A
AVANTIFEED,Avanti Feeds Limited,Consumer Defensive,2024,0,0.00533433658505757,0.13198632415380815,50.0,0.12245899116601983,7.131992595560241,0.13293978612096624,13.73625193462392,Z (1968),Safe,0.005554676582843878,0.0007208187863261705,AA,0.005187049973756075,0.0006728961728689211,AA
AVANTIFEED,Avanti Feeds Limited,Consumer Defensive,2025,0,0.004110270010707627,0.13790444793240267,50.0,0.15597470675807468,6.102400433443791,0.18866160078771088,18.559885755829352,Z (1968),Safe,0.0030289468644910155,0.00039219326804013137,AAA,0.005187049973756075,0.0006728961728689211,AA
AVANTIFEED,Avanti Feeds Limited,Consumer Defensive,2026,0,0.003106424702941947,0.12965956077042787,50.0,0.15260133441883755,5.578069895459447,0.15686691030480038,21.10223294335647,Z (1968),Safe,0.003987145762397521,0.0005166948150914779,AA,0.005187049973756075,0.0006728961728689211,AA
BAJAJ-AUTO,Bajaj Auto Limited,Consumer Cyclical,2023,0,0.0,0.16435638773979727,50.0,0.17247644540071635,1.8309364529458863,,14.151718277322953,Z (1968),Safe,0.011955023775623618,0.0015601165372533228,A,0.03435419499874115,0.004573330421551721,BBB
BAJAJ-AUTO,Bajaj Auto Limited,Consumer Cyclical,2024,0,0.04536692875621608,0.2642723306189554,50.0,0.20692670129028526,1.301953643148292,0.12036588784581248,17.4719549125427,Z (1968),Safe,0.01395098897688061,0.0018237911240554967,A,0.013377999886870384,0.0017480021814701959,A
BAJAJ-AUTO,Bajaj Auto Limited,Consumer Cyclical,2025,0,0.1704198687014298,0.35074441946020385,27.288326047827205,0.15657105932188445,1.6787162427560536,0.3767985209451481,9.306556049520703,Z (1968),Safe,0.005291341650580921,0.0006864881657265812,AA,0.009458315558731556,0.0012315930481261806,AA
BAJAJ-AUTO,Bajaj Auto Limited,Consumer Cyclical,2026,0,0.29317499879245806,0.47916520714880373,12.948903734155532,0.16350752083371378,1.7608567723092579,0.42481495374143363,6.163629219732337,Z (1968),Safe,0.006207095507735623,0.0008059419626548927,AA,0.008126641623675823,0.0010569562217328816,AA
BALKRISIND,Balkrishna Industries Limited,Consumer Cyclical,2023,0,0.2710254412576958,0.38798687362625794,34.76771004942339,0.08563565890217256,1.1727779486276113,,6.2756467393030295,Z (1968),Safe,0.034156551410398764,0.0045462129059465955,BBB,0.019967326894402504,0.002624216019622122,A
BALKRISIND,Balkrishna Industries Limited,Consumer Cyclical,2024,0,0.22649208522902486,0.3530063853077999,20.271247021445593,0.11305152849163728,1.2687163291844696,0.10826990701072114,7.188194376111236,Z (1968),Safe,0.042613231168479794,0.005715171238185778,BBB,0.008333602920174599,0.0010840705200000442,AA
BALKRISIND,Balkrishna Industries Limited,Consumer Cyclical,2025,0,0.20898759550895254,0.33560435596296945,20.968869819244112,0.11289257551365658,1.3181597719233908,0.14250533814070487,7.293690328904903,Z (1968),Safe,0.032938865853559346,0.004379353430487461,BBB,0.008333602920174599,0.0010840705200000442,AA
BALKRISIND,Balkrishna Industries Limited,Consumer Cyclical,2026,0,0.23138249070996053,0.38336821202341054,16.38018152896042,0.07443489715876771,1.012865002947534,0.13634322716323855,4.863140677355252,Z (1968),Safe,0.04981700845784877,0.006725138394752992,BBB,0.00948476791381836,0.001235066169022215,AA
BEL,Bharat Electronics Limited,Industrials,2023,0,0.001728317212422132,0.6089342785825319,50.0,0.08408908469346037,1.4610552091873004,,3.525650705567441,Z (1968),Safe,0.03855697402258138,0.005152255583494748,BBB,0.009403479285538197,0.0012243937113569352,AA
BEL,Bharat Electronics Limited,Industrials,2024,0,0.001581463457087719,0.5864972722222054,50.0,0.10622858426361192,1.5464383501318626,0.1137046200505647,5.527843703620784,Z (1968),Safe,0.02898124245306511,0.003839547692950706,A,0.003480123355984688,0.0004507899678934568,AAA
BEL,Bharat Electronics Limited,Industrials,2025,0,0.0014995643108102349,0.5103620065311745,50.0,0.13244242615657278,1.764728991815736,0.03302022836221008,8.430802036544534,Z (1968),Safe,0.044198087074258575,0.005936236707773097,BBB,0.005539339501410723,0.0007188188777450546,AA
BEL,Bharat Electronics Limited,Industrials,2026,0,0.0014697720034703324,0.4609681904156316,50.0,0.1420181334337909,1.975979438985449,0.09075413170009883,10.839332052037552,Z (1968),Safe,0.02417738621210317,0.003189425746668901,A,0.005187049973756075,0.0006728961728689211,AA
BERGEPAINT,Berger Paints India Limited,Basic Materials,2023,0,0.1492336676636748,0.43489846457399556,12.71359467902852,0.10787017221924472,1.4000268948244272,,12.4931892488566,Z (1968),Safe,0.06370034747332089,0.008709421463841436,BBB,0.014624944888055325,0.001913032942221771,A
BERGEPAINT,Berger Paints India Limited,Basic Materials,2024,0,0.09001321597483947,0.35602951966025626,20.896357827476038,0.14296671794454277,1.8277298297150064,0.05039305048091114,16.513552859589197,Z (1968),Safe,0.05820510028704338,0.007917966898001606,BBB,0.009178993292152882,0.001194928653376227,AA
BERGEPAINT,Berger Paints India Limited,Basic Materials,2025,0,0.0734008348993171,0.32468975999929917,25.790105895369052,0.13490054456209322,2.054998298111955,0.09117110744133461,14.835312197458784,Z (1968),Safe,0.03900118816631741,0.005213701606942384,BBB,0.008974128402769566,0.0011680491097812357,AA
BERGEPAINT,Berger Paints India Limited,Basic Materials,2026,0,0.06315139511159103,0.3109554689845942,26.848532221643218,0.11745019255923998,2.115102810731601,0.10136404851702441,12.068664483069233,Z (1968),Safe,0.037404684901207394,0.0049930939935485625,BBB,0.008914542384445667,0.0011602328693423225,AA
BHARTIARTL,Bharti Airtel Limited,Communication Services,2023,0,0.5060535132632326,0.7616740090078391,2.1584554580112623,0.01868625082058387,0.47146202397760645,,-0.19606818115937774,Z'' (1995),Distress,0.13218573499753383,0.01929120103820152,BB,0.2576794922351837,0.04290470953043113,B
BHARTIARTL,Bharti Airtel Limited,Communication Services,2024,0,0.48498822354346494,0.7625274727746771,1.7946276925776672,0.016757854500887716,0.4202569017464761,-0.0047067705669887605,-0.41528940815496856,Z'' (1995),Distress,0.2656352612601305,0.04462803756193346,B,0.6779394149780273,0.2137380935944027,CCC
BHARTIARTL,Bharti Airtel Limited,Communication Services,2025,0,0.41535487568638646,0.701633912719564,3.1799864880976036,0.06998936480189519,0.37457728377601,0.15708555758765974,-0.1176479176128914,Z'' (1995),Distress,0.06837217212479423,0.00938861712279546,BBB,0.021906275302171707,0.002883999254584438,A
BHARTIARTL,Bharti Airtel Limited,Communication Services,2026,0,0.35390950601247917,0.6450913118788391,3.5317330433905374,0.05006075881002745,0.5169768093535053,0.07347221908996104,0.5489070578122277,Z'' (1995),Distress,0.12963404774657436,0.018871416773716867,BB,0.020559662953019142,0.002703483333535955,A
BOSCHLTD,Bosch Limited,Consumer Cyclical,2023,0,0.003273382844274349,0.3228589184300068,50.0,0.08771066249084745,1.7584552602766994,,8.942658207205746,Z (1968),Safe,0.03247451772315345,0.004315819715495077,BBB,0.01554055605083704,0.0020344436559097115,A
BOSCHLTD,Bosch Limited,Consumer Cyclical,2024,0,0.0022653255324667837,0.30501772487534945,50.0,0.148288135996762,1.9478324039896333,0.06744891492281102,12.813058698319654,Z (1968),Safe,0.032598921424943514,0.004332835873345911,BBB,0.006337125785648823,0.0008229190518894192,AA
BOSCHLTD,Bosch Limited,Consumer Cyclical,2025,0,0.005844544021816996,0.31756179259032363,50.0,0.10722114627450145,1.7833661322063425,0.1667348762140819,10.274035132878073,Z (1968),Safe,0.022159894649330387,0.002918045717009972,A,0.00571728078648448,0.0007420251800182063,AA
BOSCHLTD,Bosch Limited,Consumer Cyclical,2026,0,0.005479780624270631,0.31524882724391945,50.0,0.132306635369554,1.9667473253283416,0.07107321242422593,10.139703996446135,Z (1968),Safe,0.03200343578539988,0.004251418669997683,BBB,0.006140155252069235,0.0007972035770691744,AA
BPCL,Bharat Petroleum Corporation Limited,Energy,2023,0,0.3687503850228388,0.7155157068323024,1.71779181688883,0.011327046358849312,0.748517485978908,,2.873140339351934,Z (1968),Grey,0.13514121427412587,0.019780057013345252,BB,0.04561108350753784,0.006133865996530918,BBB
BPCL,Bharat Petroleum Corporation Limited,Energy,2024,0,0.2697344970982041,0.6263415140223622,9.827029492172734,0.13754157727059535,0.8122077737107426,0.07589931634826508,3.5573545274329503,Z (1968),Safe,0.0882036309831287,0.012338380866855427,BB,0.004665833432227373,0.0006050048807607833,AA
BPCL,Bharat Petroleum Corporation Limited,Energy,2025,0,0.27978729220721354,0.627331932059304,6.114916337530523,0.06338664900570216,0.8032492941591671,0.07886892330341588,2.867222722241965,Z (1968),Grey,0.11725249253401941,0.01686399919698591,BB,0.00454168813303113,0.0005888434039609475,AA
BPCL,Bharat Petroleum Corporation Limited,Energy,2026,0,0.21890953692728501,0.5970884902313016,12.79956045744984,0.11067900147377426,0.7939018374353097,0.13844446677023425,2.822626960585776,Z (1968),Grey,0.06320385830538759,0.008637585050600763,BBB,0.004634719807654619,0.000600954119039804,AA
BRITANNIA,Britannia Industries Limited,Consumer Defensive,2023,0,0.3215770385513519,0.6188809244797235,19.301671594955042,0.24824543020639986,1.147985197368421,,14.190613805990825,Z (1968),Safe,0.05118407277313066,0.006918297658938897,BBB,0.0131727559491992,0.0017208732942545707,A
BRITANNIA,Britannia Industries Limited,Consumer Defensive,2024,0,0.22864564735340925,0.5629036453167224,18.96885407672382,0.2322563208634624,1.1871139283274696,-0.02984800143701516,17.499914640234696,Z (1968),Safe,0.10121650641939058,0.014334651335959491,BB,0.060559578239917755,0.008256092119191495,BBB
BRITANNIA,Britannia Industries Limited,Consumer Defensive,2025,0,0.14302572254498758,0.5042942564108366,22.487298091042586,0.24326893928186014,1.081646979487378,-0.025900528568720493,19.814299977755326,Z (1968),Safe,0.09092625440499856,0.012751986493268414,BB,0.07439745962619781,0.010273306416070577,BBB
BRITANNIA,Britannia Industries Limited,Consumer Defensive,2026,0,0.14361062645269082,0.4722655503424805,30.96610478359909,0.27285117409395226,1.1190600934451995,0.10107879686147614,20.889082845812087,Z (1968),Safe,0.03179817044565089,0.004223374091224826,BBB,0.013377999886870384,0.0017480021814701959,A
CCCL,Consolidated Construction Consortium Limited,Industrials,2023,1,1.2889022721228087,1.5490011720107772,-0.4629405728074208,-0.09570780812217754,0.0992181250632451,,-12.427267303813995,Z'' (1995),Distress,0.27132048481239074,0.04587869003835373,B,0.9017939567565918,0.5425124884648633,D
CCCL,Consolidated Construction Consortium Limited,Industrials,2024,1,0.2597005830990892,0.9491129952275797,47.35934262236513,0.7828167782957844,0.4896132441059541,-0.5389496321056129,2.74299645607434,Z'' (1995),Safe,0.32781508282078026,0.05924838676033226,B,0.8634790182113647,0.44958056914006256,D
CCCL,Consolidated Construction Consortium Limited,Industrials,2025,1,0.0007105288774330582,0.5269310576198656,40.777096270334106,0.1817397960913517,1.014909702892052,-0.22134067423206594,-0.1442808816092973,Z'' (1995),Distress,0.3202337164020425,0.057348241741870906,B,0.11501132696866989,0.016505781919250666,BB
CCCL,Consolidated Construction Consortium Limited,Industrials,2026,1,0.0006058148532877976,0.4370176704076407,18.661541032926625,0.17226934402561964,1.6243462591419588,0.17284822842650782,2.0324413025460366,Z'' (1995),Grey,0.018866237008085807,0.0024770874249050805,A,0.003963331691920757,0.0005135980576623548,AA
CGPOWER,CG Power and Industrial Solutions Limited,Industrials,2023,0,0.0035446942031934375,0.616307735143876,50.0,0.2061855449298022,1.0855235343855694,,11.720469186128323,Z (1968),Safe,0.06060977470549212,0.00826331674182949,BBB,0.026046335697174072,0.003441695468100608,A
CGPOWER,CG Power and Industrial Solutions Limited,Industrials,2024,0,0.0031213671445889787,0.4634003704401554,50.0,0.27723224303014465,1.641993187027095,0.20492616112830508,21.684078388622012,Z (1968),Safe,0.01927225772682773,0.0025313068686116658,A,0.014286351390182972,0.0018681848520975233,A
CGPOWER,CG Power and Industrial Solutions Limited,Industrials,2025,0,0.005539923446859744,0.4556300533768725,50.0,0.14944632329996374,1.667181823026549,0.31841677717064787,19.91904140299617,Z (1968),Safe,0.010663751748487146,0.0013900275025049862,AA,0.008113749325275421,0.0010552675087928413,AA
CGPOWER,CG Power and Industrial Solutions Limited,Industrials,2026,0,0.009355355903757695,0.35281793487485014,50.0,0.12011841861558163,1.9058498302292024,0.7078994805226322,15.90290767661639,Z (1968),Safe,0.0024322476159085583,0.000314767620536999,AAA,0.007380790077149868,0.0009593227389816067,AA
CIPLA,Cipla Limited,Healthcare,2023,0,0.027258336478491192,0.19514935200697275,43.70674703891709,0.09509837329720248,3.380834770151497,,10.163892313039394,Z (1968),Safe,0.02012907227545641,0.0026458527716136694,A,0.02244753949344158,0.002956678407074655,A
CIPLA,Cipla Limited,Healthcare,2024,0,0.01709802181196669,0.1808033053546966,50.0,0.13256600478280378,3.706111781492517,0.11046088554974198,15.056610527242755,Z (1968),Safe,0.012821632927605882,0.0016744850328814153,A,0.008974128402769566,0.0011680491097812357,AA
CIPLA,Cipla Limited,Healthcare,2025,0,0.011720371551211329,0.16309903110810592,50.0,0.1504181022542517,4.246661171853916,0.14271183104497798,14.324405086911268,Z (1968),Safe,0.0076289790582374254,0.0009917970063611427,AA,0.009178993292152882,0.001194928653376227,AA
CIPLA,Cipla Limited,Healthcare,2026,0,0.014443013197954253,0.18768222311851615,50.0,0.09712276776716754,3.44289158619195,0.1366500263192807,9.914069584531369,Z (1968),Safe,0.013649516707087802,0.0017839060154572121,A,0.008914542384445667,0.0011602328693423225,AA
COALINDIA,Coal India Limited,Energy,2023,0,0.01947312479313778,0.7229985290696885,50.0,0.14280059232841372,1.5715913211819335,,2.137425665249379,Z (1968),Grey,0.05553790914191681,0.007536693320999035,BBB,0.023479942232370377,0.0030954999546591293,A
COALINDIA,Coal India Limited,Energy,2024,0,0.027537469234206892,0.6370917661783682,50.0,0.16286330117633227,1.791631219804099,0.06495363543856758,2.844680989975403,Z (1968),Grey,0.055572205044729116,0.0075415840896124586,BBB,0.007731283083558083,0.001005187081868149,AA
COALINDIA,Coal India Limited,Energy,2025,0,0.03525781156483421,0.6049223223887352,50.0,0.14308936759334592,1.569252002319828,0.09505938786973944,2.737902459712052,Z (1968),Grey,0.05153394464273251,0.006967810171228888,BBB,0.005595926661044359,0.0007261979369170038,AA
COALINDIA,Coal India Limited,Energy,2026,0,0.049261943216674826,0.5764039220434819,49.88021033730922,0.11409573751781743,1.8555144180191574,0.10125227523879055,2.7672465090339067,Z (1968),Grey,0.04456534947414848,0.005987555335972683,BBB,0.006827814504504204,0.0008870194779326633,AA
COFFEEDAY,Coffee Day Enterprises Limited,Consumer Cyclical,2023,1,0.31460255366876166,0.42279836685565003,-3.9408192272903477,-0.06493595311207008,1.713989875747814,,3.0876256498646213,Z'' (1995),Safe,0.06370765746036967,0.008710479628267098,BBB,0.0199293103069067,0.002619131424025756,A
COFFEEDAY,Coffee Day Enterprises Limited,Consumer Cyclical,2024,1,0.267058401697562,0.38682821981311927,-18.34714210802307,-0.05888996524122517,2.1681315180973053,-0.12738423345483896,3.8183580214191446,Z'' (1995),Safe,0.1625430796678713,0.024452090829891367,BB,0.07212229073047638,0.009938080649853454,BBB
COFFEEDAY,Coffee Day Enterprises Limited,Consumer Cyclical,2025,1,0.27806462324703674,0.4035126083769676,0.8703001408603316,-0.01156078573512557,2.312790521422797,-0.03233087568258097,4.414860379590401,Z'' (1995),Safe,0.07759900114044359,0.010747437787937984,BBB,0.035378314554691315,0.0047139981058244365,BBB
COFFEEDAY,Coffee Day Enterprises Limited,Consumer Cyclical,2026,1,0.1822012327749778,0.3044319516586487,3.4642015138354636,0.042857549878594546,3.5251978170488893,-0.08120426502091604,6.424464374603507,Z'' (1995),Safe,0.039385249091984015,0.005266866603603146,BBB,0.0398981049656868,0.005337917946662957,BBB
COFORGE,Coforge Limited,Technology,2023,0,0.09891966076644262,0.44225287679909914,13.385416666666666,0.12207481437167893,1.498533892945438,,4.942624123360905,Z'' (1995),Safe,0.05386851449646552,0.007298999825013828,BBB,0.021769672632217407,0.002865667740480898,A
COFORGE,Coforge Limited,Technology,2024,0,0.11886634903482489,0.38980303551254974,9.878008298755187,0.13705252266540016,1.6993143976493634,0.07465601576521097,5.627164188229546,Z'' (1995),Safe,0.056135017670737725,0.007621887887095099,BBB,0.009086565114557743,0.0011828003065247452,AA
COFORGE,Coforge Limited,Technology,2025,0,0.0856957576436869,0.3331838888132771,11.023975251353441,0.08733009291121817,1.712769784172662,1.0450742505362083,4.277453551091626,Z'' (1995),Safe,0.0033352174789636983,0.000431965233780128,AAA,0.008364961482584476,0.0010881797094501318,AA
COFORGE,Coforge Limited,Technology,2026,0,0.048906688886798284,0.34948324754391386,13.225173940543959,0.113670489293843,1.6094729383550443,0.19139840040990497,4.800298588869116,Z'' (1995),Safe,0.027354054001632162,0.00361871076241158,A,0.008333602920174599,0.0010840705200000442,AA
COLPAL,Colgate-Palmolive (India) Limited,Consumer Defensive,2023,0,0.02392013733800538,0.40465117230924164,50.0,0.36321553465356254,1.427100387835396,,25.32676947848228,Z (1968),Safe,0.03872397092420248,0.005175349696921981,BBB,0.02878797985613346,0.0038132851017045385,A
COLPAL,Colgate-Palmolive (India) Limited,Consumer Defensive,2024,0,0.022446215114514802,0.413626651400112,50.0,0.43544890136297454,1.536135877677815,0.10875541577625691,37.94824387970243,Z (1968),Safe,0.03030007760262752,0.004019007530096275,BBB,0.011446853168308735,0.0014931331398823455,AA
COLPAL,Colgate-Palmolive (India) Limited,Consumer Defensive,2025,0,0.020155372612678274,0.4485862417385831,50.0,0.46236251182607463,1.380201074275334,-0.0556791270533985,33.678073248960025,Z (1968),Safe,0.08925416848813855,0.012497720636417882,BB,0.13128148019313812,0.019142198909822005,BB
COLPAL,Colgate-Palmolive (India) Limited,Consumer Defensive,2026,0,0.013910486999078698,0.535208994724519,50.0,0.4124342399058936,1.2800107857536258,0.1290917824783422,20.144513124294004,Z (1968),Safe,0.03276879448958415,0.00435607754046142,BBB,0.011393766850233078,0.001486139137416927,AA
CONCOR,Container Corporation of India Limited,Industrials,2023,0,0.0574488310608086,0.15871208745506937,24.356790676826535,0.08718400023764965,3.061610460502407,,9.974313724201792,Z'' (1995),Safe,0.015247012485438721,0.0019954981929676614,A,0.01554055605083704,0.0020344436559097115,A
CONCOR,Container Corporation of India Limited,Industrials,2024,0,0.06512764086074345,0.1503787029024987,24.670591573272805,0.09066567781128494,3.4406117042626634,0.04278807592906153,10.441244980175071,Z'' (1995),Safe,0.015827739089452807,0.0020725647837555087,A,0.0058923643082380295,0.000764865841709187,AA
CONCOR,Container Corporation of India Limited,Industrials,2025,0,0.05782979234848872,0.1374090462618998,25.027626622017582,0.090468324234558,4.105363091554847,0.031036189540179615,11.362345819853495,Z'' (1995),Safe,0.010381251086283903,0.0013528673932833013,AA,0.0058923643082380295,0.000764865841709187,AA
CONCOR,Container Corporation of India Limited,Industrials,2026,0,0.06195974343125769,0.13991417836192957,22.587158362756636,0.08375600280580586,3.9209293518083994,0.04824986150579469,11.019877296185868,Z'' (1995),Safe,0.011105385599308555,0.0014481569676636683,AA,0.005433657206594944,0.0007050396885035029,AA
CORDSCABLE,Cords Cable Industries Limited,Industrials,2023,0,0.24783530268034193,0.5270400380253552,1.4809599952622072,0.021446894472212527,1.6028249418398224,,2.839210705232639,Z (1968),Grey,0.08416928988462838,0.011729398108269588,BBB,0.015474998392164707,0.002025744139010432,A
CORDSCABLE,Cords Cable Industries Limited,Industrials,2024,0,0.23432649120226334,0.532045737834194,1.6292180072017826,0.028844070426321183,1.591987475554815,0.0743980927907788,3.486546017596198,Z (1968),Safe,0.09600171660113083,0.013528735976717953,BB,0.004487958736717701,0.000581849894262515,AA
CORDSCABLE,Cords Cable Industries Limited,Industrials,2025,0,0.2760540970564837,0.5661182019067401,1.8736195555002069,0.03750677210223695,1.5349445482563642,0.16294532009516094,3.6102235977222046,Z (1968),Safe,0.047921701634212686,0.00645813510424294,BBB,0.0038880205247551203,0.000503805518596761,AA
CORDSCABLE,Cords Cable Industries Limited,Industrials,2026,0,0.22694349540293385,0.5883069151605529,2.205939835551087,0.045340518422406585,1.5075151153295832,0.16501756333094142,3.340308508350577,Z (1968),Safe,0.046535998699660845,0.006263504123335338,BBB,0.0037638454232364893,0.0004876621279631253,AAA
CUMMINSIND,Cummins India Limited,Industrials,2023,0,0.047494266692260284,0.27282462645100675,50.0,0.1550960771041492,2.697103710952998,,15.469376015520583,Z (1968),Safe,0.008260497217786258,0.0010744917118242344,AA,0.023314189165830612,0.003073194876738046,A
CUMMINSIND,Cummins India Limited,Industrials,2024,0,0.01415527099351096,0.262882489401383,50.0,0.20374974465855297,2.8888683620735756,0.1328346786821979,24.371434597141555,Z (1968),Safe,0.005478326422536014,0.0007108634901142413,AA,0.01368049904704094,0.001788004035473115,A
CUMMINSIND,Cummins India Limited,Industrials,2025,0,0.002916853928164359,0.2563891000532036,50.0,0.20899106536391662,3.103211466169575,0.13354647617582494,22.75132561536153,Z (1968),Safe,0.004797417186055709,0.0006221385409588487,AA,0.01368049904704094,0.001788004035473115,A
CUMMINSIND,Cummins India Limited,Industrials,2026,0,0.003229770147582184,0.2502651666945324,50.0,0.21997699404359955,3.324252981924007,0.11169013294992669,29.91347971322487,Z (1968),Safe,0.0047530075565919575,0.0006163554751662159,AA,0.01368049904704094,0.001788004035473115,A
DABUR,Dabur India Limited,Consumer Defensive,2023,0,0.08596442018196372,0.30854151454808976,33.08967312698872,0.12502590745673364,1.1771831009328342,,16.028618187412768,Z (1968),Safe,0.04919074701225477,0.006636811305164633,BBB,0.01392525713890791,0.0018203859464287167,A
DABUR,Dabur India Limited,Consumer Defensive,2024,0,0.09026773032293219,0.31870012458109276,22.408059538936286,0.12806594143597066,1.445037820289383,0.10753407150970706,13.860818899555683,Z (1968),Safe,0.04631975341511424,0.006233175221725338,BBB,0.005654607899487019,0.0007338508393700071,AA
DABUR,Dabur India Limited,Consumer Defensive,2025,0,0.05853028656479558,0.30938475679325395,16.37129825039145,0.11274962557758007,1.5126897676012634,0.07337323807684881,12.987298559958587,Z (1968),Safe,0.06535438401678358,0.008949217247185694,BBB,0.005767203401774168,0.0007485371615088533,AA
DABUR,Dabur India Limited,Consumer Defensive,2026,0,0.0736456881070898,0.32478199258463003,20.29090619271539,0.11242402228986013,1.6960916802186643,0.07686104478237188,9.99075838020513,Z (1968),Safe,0.0571468518537213,0.007766467775126587,BBB,0.008914542384445667,0.0011602328693423225,AA
DIGJAMLMTD,Digjam Limited,Consumer Cyclical,2023,0,0.3233736492806183,0.8037879561059017,-1.9670433831571272,-0.08533806256964183,0.47686211797001704,,0.7215968238770009,Z (1968),Distress,0.2100741177981718,0.03320341117794564,BB,0.6978878974914551,0.22977246100385446,CCC
DIGJAMLMTD,Digjam Limited,Consumer Cyclical,2024,0,0.2850960322341266,0.8100634540434719,-0.0566822359499774,-0.10653509258036784,0.7879781313813373,-0.41689816530051016,1.3451807750585414,Z (1968),Distress,0.9164449411853063,0.5861663147012534,D,0.8961225748062134,0.526975983387919,D
DIGJAMLMTD,Digjam Limited,Consumer Cyclical,2025,0,0.3968635464586253,0.933253260335787,2.4823608718448056,-0.1291252276911388,0.8222463478546851,-0.03083149612718139,0.5882860791884679,Z (1968),Distress,0.4398340198403989,0.09206378321421728,B,0.8133346438407898,0.36007661583323797,CCC
DIGJAMLMTD,Digjam Limited,Consumer Cyclical,2026,0,0.44080285568804967,0.941124093934862,3.2264241263762568,-0.012805945654286945,0.4964245009007684,-0.07200013854030474,0.5969172265675438,Z (1968),Distress,0.42512696360653945,0.08717567266320232,B,0.9303995370864868,0.6332038333696058,D
DIVISLAB,Divi's Laboratories Limited,Healthcare,2023,0,0.00027702749497887663,0.11579749290117045,50.0,0.12632453771036775,8.457765667574932,,29.7135842051676,Z (1968),Safe,0.009035684789329404,0.0011761246733665092,AA,0.01944286935031414,0.00255410174622789,A
DIVISLAB,Divi's Laboratories Limited,Healthcare,2024,0,0.00019392372333548803,0.12275371687136392,50.0,0.10699120666020262,7.570422535211268,0.07140383683080542,31.581855015749937,Z (1968),Safe,0.010563360905980751,0.001376819987273676,AA,0.007380790077149868,0.0009593227389816067,AA
DIVISLAB,Divi's Laboratories Limited,Healthcare,2025,0,0.00023623907394283014,0.1159343255374439,50.0,0.13523856552064686,6.942837465564739,0.09450549450549461,49.70193785723099,Z (1968),Safe,0.008765712865529409,0.0011407136167502965,AA,0.007525695487856865,0.0009782811592259138,AA
DIVISLAB,Divi's Laboratories Limited,Healthcare,2026,0,0.0003494234513053462,0.16333050466729895,50.0,0.13894224266197755,5.431228585413607,0.18314434207417918,31.65126812717474,Z (1968),Safe,0.004948965593494169,0.0006418767065505238,AA,0.007525695487856865,0.0009782811592259138,AA
DLF,DLF Limited,Real Estate,2023,0,0.0618230950299005,0.30106986296251925,5.124604606956941,0.037750807508296784,2.30408943339001,,5.004170647755986,Z'' (1995),Safe,0.03453434913950609,0.00459805669737243,BBB,0.013016452081501484,0.0017002198238875417,A
DLF,DLF Limited,Real Estate,2024,0,0.08021353680969577,0.345667971023456,7.508199008401922,0.04776417967467486,2.302285499999749,0.11746045246692183,4.863973811413654,Z'' (1995),Safe,0.031509386726439575,0.004183936186303592,BBB,0.004780929535627365,0.000619991450416534,AA
DLF,DLF Limited,Real Estate,2025,0,0.059053056358916146,0.3875496106718354,7.03327795458943,0.0673299911485916,1.853339428297632,0.15288103126730923,4.365840703183034,Z'' (1995),Safe,0.03620621969660607,0.004827904188231376,BBB,0.0048735374584794044,0.0006320520428766498,AA
DLF,DLF Limited,Real Estate,2026,0,0.004085397360737241,0.3926743537506284,16.979259991617447,0.061166200097693836,1.5418754277421305,0.07771672548194286,3.8614570567472315,Z'' (1995),Safe,0.06098524470899723,0.00831737813871742,BBB,0.0048527223989367485,0.0006293410684310413,AA
DMART,Avenue Supermarts Limited,Consumer Defensive,2023,0,0.03551141619845921,0.1119782130961119,46.61171560590252,0.13136374155058822,3.713941963585797,,12.616819305218026,Z'' (1995),Safe,0.015434809467053933,0.002020411556906117,A,0.01944286935031414,0.00255410174622789,A
DMART,Avenue Supermarts Limited,Consumer Defensive,2024,0,0.027962147970458796,0.11710046653948586,50.0,0.12912141971092692,3.1336994856351748,0.16960459597189703,12.173092232008386,Z'' (1995),Safe,0.012191453921672469,0.0015913014852145277,A,0.007525695487856865,0.0009782811592259138,AA
DMART,Avenue Supermarts Limited,Consumer Defensive,2025,0,0.03370107839996974,0.11897843323414317,50.0,0.11904041299860718,2.8895739910313902,0.14841858224883375,11.893419422876576,Z'' (1995),Safe,0.015956541397769707,0.0020896684856477827,A,0.007380790077149868,0.0009593227389816067,AA
DMART,Avenue Supermarts Limited,Consumer Defensive,2026,0,0.08213550483568428,0.1714488356355079,29.79043521196304,0.1103357721440703,1.9770666215437331,0.21397647807653608,8.796056401085995,Z'' (1995),Safe,0.017516711372373976,0.0022971534281574896,A,0.007380790077149868,0.0009593227389816067,AA
DRREDDY,Dr. Reddy's Laboratories Limited,Healthcare,2023,0,0.04185748817786947,0.28231123428635346,43.273809523809526,0.14002311607126214,2.3793231987885144,,7.8488324097729265,Z (1968),Safe,0.012329634716570758,0.0016095334324585512,A,0.023314189165830612,0.003073194876738046,A
DRREDDY,Dr. Reddy's Laboratories Limited,Healthcare,2024,0,0.05166211634040225,0.2760336294056018,43.00467562828755,0.15699520138939796,2.5827944897385438,0.2040179708812071,8.528003031788849,Z (1968),Safe,0.005546725349764633,0.0007197819631136188,AA,0.009458315558731556,0.0012315930481261806,AA
DRREDDY,Dr. Reddy's Laboratories Limited,Healthcare,2025,0,0.09486215716780699,0.3160780463661461,28.141746200070695,0.1284350947806207,1.9181544880053991,0.2721705830438843,6.0470695584647505,Z (1968),Safe,0.008734338506249729,0.0011365994651656897,AA,0.009086565114557743,0.0011828003065247452,AA
DRREDDY,Dr. Reddy's Laboratories Limited,Healthcare,2026,0,0.13349708119155046,0.34329916837261326,15.664794007490636,0.07991905514601313,1.8021257295632767,0.17517023706411305,5.194704290886088,Z (1968),Safe,0.026009022874884213,0.003436650785073627,A,0.008059925399720669,0.0010482177308184261,AA
EDUCOMP,Educomp Solutions Limited,Consumer Defensive,2022,1,5.0,10.0,-8.918435754189945,-0.1655193245722639,0.04916750852380351,,-126.73718584732028,Z'' (1995),Distress,0.7976653380898145,0.3373578805525446,CCC,0.9329814910888672,0.6425754006784835,D
EDUCOMP,Educomp Solutions Limited,Consumer Defensive,2023,1,5.0,10.0,-14.715127701375245,-0.30203711745048806,0.046055742319252815,-0.024769164217843365,-133.71166236311623,Z'' (1995),Distress,0.9212706683926142,0.6017785584373043,D,0.9299212098121643,0.6314920077950148,D
EDUCOMP,Educomp Solutions Limited,Consumer Defensive,2024,1,5.0,10.0,-4.752841887702377,-0.13126099130520213,0.04088687112153916,-0.05392827917434628,-141.22640433058677,Z'' (1995),Distress,0.8910655614128818,0.5137003180857609,D,0.9348395466804504,0.6494597603744974,D
EDUCOMP,Educomp Solutions Limited,Consumer Defensive,2025,1,5.0,10.0,-4.4005746257371845,-0.14676101714417214,0.03938389674818426,-0.03284413385015217,-147.20682188407213,Z'' (1995),Distress,0.8791681267894361,0.4844348447999831,D,0.9299212098121643,0.6314920077950148,D
EICHERMOT,Eicher Motors Limited,Consumer Cyclical,2023,0,0.015023200768427785,0.21916027178340672,50.0,0.15178636540741466,1.1387042521749347,,13.971625811064225,Z (1968),Safe,0.0519933250253932,0.007032867892424979,BBB,0.01693686656653881,0.002219973815201394,A
EICHERMOT,Eicher Motors Limited,Consumer Cyclical,2024,0,0.018135648110315105,0.21975161633574644,50.0,0.18905876518615106,1.1536567539552192,0.20472776862155984,15.514105064377842,Z (1968),Safe,0.024066313908453364,0.00317445967656871,A,0.011655285023152828,0.0015205998839584465,A
EICHERMOT,Eicher Motors Limited,Consumer Cyclical,2025,0,0.016858875684881473,0.2163035002415876,50.0,0.18823935427258454,1.6302200301000052,0.1749607509189106,17.552297587889594,Z (1968),Safe,0.023232890737624846,0.003062257102757551,A,0.013683948665857315,0.0017884603288319263,A
EICHERMOT,Eicher Motors Limited,Consumer Cyclical,2026,0,0.01597926348948935,0.21960908556142417,50.0,0.18589210247671095,1.9017293062472382,0.18359736237143687,18.01671208342368,Z (1968),Safe,0.019400641566833177,0.0025484591844458075,A,0.013683948665857315,0.0017884603288319263,A
EROSMEDIA,Eros International Media Limited,Communication Services,2023,1,0.08429074687107224,0.5412027120324311,-0.7314814814814815,-0.04995028969111043,0.887260367971866,-0.06144183959991356,0.7641837104811421,Z'' (1995),Distress,0.23525549394976417,0.038208986086922345,BB,0.033867400139570236,0.0045065574884185665,BBB
EROSMEDIA,Eros International Media Limited,Communication Services,2024,1,0.10874602697971139,0.6398134875894461,-13.012793914246197,-0.20614770697139337,0.6085118149244789,-0.21886119421480288,-2.446108947588291,Z'' (1995),Distress,0.5379981110841655,0.13072419631514787,CCC,0.16678985953330994,0.02519951726634745,BB
EROSMEDIA,Eros International Media Limited,Communication Services,2026,1,0.06365497368801665,0.5857837410856336,-15.047675804529202,-0.07711027341699671,0.5467107872298235,0.01848693789907263,-1.4462330278002373,Z'' (1995),Distress,0.2325158201362778,0.03765104577065109,BB,0.021158358082175255,0.0027836862883010697,A
ESSARSHPNG,Essar Shipping Limited,Industrials,2023,1,2.583725107976914,3.506985055230669,13.548299845440495,1.0,0.28960100246030657,,-22.852583935768468,Z'' (1995),Distress,0.04053937232205906,0.005426852049809444,BBB,0.12121766805648804,0.01750160379330605,BB
ESSARSHPNG,Essar Shipping Limited,Industrials,2024,1,2.900035125463766,3.934787381177142,-0.3240146077320237,-0.12066164676073031,0.2987241427042503,-0.12947674196384207,-37.98288938923492,Z'' (1995),Distress,0.7538799002955522,0.2834436915326751,CCC,0.6800622940063477,0.21537947885789707,CCC
ESSARSHPNG,Essar Shipping Limited,Industrials,2025,1,5.0,8.943485662783322,7.551287168229894,1.0,0.06843097220040835,-0.6711707756141467,-69.85494547820598,Z'' (1995),Distress,0.848451751590148,0.4196165668460249,D,0.6064558625221252,0.1659761259979885,CCC
ESSARSHPNG,Essar Shipping Limited,Industrials,2026,1,5.0,7.539318045610825,-0.5023461590025473,-0.3634771326629906,0.04603071044108395,0.05828353974029432,-69.95773954060596,Z'' (1995),Distress,0.8725742446432704,0.4693029226300756,D,0.5675891041755676,0.14494203873392075,CCC
GAIL,GAIL (India) Limited,Utilities,2023,0,0.16530020435003467,0.39593127715292387,20.569525350593313,0.052105779557110155,0.9456345210865266,,3.579196103022986,Z'' (1995),Safe,0.08194410945422198,0.011395479388896283,BBB,0.01466633565723896,0.0019185171561194704,A
GAIL,GAIL (India) Limited,Utilities,2024,0,0.1747454621947585,0.3810335588755459,18.337036119370115,0.08515532048923607,0.9367515782877877,0.1571382644860051,3.867727529501294,Z'' (1995),Safe,0.048970637111632104,0.006605791195560463,BBB,0.005902126431465149,0.0007661395734132333,AA
GAIL,GAIL (India) Limited,Utilities,2025,0,0.16218990597957636,0.35981004099701136,22.738938411669366,0.09656024393448441,1.0030127877783925,0.06760493317563254,4.351326493305155,Z'' (1995),Safe,0.07893778081645565,0.01094654579030045,BBB,0.0057869115844368935,0.0007511080833588513,AA
GAIL,GAIL (India) Limited,Utilities,2026,0,0.1766905686270031,0.36463763636217444,11.086519114688128,0.05541013306815287,0.8488192940204223,0.05548577143769973,3.7987456883241237,Z'' (1995),Safe,0.1183329907056367,0.017037257873224923,BB,0.005902126431465149,0.0007661395734132333,AA
GAYAPROJ,Gayatri Projects Limited,Industrials,2023,1,1.0594253247989889,1.4466643951362945,-4.174353530127313,-0.4203199895688076,0.47279977559916786,,-9.322826368533248,Z'' (1995),Distress,0.3802407973743956,0.07341462089613325,B,0.8382667899131775,0.4009595671330925,D
GAYAPROJ,Gayatri Projects Limited,Industrials,2024,1,1.0783460382223937,1.456388655129338,16.376715377197538,0.011868738174726072,0.49991893967175527,-0.04772784692705845,-6.844725549434015,Z'' (1995),Distress,0.32604997930416957,0.058802863190655946,B,0.47668299078941345,0.10525125702774316,B
GAYAPROJ,Gayatri Projects Limited,Industrials,2025,1,1.0549258828363675,1.4177200390186442,50.0,0.0361890363411202,0.5316007916080987,0.00923569092960208,-6.162883631026085,Z'' (1995),Distress,0.10446475027757507,0.014840718530109568,BB,0.3831494450569153,0.07425742229310693,B
GAYAPROJ,Gayatri Projects Limited,Industrials,2026,1,0.14722131699293065,0.7130424038821443,50.0,0.7353637224073364,1.9347557740179546,-0.3850642845769703,9.797219418572237,Z'' (1995),Safe,0.14966368279788284,0.02222421186295076,BB,0.12015598267316818,0.0173304014927988,BB
GODREJCP,Godrej Consumer Products Limited,Consumer Defensive,2023,0,0.064551965652443,0.21170287968811521,20.92274638019617,0.09729026668731573,1.764030127821445,,18.273252891934522,Z (1968),Safe,0.04809189267845372,0.006482073347749211,BBB,0.02244753949344158,0.002956678407074655,A
GODREJCP,Godrej Consumer Products Limited,Consumer Defensive,2024,0,0.17421221687628982,0.31884488932406063,1.798445241068192,-0.031146286699193712,0.9947928032999782,0.05698229075529304,14.617700276710686,Z (1968),Safe,0.16142974521619916,0.0242572100260931,BB,0.05164135619997978,0.0069830169772437355,BBB
GODREJCP,Godrej Consumer Products Limited,Consumer Defensive,2025,0,0.20356510515819862,0.3897901512775401,9.587972486500385,0.09706117846303469,1.0567197803148742,0.06357628640741275,11.170009382590584,Z (1968),Safe,0.09155030797333309,0.012847089437452512,BB,0.004955235868692398,0.000642693480648084,AA
GODREJCP,Godrej Consumer Products Limited,Consumer Defensive,2026,0,0.20698870044315112,0.40689982647075645,9.282151307795614,0.0907915231590399,0.9108218851042408,0.0844757899509907,8.673587688988933,Z (1968),Safe,0.0871406386753956,0.012177473146324988,BB,0.005071260035037994,0.00065780855425974,AA
GODREJPROP,Godrej Properties Limited,Real Estate,2023,0,0.2783240208956387,0.5980515293028007,11.717924528301888,0.024729823893219306,1.4632435718140513,,2.8279335645642245,Z'' (1995),Safe,0.07360049579492307,0.010155719415719496,BBB,0.01345647033303976,0.0017583769000761387,A
GODREJPROP,Godrej Properties Limited,Real Estate,2024,0,0.2988479596673948,0.7117260288692889,7.876176105094976,0.024652210327096323,1.4275134458387626,0.546608786728586,2.4669775823908835,Z'' (1995),Grey,0.005011790055807992,0.0006500607064853694,AA,0.00346824387088418,0.00044924652370589965,AAA
GODREJPROP,Godrej Properties Limited,Real Estate,2025,0,0.22791456746461586,0.6831593754101647,50.0,0.030699214191870692,1.5145132399019114,0.5521404029566648,2.8912846461260036,Z'' (1995),Safe,0.004230107242600684,0.000548296645397373,AA,0.005056662485003471,0.0006559066865237893,AA
GODREJPROP,Godrej Properties Limited,Real Estate,2026,0,0.19408023231860824,0.76366048338086,42.914944903581265,0.02693943904318544,1.2737192757812628,0.4764926029720806,2.0051367694133164,Z'' (1995),Grey,0.006809290105591602,0.0008845985683332225,AA,0.007428084500133991,0.0009655098842873406,AA
GOKEX,Gokaldas Exports Limited,Consumer Cyclical,2023,0,0.11505934395829913,0.3396117018934136,13.027516403330685,0.12888556486651084,2.543603994769319,,6.293321593257365,Z (1968),Safe,0.030786265600655595,0.004085272180019177,BBB,0.01680748350918293,0.0022027632184960654,A
GOKEX,Gokaldas Exports Limited,Consumer Cyclical,2024,0,0.2936244757569619,0.528900406326774,7.022279459111397,0.06415267957639012,1.368390797337983,1.042539231855255,3.209164270547178,Z (1968),Safe,0.001770985174454103,0.0002290586178654957,AAA,0.0030658950563520193,0.000396990191312004,AAA
GOKEX,Gokaldas Exports Limited,Consumer Cyclical,2025,0,0.2389515254471987,0.4117671721282891,4.332814224102359,0.05050449898110762,1.8881996379776136,0.2904107516094978,4.139504860933999,Z (1968),Safe,0.012961275442187116,0.0016929303253754434,A,0.00531346257776022,0.0006893714326087878,AA
GOKEX,Gokaldas Exports Limited,Consumer Cyclical,2026,0,0.292411964015078,0.5038306381694551,3.1270516235138395,0.025377685877721216,1.4795932683546253,0.23097217879845333,2.584639909741073,Z (1968),Grey,0.028703012033095346,0.0038017416334206826,A,0.003590373555198312,0.0004651157726622169,AAA
GRASIM,Grasim Industries Limited,Basic Materials,2023,0,0.3055333130706858,0.6354952949545266,12.760105728842253,0.020246613758994045,0.9708246402175428,,0.8494317382099367,Z (1968),Distress,0.10620020841438589,0.015112391058305667,BB,0.010866531170904636,0.001416712467956589,AA
GRASIM,Grasim Industries Limited,Basic Materials,2024,0,0.3324385898179634,0.6632115919781466,9.33565152842679,0.015003759082548845,0.9343557982206324,0.22340725463081013,0.800258854784835,Z (1968),Distress,0.04926980174767453,0.006647955529426908,BBB,0.0034768558107316494,0.0004503654283091154,AAA
GRASIM,Grasim Industries Limited,Basic Materials,2025,0,0.3722303324218432,0.684712139413832,4.905440166823605,0.008116925538125147,0.8693196133206341,0.2133049310140509,0.6902016557418467,Z (1968),Distress,0.05791808391214403,0.007876848495669496,BBB,0.02231907844543457,0.0029394227615515867,A
GRASIM,Grasim Industries Limited,Basic Materials,2026,0,0.4000355119621902,0.701757720981112,5.213956697957187,0.009282357172375346,0.9453717313908552,0.13788998467042402,0.6910503364792961,Z (1968),Distress,0.09176577603341836,0.012879951888263401,BB,0.02231907844543457,0.0029394227615515867,A
GTLINFRA,GTL Infrastructure Limited,Technology,2023,1,1.0023063432634873,2.06319848835004,-1.3829265413721195,-0.425423161305882,0.10374375017491601,,-27.357931468595975,Z'' (1995),Distress,0.4165946687327197,0.08442990543196885,B,0.8680792450904846,0.4593958169501076,D
GTLINFRA,GTL Infrastructure Limited,Technology,2024,1,0.9273758689884072,2.209346558758357,0.14886387768103632,-0.16075744938874845,0.11027693616846064,-0.015170353303690431,-27.102412190261578,Z'' (1995),Distress,0.5414013947831758,0.1322888413853123,CCC,0.9205929636955261,0.59954609938338,D
GTLINFRA,GTL Infrastructure Limited,Technology,2025,1,0.9024885531413581,2.4480270109428326,0.048998087455446405,-0.21029954739279264,0.12060327748320371,-0.02120521916101603,-29.559194292644438,Z'' (1995),Distress,0.5943084179193383,0.15908504376449975,CCC,0.9205929636955261,0.59954609938338,D
GTLINFRA,GTL Infrastructure Limited,Technology,2026,1,1.8872616621177554,2.6686547488393075,2.4134184608129434,0.21520158406216947,0.0984440826853959,-0.24085405103416446,-24.06934489808358,Z'' (1995),Distress,0.8524676889174562,0.4273261799864139,D,0.8842108249664307,0.4965169689019297,D
GVKPIL,GVK Power & Infrastructure Limited,Utilities,2023,1,0.6292817226898952,0.9410862008200932,3.9519023959575845,0.31718333231461093,0.6901782712861038,,0.32637849658932416,Z'' (1995),Distress,0.044025975536811986,0.005912198816102948,BBB,0.03597042337059975,0.004795445236430422,BBB
GVKPIL,GVK Power & Infrastructure Limited,Utilities,2024,1,0.5889371793853931,0.9279351843077798,1.451634134416488,0.002632497536872709,0.6380687921437639,0.015586452466196832,-2.887708671828949,Z'' (1995),Distress,0.23431584513698542,0.038017247759741676,BB,0.28852811455726624,0.049764869183805835,B
GVKPIL,GVK Power & Infrastructure Limited,Utilities,2025,1,0.6520450526788236,0.7740208084255165,2.5522107467517015,0.08709166391848534,0.3895756318685914,-0.3380824205234325,-4.463025913109957,Z'' (1995),Distress,0.7239870109816013,0.25302729673733054,CCC,0.45606282353401184,0.09769872373138119,B
GVKPIL,GVK Power & Infrastructure Limited,Utilities,2026,1,1.2295568231680563,1.3824308907415532,-44.02605863192182,-0.29257285046899967,0.8038023137121469,-0.8897768646523739,-40.46573313552214,Z'' (1995),Distress,0.9668222623126468,0.7900586178079206,D,0.815510630607605,0.36340073575191645,CCC
HAL,Hindustan Aeronautics Limited,Industrials,2023,0,3.9432294007184116e-05,0.6491881411467804,50.0,0.08671741776506686,1.6830890312376023,,2.346706052898215,Z (1968),Grey,0.04975194988362428,0.006715957931551374,BBB,0.02056962251663208,0.0027048168493410407,A
HAL,Hindustan Aeronautics Limited,Industrials,2024,0,1.4085376331804344e-05,0.6268423992364189,50.0,0.10490163110573797,1.7348573256547333,0.16206494275621308,3.9312974250477186,Z (1968),Safe,0.028560204418535264,0.0037823441747866426,A,0.008159316144883633,0.0010612363035550163,AA
HAL,Hindustan Aeronautics Limited,Industrials,2025,0,1.0915915922980685e-05,0.6707800221800119,50.0,0.09073592865081817,2.0431824289464284,0.36073506713218406,3.4920802218340508,Z (1968),Safe,0.006776390056410436,0.0008802991329146101,AA,0.008159316144883633,0.0010612363035550163,AA
HAL,Hindustan Aeronautics Limited,Industrials,2026,0,8.284585558132227e-05,0.690029625889413,50.0,0.07638298143332804,2.614418323633292,0.2460573546689302,2.722782315881809,Z (1968),Grey,0.013083502864632012,0.0017090789935525431,A,0.008441515266895294,0.0010982121777836438,AA
HAVELLS,Havells India Limited,Industrials,2023,0,0.01999562623684286,0.4061854690681733,44.27332535885167,0.09605518828691886,1.8422594993143078,,12.86176963771635,Z (1968),Safe,0.03163784575969182,0.004201476744941836,BBB,0.016304031014442444,0.0021358311639843954,A
HAVELLS,Havells India Limited,Industrials,2024,0,0.024384103520637933,0.4010338872762049,38.483424807903404,0.10773658305401454,1.8443760097873494,0.11429593168325347,14.454819529701552,Z (1968),Safe,0.027754860886419642,0.0036730474854782436,A,0.005029900465160608,0.0006524200753702365,AA
HAVELLS,Havells India Limited,Industrials,2025,0,0.023066879758078005,0.39599374629328843,47.22596377148165,0.11220595912674672,1.8577918052425673,0.1107338797959252,13.663153676809548,Z (1968),Safe,0.024737501584826422,0.003264941724340879,A,0.005029900465160608,0.0006524200753702365,AA
HAVELLS,Havells India Limited,Industrials,2026,0,0.017984233279647367,0.3578930236500805,50.0,0.11840454746974856,1.7068065225357274,0.06784069703195139,11.563162389910467,Z (1968),Safe,0.034258830031527826,0.004560244753389655,BBB,0.004508037585765123,0.0005844633145486013,AA
HCLTECH,HCL Technologies Limited,Technology,2023,0,0.051235935810557645,0.29988973461369645,50.0,0.15898555844600742,2.4999766693108114,,8.400092814107943,Z'' (1995),Safe,0.01655989797514324,0.0021698402413021034,A,0.01680748350918293,0.0022027632184960654,A
HCLTECH,HCL Technologies Limited,Technology,2024,0,0.057688645679866105,0.31576415406356173,38.91500904159132,0.16255668053916392,2.6107101997711872,0.06815043196197457,7.9748258115597785,Z'' (1995),Safe,0.022717464491625573,0.0029929491577718715,A,0.005187049973756075,0.0006728961728689211,AA
HCLTECH,HCL Technologies Limited,Technology,2025,0,0.05949177594178731,0.3398677328886531,37.119565217391305,0.16939329148017007,2.2150932629551696,0.05779889152810758,7.430944863454058,Z'' (1995),Safe,0.028845647786746458,0.0038211206884461698,A,0.005712314508855343,0.0007413774023687753,AA
HCLTECH,HCL Technologies Limited,Technology,2026,0,0.044857128111613825,0.35318859777391665,26.433831990794015,0.15006176680102074,2.2164896625400616,0.101512165542333,7.066046242363656,Z'' (1995),Safe,0.025599908038697987,0.0033813605692555,A,0.005187049973756075,0.0006728961728689211,AA
HDIL,Housing Development and Infrastructure Limited,Real Estate,2022,1,0.7118530413684936,1.571062954934328,-50.0,-0.0031499189612720887,0.5234121862699408,,-16.271371554115387,Z'' (1995),Distress,0.2215290000928528,0.03544669683778601,BB,0.7902545928955078,0.32730576984265436,CCC
HDIL,Housing Development and Infrastructure Limited,Real Estate,2023,1,0.7123472326015745,1.5764458828100214,-50.0,-0.004995177891115999,0.5219883060965888,-0.0006756274100035986,-16.34128910801656,Z'' (1995),Distress,0.3447040527862748,0.06361022886451961,B,0.8085988163948059,0.35298919152781094,CCC
HDIL,Housing Development and Infrastructure Limited,Real Estate,2024,1,0.711876218532852,1.57866606406069,-50.0,-0.002602170505062592,0.521729609510412,0.0006616516417605744,-16.336555906226017,Z'' (1995),Distress,0.3422829284923045,0.06297371141341863,B,0.8085988163948059,0.35298919152781094,CCC
HDIL,Housing Development and Infrastructure Limited,Real Estate,2025,1,0.7151806789907461,1.5813555450517445,-50.0,-2.8558979600295596e-06,0.5207756304130066,-0.0046204554386976016,-16.3901948496903,Z'' (1995),Distress,0.35010222620124787,0.06504332010060655,B,0.8085988163948059,0.35298919152781094,CCC
HEROMOTOCO,Hero MotoCorp Limited,Consumer Cyclical,2023,0,0.023729534979886717,0.2983815298136934,37.84199485076762,0.11748783189217056,1.5692543350486143,,6.885325627007558,Z (1968),Safe,0.04742320067034837,0.006388060976710945,BBB,0.015528296120464802,0.0020328166836859193,A
HEROMOTOCO,Hero MotoCorp Limited,Consumer Cyclical,2024,0,0.023187201059619262,0.3180624323446944,50.0,0.14958432045491676,1.4635227719316666,0.09347983424363315,9.845344215550146,Z (1968),Safe,0.04674285504110057,0.0062925273474123845,BBB,0.006312130019068718,0.0008196552398219248,AA
HEROMOTOCO,Hero MotoCorp Limited,Consumer Cyclical,2025,0,0.024653825670157996,0.3165244350891431,50.0,0.1605511676910246,1.7969403342438048,0.08555607260257903,8.165691046022506,Z (1968),Safe,0.04152741609588351,0.005564080530569242,BBB,0.008718378841876984,0.00113450674510195,AA
HEROMOTOCO,Hero MotoCorp Limited,Consumer Cyclical,2026,0,0.023275028929000713,0.3480020530547859,50.0,0.18568757518040468,1.9087136636198512,0.17830971965092335,8.47510379865952,Z (1968),Safe,0.021444039830908205,0.0028219870887685548,A,0.013683948665857315,0.0017884603288319263,A
HINDALCO,Hindalco Industries Limited,Basic Materials,2023,0,0.26817811820280496,0.5782480862212377,4.676013325930039,0.04491208405058336,1.4772403982930298,,2.104322428136901,Z (1968),Grey,0.07137347553613811,0.009828059245613033,BBB,0.014035944826900959,0.0018350347045092063,A
HINDALCO,Hindalco Industries Limited,Basic Materials,2024,0,0.24301120707869966,0.5422432268107474,4.703938673010838,0.044468869601772626,1.387390271436033,0.03153676101006586,2.239523811728219,Z (1968),Grey,0.10399424395972755,0.01476721999714484,BB,0.005279936362057924,0.000685001631013895,AA
HINDALCO,Hindalco Industries Limited,Basic Materials,2025,0,0.24034271836265136,0.5348677210883075,7.70982276960048,0.06427420877368457,1.5562458025520483,0.1469727088876145,2.3961280085039887,Z (1968),Grey,0.04598210965352302,0.006185843697910125,BBB,0.005681649316102266,0.0007373777051081674,AA
HINDALCO,Hindalco Industries Limited,Basic Materials,2026,0,0.28511335700628243,0.6072542733506807,6.608247422680412,0.0436341004845337,1.2104644276407832,0.3075442402186541,1.9778113219082836,Z (1968),Grey,0.02102194486713748,0.0027654044799566286,A,0.0033647138625383377,0.0004357967250810237,AAA
HINDUNILVR,Hindustan Unilever Limited,Consumer Defensive,2023,0,0.016678752719361856,0.30874163667957366,50.0,0.13846511691545693,1.4132025274359827,,17.682698623820794,Z (1968),Safe,0.03989513598172805,0.005337506432725964,BBB,0.016239037737250328,0.0021271948988929824,A
HINDUNILVR,Hindustan Unilever Limited,Consumer Defensive,2024,0,0.018904699422922586,0.3449215913578517,42.69461077844311,0.13559299671473618,1.6557186116934544,0.07404873643739651,13.481160446718473,Z (1968),Safe,0.04246247904215616,0.005694176405882813,BBB,0.006140155252069235,0.0007972035770691744,AA
HINDUNILVR,Hindustan Unilever Limited,Consumer Defensive,2025,0,0.020630946419629443,0.37895593390085125,38.86876640419948,0.1344748988186565,1.3334341174336337,0.017592580797207713,12.123755561255146,Z (1968),Safe,0.07472840977707203,0.010322187330877667,BBB,0.00765209598466754,0.000994822458197,AA
HINDUNILVR,Hindustan Unilever Limited,Consumer Defensive,2026,0,0.018532450596850235,0.38550757347778114,34.68780487804878,0.18843339681266913,1.223294102514631,-0.001602403605408087,10.9996020763944,Z (1968),Safe,0.08959172292044018,0.01254898616996761,BB,0.042018450796604156,0.0056323710655303404,BBB
HINDZINC,Hindustan Zinc Limited,Basic Materials,2023,0,0.34364338681027434,0.6353793667352751,50.0,0.29635999661657314,0.8482209362287286,,5.666062327176613,Z (1968),Safe,0.06838499018271264,0.009390488711852297,BBB,0.0172062199562788,0.002255815963875691,A
HINDZINC,Hindustan Zinc Limited,Basic Materials,2024,0,0.26909573683434135,0.5517037911196342,12.64632768361582,0.22372480608978979,1.1645604649017618,-0.04432289170214565,6.10903684083717,Z (1968),Safe,0.1448803057504752,0.021411347989287118,BB,0.1132177785038948,0.016220227085330635,BB
HINDZINC,Hindustan Zinc Limited,Basic Materials,2025,0,0.3344737605102928,0.6136271383009568,14.829591836734695,0.302785698618118,1.0381284043218144,0.017554211535624642,8.402986252237714,Z (1968),Safe,0.10234384019469121,0.01450993060222908,BB,0.019946565851569176,0.0026214392548399154,A
HINDZINC,Hindustan Zinc Limited,Basic Materials,2026,0,0.20847297616237903,0.4659192825112108,25.288713910761153,0.3599271402550091,1.4724144048252616,0.22847202087561613,9.745221591950322,Z (1968),Safe,0.018202715165715446,0.0023885654969307774,A,0.01138201542198658,0.0014845910015911757,AA
INDIGO,InterGlobe Aviation Limited,Industrials,2023,0,0.7580589861192578,1.1055692936968422,0.9024382660848572,-0.005167989444077901,1.0963294593894986,,0.10882883276923178,Z'' (1995),Distress,0.12173268486217784,0.01758478049314029,BB,0.8099005222320557,0.35491749551052443,CCC
INDIGO,InterGlobe Aviation Limited,Industrials,2024,0,0.6236596148349944,0.9757189158948975,2.9307970927582816,0.11559870379233553,1.1641297218668623,0.3896358209241775,1.3295430526514957,Z'' (1995),Grey,0.02249500457829032,0.0029630551935143725,A,0.3869621753692627,0.0753719414881144,B
INDIGO,InterGlobe Aviation Limited,Industrials,2025,0,0.576724632802013,0.9191305511314835,2.4947637795275592,0.07329200072702305,1.4817755671025021,0.40886840296991767,1.895232269628639,Z'' (1995),Grey,0.01618318708993093,0.002119774292788105,A,0.1411740928888321,0.020786841264759826,BB
INDIGO,InterGlobe Aviation Limited,Industrials,2026,0,0.5716764667604397,0.9486228521471359,0.6671929109798329,-0.01899497152223426,1.51365786104361,0.1740158058069723,1.2474467046002569,Z'' (1995),Grey,0.060071464056487965,0.00818587410064579,BBB,0.3899582028388977,0.0762555893057761,B
INFY,Infosys Limited,Technology,2023,0,0.06596133751306166,0.39759665621734586,50.0,0.19468390804597702,1.8087649402390438,,7.487357281295441,Z'' (1995),Safe,0.013997363631777117,0.0018299284227586716,A,0.03435419499874115,0.004573330421551721,BBB
INFY,Infosys Limited,Technology,2024,0,0.060642740422441443,0.35816740301398053,50.0,0.19896340505732685,2.3053106858740056,0.0790882967607105,8.551575348786702,Z'' (1995),Safe,0.011258526455650847,0.0014683244721209738,AA,0.01368049904704094,0.001788004035473115,A
INFY,Infosys Limited,Technology,2025,0,0.05522705092140766,0.35386646765026697,50.0,0.18608214012138355,2.2663607342378294,0.05422744053743278,8.609811749322786,Z'' (1995),Safe,0.013563706338470333,0.0017725570852422578,A,0.014140688814222813,0.0018488994875925906,A
INFY,Infosys Limited,Technology,2026,0,0.05879849203453728,0.40167821962787303,50.0,0.1956592351985826,1.9782451051486585,-0.055858545266662785,8.236117230828263,Z'' (1995),Safe,0.03131595440659027,0.004157531401144528,BBB,0.10230540484189987,0.014503948404322484,BB
IOC,Indian Oil Corporation Limited,Energy,2023,0,0.3372670303492849,0.6757791523687213,3.262259297147671,0.022168237108848153,0.7686322210336245,,2.151832565964885,Z (1968),Grey,0.1193204778600894,0.01719592039890979,BB,0.012799517251551151,0.001671564203201333,A
IOC,Indian Oil Corporation Limited,Energy,2024,0,0.27495441183177777,0.6099133430908736,8.553949065246801,0.09031613783249702,0.7321630434345624,0.09201226989642808,2.486252535721415,Z (1968),Grey,0.11428685913814952,0.01639031853015101,BB,0.006268064025789499,0.0008139016886066012,AA
IOC,Indian Oil Corporation Limited,Energy,2025,0,0.30021845834833566,0.6233738405897197,3.0221526712853124,0.027482552224183786,0.6791017030629088,0.0514917427160515,1.8647021344140542,Z (1968),Grey,0.15611277153022649,0.023332545706315485,BB,0.006731050089001656,0.0008743744335267156,AA
IOC,Indian Oil Corporation Limited,Energy,2026,0,0.24921288194367247,0.5735978541537827,8.403972776215388,0.08125478415566974,0.7424548473574116,0.042892970393552776,2.21011500071831,Z (1968),Grey,0.14230048723386476,0.020976154972566996,BB,0.0059572807513177395,0.0007733363477667653,AA
IRB,IRB Infrastructure Developers Limited,Industrials,2023,0,0.3916224029096639,0.6871616791933495,1.7461783468175813,0.01683599167631935,1.6181277138869936,,1.7521424294414318,Z'' (1995),Grey,0.09498492119166117,0.01337252584841781,BB,0.009288964793086052,0.0012093615844600782,AA
IRB,IRB Infrastructure Developers Limited,Industrials,2024,0,0.4152550002210581,0.6940247345555064,1.54466080276155,0.013817772682909617,1.237951381152721,0.05037010907007189,1.4810008086982802,Z'' (1995),Grey,0.14577546230862404,0.02156287656237775,BB,0.0034442718606442213,0.00044613205360073953,AAA
IRB,IRB Infrastructure Developers Limited,Industrials,2025,0,0.3822051930375278,0.6321324464123672,5.043790208702171,0.1311663153497422,1.5772706561056804,0.19981287308009477,2.717725082118862,Z'' (1995),Safe,0.0292357103038843,0.003874141344799901,A,0.003308136947453022,0.0004284477281978505,AAA
IRB,IRB Infrastructure Developers Limited,Industrials,2026,0,0.37050368862484734,0.6124444817407487,1.7556758275665145,0.01575476196369594,1.2387021412262111,0.0029249310676673357,1.952539223939632,Z'' (1995),Grey,0.18757912307872285,0.028953744244115082,BB,0.03569873422384262,0.0047580624553567345,BBB
IRCTC,Indian Railway Catering & Tourism Corporation Limited,Consumer Cyclical,2023,0,0.016538846368587955,0.5129649100287481,50.0,0.19766727792246708,1.8198045350994876,,6.437612808011432,Z'' (1995),Safe,0.02816571275469171,0.003728786350208128,A,0.02684883587062359,0.0035502745153720558,A
IRCTC,Indian Railway Catering & Tourism Corporation Limited,Consumer Cyclical,2024,0,0.009907874278177938,0.4697585370076888,50.0,0.19876294151227736,1.9547138091789629,0.19698447880846692,6.867954281863582,Z'' (1995),Safe,0.012830956131247236,0.0016757163876830444,A,0.010691437870264053,0.0013936703252409712,AA
IRCTC,Indian Railway Catering & Tourism Corporation Limited,Consumer Cyclical,2025,0,0.0132063840643851,0.46122718688825576,50.0,0.2040129654517653,2.026485428718723,0.1162825444911173,7.116751695634672,Z'' (1995),Safe,0.02142395704206329,0.0028192939934386157,A,0.010691437870264053,0.0013936703252409712,AA
IRCTC,Indian Railway Catering & Tourism Corporation Limited,Consumer Cyclical,2026,0,0.010650524543535284,0.43155619784747945,50.0,0.19381822982511096,2.15478734202338,0.11472407042822441,7.521208287781221,Z'' (1995),Safe,0.021075269009746364,0.0027725503411271226,A,0.010691437870264053,0.0013936703252409712,AA
ITC,ITC Limited,Consumer Defensive,2023,0,0.003566946559143616,0.19030767213713357,50.0,0.22346290266127236,2.8873794435132223,,19.60156500375282,Z (1968),Safe,0.010361643328286516,0.001350288875483548,AA,0.01680748350918293,0.0022027632184960654,A
ITC,ITC Limited,Consumer Defensive,2024,0,0.003307663088601331,0.18443752847772357,50.0,0.2302501717131713,2.9995865716122245,0.0692009056974967,20.836509076580455,Z (1968),Safe,0.011877638094727791,0.0015499122462286049,A,0.005187049973756075,0.0006728961728689211,AA
ITC,ITC Limited,Consumer Defensive,2025,0,0.0032334862212438364,0.20084690003528183,50.0,0.38625211514386315,3.062155934341232,-0.040679910822798204,20.428470266016433,Z (1968),Safe,0.014477798123604634,0.0018935394620072433,A,0.08951837569475174,0.012537843898913714,BB
ITC,ITC Limited,Consumer Defensive,2026,0,0.02558160908167593,0.22303901447004543,50.0,0.22750299010803976,3.0387480995992755,0.06472534892454007,13.368403564108204,Z (1968),Safe,0.012429763886965083,0.0016227475174128308,A,0.005187049973756075,0.0006728961728689211,AA
JETAIRWAYS,Jet Airways (India) Limited,Industrials,2022,1,0.6156525060328814,3.865304421798233,-50.0,-0.13411919931945626,0.13600056106227792,,-31.8362607345115,Z'' (1995),Distress,0.6981421978117419,0.22998603846026486,CCC,0.8692349195480347,0.4619124756144268,D
JETAIRWAYS,Jet Airways (India) Limited,Industrials,2023,1,0.6323148710409409,4.108387399192474,-50.0,-0.17592160194941767,0.13294909311044167,-0.02223572507421745,-34.67212307653999,Z'' (1995),Distress,0.8900237694445884,0.5110299903080423,D,0.9261955618858337,0.6184111347044458,D
JINDALPOLY,Jindal Poly Films Limited,Consumer Cyclical,2023,0,0.42466800212574457,0.5625592012330616,6.926771466015261,0.03316431399055226,4.200490607835016,,1.8832472227296382,Z (1968),Grey,0.028039275910992326,0.003711628742044597,A,0.016688693314790726,0.0021869651549889734,A
JINDALPOLY,Jindal Poly Films Limited,Consumer Cyclical,2024,0,0.42317897949130845,0.6217128583169319,1.6106588060713698,0.007086675338184074,3.1856941562622954,0.0978173731917229,1.5807271768852826,Z (1968),Distress,0.04941300197550918,0.006668146327825738,BBB,0.04209821671247482,0.005643470215691966,BBB
JINDALPOLY,Jindal Poly Films Limited,Consumer Cyclical,2025,0,0.40356731614283436,0.6239490126530579,2.072247863472,0.010207806419078029,3.162587555935565,0.03712163916037681,1.7989380914125623,Z (1968),Distress,0.07865099659399108,0.010903852288296205,BBB,0.01469233725219965,0.0019219625326786045,A
JINDALPOLY,Jindal Poly Films Limited,Consumer Cyclical,2026,0,0.4588498578586515,0.6512421675678338,-11.584868209657593,-0.10774864847157183,3.1752355778840653,-0.20323502492042633,1.0248786202406417,Z (1968),Distress,0.561047653980504,0.14167564588652715,CCC,0.7380528450012207,0.2667872951896747,CCC
JSWENERGY,JSW Energy Limited,Utilities,2023,0,0.5139640184893017,0.6156436890793715,3.6287276072955565,0.03031818750679603,1.0686794120553744,,1.7501299381030995,Z'' (1995),Grey,0.09526653310731452,0.013415759639979234,BB,0.017111722379922867,0.002243239475638864,A
JSWENERGY,JSW Energy Limited,Utilities,2024,0,0.5418547737994923,0.6393587681978956,2.126932038027085,0.03219693713157924,1.1919460095963375,0.19546712568498847,1.8329094603212648,Z'' (1995),Grey,0.055554777817240664,0.0075390988407642336,BBB,0.006171366665512323,0.0008012777896726272,AA
JSWENERGY,JSW Energy Limited,Utilities,2025,0,0.5579966550654677,0.6766134105590257,2.0104287898496156,0.026326364932330273,1.03075689988067,0.5435107115091875,1.2342052088225077,Z'' (1995),Grey,0.009860428735208843,0.001284406815342066,AA,0.006171366665512323,0.0008012777896726272,AA
JSWENERGY,JSW Energy Limited,Utilities,2026,0,0.6196272574483405,0.72961102397624,1.3531307182220231,0.020916336568533995,0.7615746301783192,0.3807326923209491,0.8548815375863208,Z'' (1995),Distress,0.029865108962174796,0.003959772613584317,A,0.02121959999203682,0.0027918952378932454,A
JSWSTEEL,JSW Steel Limited,Basic Materials,2023,0,0.5050502657785274,0.6823970285865888,1.9033546325878594,0.01963255289513829,0.9740863027600303,,1.9231502587188927,Z (1968),Grey,0.10656387781534357,0.015169435401839055,BB,0.0165714044123888,0.0021713700041313807,A
JSWSTEEL,JSW Steel Limited,Basic Materials,2024,0,0.4627954670943654,0.6504088554676202,2.7533743939195388,0.040120562015680344,0.9768258533262696,0.08110745790655582,2.177843245364981,Z (1968),Grey,0.11359119271219294,0.016279597592092847,BB,0.005633351858705282,0.0007310786460955431,AA
JSWSTEEL,JSW Steel Limited,Basic Materials,2025,0,0.4952272557343546,0.660773774414103,1.645682309551062,0.014944342559815754,1.166760135915284,0.054969806922058995,2.199670112519119,Z (1968),Grey,0.11745080453037249,0.016895771457613663,BB,0.0064111677929759026,0.0008325878954470017,AA
JSWSTEEL,JSW Steel Limited,Basic Materials,2026,0,0.44156320918435454,0.6088825108648898,4.524096385542169,0.08744205729421768,1.490911973708866,0.12018675594619976,2.6665224430895282,Z (1968),Grey,0.062447125715187686,0.00852822070171253,BBB,0.007767501287162304,0.0010099280818516424,AA
JUBLFOOD,Jubilant FoodWorks Limited,Consumer Cyclical,2023,0,0.47448490160116996,0.6213783138153374,3.4287666603719202,0.06562479852296313,0.6665079308002329,,2.1615139961830767,Z'' (1995),Grey,0.12171039057708338,0.017581178173625266,BB,0.027474556118249893,0.003635042948500861,A
JUBLFOOD,Jubilant FoodWorks Limited,Consumer Cyclical,2024,0,0.5177222929033296,0.72393350085125,2.6878911611905547,0.05912780184818799,0.603271722278677,0.5097559013378912,1.2228208822101783,Z'' (1995),Grey,0.016031469549807956,0.0020996200104700944,A,0.03280967101454735,0.004361671235261561,BBB
JUBLFOOD,Jubilant FoodWorks Limited,Consumer Cyclical,2025,0,0.5126684300438953,0.7440311291274332,1.6431613134659966,0.025312019726571485,0.552147236337655,0.04945765889896481,1.1031520427229204,Z'' (1995),Grey,0.18162298236322758,0.02786165071661127,BB,0.05428801849484444,0.00735866184103064,BBB
JUBLFOOD,Jubilant FoodWorks Limited,Consumer Cyclical,2026,0,0.5127548691000356,0.7502629818697574,2.241036885669349,0.04737706033700239,0.3676584385744007,0.12113278146099193,0.3059447830781095,Z'' (1995),Distress,0.1440393467255136,0.021269239858159004,BB,0.08923642337322235,0.012495026529928243,BB
KEC,KEC International Limited,Industrials,2023,0,0.19581285278486266,0.7817281386965025,1.3014380945247548,0.010187752588608214,1.126105190240158,,1.7844900898625404,Z'' (1995),Grey,0.09429024393245207,0.013265975979652357,BB,0.06168201565742493,0.008417800491444815,BBB
KEC,KEC International Limited,Industrials,2024,0,0.20812843148742582,0.7847932923731062,1.656168746249827,0.019101042520998313,1.1117506209705719,0.10144809269737864,1.8258630879893967,Z'' (1995),Grey,0.08895266277581612,0.012451957567788776,BB,0.007117724511772394,0.000924917366912399,AA
KEC,KEC International Limited,Industrials,2025,0,0.17842625221371403,0.7589058030867559,2.1137494450313077,0.027698167909405626,1.1947238162850775,0.16543388398268766,2.2652049563278656,Z'' (1995),Grey,0.05601330535921591,0.007604514595458781,BBB,0.007170799188315868,0.0009318575301282464,AA
KEC,KEC International Limited,Industrials,2026,0,0.21375893053756928,0.7551603740510994,2.2069498187602283,0.02558579812657828,1.2333019765857278,0.1342718999888186,2.39011338814599,Z'' (1995),Grey,0.06755373635521912,0.009269207671896994,BBB,0.007001076824963093,0.0009096665232279552,AA
LT,Larsen & Toubro Limited,Industrials,2023,0,0.36521748553839384,0.6864946396167171,6.384126154930641,0.031695616113597024,1.371073104233652,,2.7558276193793647,Z'' (1995),Safe,0.08245434273227208,0.011471923663737447,BBB,0.008785264566540718,0.0011432775657347286,AA
LT,Larsen & Toubro Limited,Industrials,2024,0,0.34198741168127555,0.6985039247686742,6.801513356388077,0.0389540291442529,1.2342005898499153,0.029615836498918302,2.4187273817330857,Z'' (1995),Grey,0.1249559842475271,0.018107254330856724,BB,0.0030822311528027058,0.0003991111786557743,AAA
LT,Larsen & Toubro Limited,Industrials,2025,0,0.348881454432011,0.6959252917008433,8.078932041166793,0.04178947985817804,1.2147379152145186,0.11580113094184075,2.387206389105283,Z'' (1995),Grey,0.07515317043721523,0.01038496811770946,BBB,0.0030822311528027058,0.0003991111786557743,AAA
LT,Larsen & Toubro Limited,Industrials,2026,0,0.27731095630828584,0.7159860919640505,10.124179815379428,0.03865999991971868,1.2507443393061095,0.1924140785789361,2.4330430935503458,Z'' (1995),Grey,0.045347291479752395,0.006096932180370346,BBB,0.006080074701458216,0.0007893615300346792,AA
LUPIN,Lupin Limited,Healthcare,2023,0,0.19783646317095407,0.4536130751400618,3.9827650805545147,0.01873502837828831,1.3438535104372518,,3.2942200946740314,Z (1968),Safe,0.07196439286375328,0.009914868403769525,BBB,0.01672918163239956,0.0021923493767632787,A
LUPIN,Lupin Limited,Healthcare,2024,0,0.12175472284660115,0.4010358717149265,9.680726777522937,0.08154859177592283,1.5817973298829617,0.045358650248541466,6.683642145771267,Z (1968),Safe,0.07495095786639586,0.010355074349967562,BBB,0.0061677200719714165,0.0008008017665037086,AA
LUPIN,Lupin Limited,Healthcare,2025,0,0.18653629119517012,0.40782670567384627,15.841237570694563,0.1233643960403037,1.8745507114409707,0.2170129990273857,6.904876602973632,Z (1968),Safe,0.021339926375474463,0.0028080265499317654,A,0.007338966242969036,0.0009538516937549293,AA
LUPIN,Lupin Limited,Healthcare,2026,0,0.17245430254741126,0.41317686016072536,17.66072727272727,0.15784705898545368,1.8992114606947619,0.3136445005081343,6.389042855588299,Z (1968),Safe,0.010726568977204927,0.001398292982870647,AA,0.0082023274153471,0.0010668707848313095,AA
M&M,Mahindra & Mahindra Limited,Consumer Cyclical,2023,0,0.4480356354214644,0.6741875112346647,3.4669277426576763,0.04993643019339724,1.293938841370309,,1.9662642899606153,Z (1968),Grey,0.0840434158729956,0.011710471733210567,BBB,0.010690838098526001,0.0013935914079349233,AA
M&M,Mahindra & Mahindra Limited,Consumer Cyclical,2024,0,0.4512280601079819,0.671988571512242,3.1785944622231557,0.05096712404665389,1.3007451785774562,0.14769390733782117,2.166912198336742,Z (1968),Grey,0.05572202043048765,0.0075629521189535765,BBB,0.0032854790333658457,0.0004255048067432497,AAA
M&M,Mahindra & Mahindra Limited,Consumer Cyclical,2025,0,0.45012784674112305,0.6790259114760971,3.1549664042178547,0.05031884441521191,1.401355771422713,0.17471609165151536,2.4103779138119164,Z (1968),Grey,0.04361175323039335,0.00585437732341585,BBB,0.0032854790333658457,0.0004255048067432497,AAA
M&M,Mahindra & Mahindra Limited,Consumer Cyclical,2026,0,0.4217523315467104,0.6552926343298073,3.6924456855244787,0.057453794759999274,1.267368174075544,0.1442735982583001,2.4696597077295603,Z (1968),Grey,0.05587880201050946,0.007585320006137609,BBB,0.00316144828684628,0.00040939714625081483,AAA
MARICO,Marico Limited,Consumer Defensive,2023,0,0.08753239274402534,0.4304635761589404,50.0,0.1874460120932911,1.5726636475916014,,15.627506226360886,Z (1968),Safe,0.021884984260966016,0.0028811417922998527,A,0.011392155662178993,0.0014859268772436304,AA
MARICO,Marico Limited,Consumer Defensive,2024,0,0.07114944077617572,0.4382158738714459,41.354166666666664,0.20616691028050393,1.637888707037643,0.06838468183126989,14.955174939298146,Z (1968),Safe,0.027581833603492024,0.0036495856968264263,A,0.004508037585765123,0.0005844633145486013,AA
MARICO,Marico Limited,Consumer Defensive,2025,0,0.06649063850216035,0.48799807969275083,50.0,0.20681774900019043,2.0680244399185335,0.12275973588465172,15.581570688315537,Z (1968),Safe,0.013577503225299504,0.0017743816895544756,A,0.005187049973756075,0.0006728961728689211,AA
MARICO,Marico Limited,Consumer Defensive,2026,0,0.05528535980148883,0.5539454094292804,50.0,0.19144890530776335,1.428919775664472,0.2091934709553529,13.087272958907395,Z (1968),Safe,0.00941200991195402,0.0012255136334774208,AA,0.0030079958960413933,0.00038947337560893,AAA
MARUTI,Maruti Suzuki India Limited,Consumer Cyclical,2023,0,0.012428102094527691,0.2568620536452512,42.37217598097503,0.08231973972310715,0.6882508224731735,,8.005157153608401,Z (1968),Safe,0.07091070858970265,0.009760142604327079,BBB,0.02461078204214573,0.003247850529460133,A
MARUTI,Maruti Suzuki India Limited,Consumer Cyclical,2024,0,0.0010281679884318097,0.2576037617424413,50.0,0.12504345585024673,0.872147596698495,0.14907944780814741,10.45800622012835,Z (1968),Safe,0.0443877637756502,0.005962736513393824,BBB,0.006716439500451088,0.0008724653276306445,AA
MARUTI,Maruti Suzuki India Limited,Consumer Cyclical,2025,0,0.0006640395126407936,0.265435674797716,50.0,0.11771214581817134,0.9646699307783217,0.13580746730841908,8.686932130000931,Z (1968),Safe,0.044994111545081435,0.00604751071595809,BBB,0.005565233528614044,0.0007221954110083004,AA
MARUTI,Maruti Suzuki India Limited,Consumer Cyclical,2026,0,0.0006884693144188983,0.28025537173984594,50.0,0.10489204433197462,1.0679053294663954,0.13635478944222967,8.023534106496964,Z (1968),Safe,0.04236603140225174,0.005680747411794368,BBB,0.005565233528614044,0.0007221954110083004,AA
MPHASIS,Mphasis Limited,Technology,2023,0,0.09068174494608233,0.3165194863946718,23.34322112319809,0.1410851272225519,2.127724784440546,,7.0379433609513065,Z'' (1995),Safe,0.031242144804680322,0.004147458314999218,BBB,0.016677796840667725,0.002185516184702475,A
MPHASIS,Mphasis Limited,Technology,2024,0,0.16904067716339952,0.37760425549803195,13.857341779233778,0.12081105694445432,1.5774082480165286,0.2171314787364338,5.465952271174084,Z'' (1995),Safe,0.028290434862938047,0.0037457150624250844,A,0.0054952544160187244,0.0007130706161500997,AA
MPHASIS,Mphasis Limited,Technology,2025,0,0.1266700204318495,0.3540862927493533,14.656370656370656,0.11723985235734971,1.570369837548413,0.05494535902367681,5.741963178938716,Z'' (1995),Safe,0.06558243688547916,0.00898233693749693,BBB,0.0058923643082380295,0.000764865841709187,AA
MPHASIS,Mphasis Limited,Technology,2026,0,0.14732241572959145,0.39580711288609716,13.296822472042262,0.1139605047675252,1.3756569127472107,0.19288700349354637,4.978327933726588,Z'' (1995),Safe,0.03773738658592909,0.005039014976931679,BBB,0.00515760900452733,0.0006690596765958136,AA
MRF,MRF Limited,Consumer Cyclical,2023,0,0.1236636422465706,0.39646384545214675,4.356616147353227,0.03155349267791054,1.2329253454155393,,3.4253049880316166,Z (1968),Safe,0.09739426165069515,0.013743162948801032,BB,0.014600678347051144,0.001909817848697499,A
MRF,MRF Limited,Consumer Cyclical,2024,0,0.10508602975929097,0.37789517319362087,8.909369502298395,0.08126814273810185,1.3682890987454004,0.10176774899351271,4.789696279450682,Z (1968),Safe,0.07091191343611597,0.009760319354342814,BBB,0.005767203401774168,0.0007485371615088533,AA
MRF,MRF Limited,Consumer Cyclical,2025,0,0.12702238611415564,0.3731692677475181,7.911621433542102,0.06626579436230652,1.5074038360665252,0.10575680750019645,4.029994614264995,Z (1968),Safe,0.0691289472416127,0.009499191475078637,BBB,0.005767203401774168,0.0007485371615088533,AA
MRF,MRF Limited,Consumer Cyclical,2026,0,0.10035392043002475,0.3435854151859999,9.971072194225576,0.07871491155851203,1.645131669381442,0.07627655281731172,4.534372426891103,Z (1968),Safe,0.07432729022529848,0.010262946356006416,BBB,0.009091457352042198,0.0011834422124387017,AA
MTNL,Mahanagar Telephone Nigam Limited,Communication Services,2023,1,2.434814011348344,2.7910475704633892,-0.3100450219718006,-0.2503531864936332,0.46959905524651857,,-11.231686396783607,Z'' (1995),Distress,0.3726014877410281,0.07123117665546534,B,0.6446472406387329,0.18980703085710265,CCC
MTNL,Mahanagar Telephone Nigam Limited,Communication Services,2024,1,2.8123844162823985,3.2061556319011992,-0.3136839481555334,-0.29224737526792904,0.5574304796549653,-0.07958182719153828,-11.862714174570193,Z'' (1995),Distress,0.7157673603547057,0.24540067115801514,CCC,0.5374634265899658,0.130479962195327,CCC
MTNL,Mahanagar Telephone Nigam Limited,Communication Services,2025,1,3.1932276779646265,3.6323206859156705,-0.2509480837245314,-0.31777525142441604,0.41196679601219677,-0.04581453980185379,-15.58433035537001,Z'' (1995),Distress,0.7104365553174008,0.240607541237836,CCC,0.6241944432258606,0.17661280865909487,CCC
MTNL,Mahanagar Telephone Nigam Limited,Communication Services,2026,1,3.5178445063097668,3.9734806191163847,-0.12261178714917478,-0.3061021634343054,0.3497850574422359,-0.014734513750289668,-18.514781810083893,Z'' (1995),Distress,0.6651894286508171,0.20418344823836954,CCC,0.7508796453475952,0.280184312363091,CCC
NBCC,NBCC (India) Limited,Industrials,2023,0,3.516597825388394e-05,0.8350471577787186,2.9369387902843176,0.02070553232738344,1.0247785665258613,,0.9431496404927561,Z'' (1995),Distress,0.11663531359370656,0.016765196955702326,BB,0.034838855266571045,0.004639868557981667,BBB
NBCC,NBCC (India) Limited,Industrials,2024,0,4.9759574753194435e-05,0.8101316302891931,3.6321785129419526,0.03139125420238923,1.1687573427485347,-0.013497446304738592,1.9163719899241614,Z'' (1995),Grey,0.2232106315362465,0.035780698440531146,BB,0.1657867282629013,0.02502238491122728,BB
NBCC,NBCC (India) Limited,Industrials,2025,0,3.0171646316031117e-05,0.7998132550457301,5.568805346416983,0.04154748914556202,1.1795324703862478,0.0502602558777121,2.071056471750048,Z'' (1995),Grey,0.13512586257910744,0.019777510371867767,BB,0.008630258962512016,0.0011229530310653002,AA
NBCC,NBCC (India) Limited,Industrials,2026,0,1.584757666802888e-05,0.8024128135184806,7.4480001404962115,0.04862212376850241,1.1767950491418204,0.21958961659803866,2.085390165295415,Z'' (1995),Grey,0.034987815417968186,0.004660330668333992,BBB,0.007838808000087738,0.0010192630837254784,AA
NCC,NCC Limited,Industrials,2023,0,0.058840660974059406,0.6081321464738624,3.6101769911504427,0.03680940077775871,1.339191958612169,,2.7622132347935486,Z'' (1995),Safe,0.07842751696830917,0.010870598794819778,BBB,0.010751019231975079,0.0014015103900794587,AA
NCC,NCC Limited,Industrials,2024,0,0.05415259004342065,0.6235985540448397,3.7414403472957956,0.041024027707626816,1.3381997585379852,0.09348935234306466,2.8068809041565483,Z'' (1995),Safe,0.08190895796671463,0.0113902156089834,BBB,0.003943112213164568,0.0005109688384473869,AA
NCC,NCC Limited,Industrials,2025,0,0.07586171439343666,0.6428494581170102,3.703586473869976,0.041933563422034095,1.3432731338974697,0.16074149959828432,2.79750192385924,Z'' (1995),Safe,0.05836665539126439,0.007941121053364041,BBB,0.003943112213164568,0.0005109688384473869,AA
NCC,NCC Limited,Industrials,2026,0,0.1310078762381244,0.6912597712764751,2.8203995793901155,0.028729411038990734,1.3618804521921424,0.2380081670425842,2.5986775581309485,Z'' (1995),Grey,0.039992490318477715,0.00535100131137472,BBB,0.0036538629792630672,0.0004733667795118445,AAA
NESTLEIND,Nestlé India Limited,Consumer Defensive,2021,0,0.03236043152099857,0.7636204432040786,15.167592225307418,0.2572718672160872,0.9990740539797593,,21.318324752447595,Z (1968),Safe,0.07176872064577385,0.009886112474323284,BBB,0.037136442959308624,0.004956090057489216,BBB
NESTLEIND,Nestlé India Limited,Consumer Defensive,2022,0,0.030128949050757678,0.7261119043429256,22.06469560716827,0.2777596066199303,1.1332575696079228,0.09042971145706957,20.811188246493256,Z (1968),Safe,0.053375228658582255,0.007228903013951028,BBB,0.008892141282558441,0.0011572945995210666,AA
NESTLEIND,Nestlé India Limited,Consumer Defensive,2025,0,0.09569584001732095,0.671114183831803,32.736176470588234,0.3030021641729714,0.7969863510730255,0.3580212813824657,19.117309805305723,Z (1968),Safe,0.008760310067498448,0.001140005126212232,AA,0.01414074283093214,0.0018489066383530275,A
NMDC,NMDC Limited,Basic Materials,2023,0,0.07104048620301459,0.24431207374773478,50.0,0.18700881249641105,2.9718567628928465,,4.674368242012069,Z (1968),Safe,0.006613889437223139,0.0008590669050735995,AA,0.03435419499874115,0.004573330421551721,BBB
NMDC,NMDC Limited,Basic Materials,2024,0,0.09418628682345967,0.28008501156584653,50.0,0.16993520432773823,2.5319138303973197,0.19056940024545188,5.400993011388884,Z (1968),Safe,0.0049253112683267965,0.0006387955444285591,AA,0.01067623682320118,0.001391670213848576,AA
NMDC,NMDC Limited,Basic Materials,2025,0,0.10427079553479807,0.2755561993499627,50.0,0.1706575802053297,2.4178537001104634,0.14990733582288573,5.086678138361872,Z (1968),Safe,0.006665721594173197,0.000865838605318947,AA,0.01067623682320118,0.001391670213848576,AA
NMDC,NMDC Limited,Basic Materials,2026,0,0.1325907177536517,0.2947893427593429,50.0,0.16681212460991673,2.429474751963681,0.1783437315884553,4.832969239344774,Z (1968),Safe,0.005665912564101567,0.0007353252253376216,AA,0.010132831521332264,0.0013202055512204893,AA
NTPC,NTPC Limited,Utilities,2023,0,0.49767038595085095,0.6629846962553575,3.2351314083926095,0.037758539181415154,0.787504310289959,,1.0232011956630997,Z'' (1995),Distress,0.1253566930756548,0.018172436482999228,BB,0.016099022701382637,0.0021085931593733767,A
NTPC,NTPC Limited,Utilities,2024,0,0.49382064515787777,0.6561360694433949,3.2150300612650784,0.04484790388275388,0.8228566644771073,0.07207493861813652,1.1806151250422574,Z'' (1995),Grey,0.13671206946725326,0.020041049550380868,BB,0.005253286566585302,0.0006815282837989077,AA
NTPC,NTPC Limited,Utilities,2025,0,0.4769189417919194,0.6355400660984359,3.260001966845956,0.04663059320337711,0.9003258388563488,0.0920521568906667,1.3447655471977233,Z'' (1995),Grey,0.11659072954882597,0.01675806421384841,BB,0.0051562124863266945,0.0006688776991514323,AA
NTPC,NTPC Limited,Utilities,2026,0,0.4851117947193377,0.6220254288799105,3.193357093605178,0.04995649019596872,0.80689293452823,0.06530106710587358,0.9494991005520143,Z'' (1995),Distress,0.13875767878708822,0.020382138484830368,BB,0.005710025783628225,0.0007410788738239352,AA
ONGC,Oil and Natural Gas Corporation Limited,Energy,2023,0,0.2749708461950651,0.5339053012203678,7.360349854558935,0.05711081858584725,0.8679322513338323,,1.6081764963863656,Z (1968),Distress,0.09946786757327182,0.014063516302404842,BB,0.014980042353272438,0.0019600958393825134,A
ONGC,Oil and Natural Gas Corporation Limited,Energy,2024,0,0.25767622937133206,0.5153298373855422,7.270360686267338,0.07097766021214523,0.8280061070646709,0.15436877093788892,1.7403487161549964,Z (1968),Distress,0.07701894321153128,0.010661324062913358,BBB,0.005466064438223839,0.0007092647741416032,AA
ONGC,Oil and Natural Gas Corporation Limited,Energy,2025,0,0.2884854611953018,0.5067566599547143,5.26305417877564,0.048277624417236376,0.6811164237309313,0.022540735602571305,1.5229699989588372,Z (1968),Distress,0.16497741932341636,0.02487974100063626,BB,0.00858727190643549,0.0011173174920365535,AA
ONGC,Oil and Natural Gas Corporation Limited,Energy,2026,0,0.22010101386128073,0.4826485792150015,7.3063759792198955,0.05342915833647874,0.8405184530248284,0.04373410788801846,1.6864021926725314,Z (1968),Distress,0.13120843434656956,0.019130174059883404,BB,0.005526530556380749,0.0007171486715680899,AA
PAGEIND,Page Industries Limited,Consumer Cyclical,2023,0,0.1509189285541869,0.4908485931053435,19.364008526718667,0.2121386209944259,1.6434271476433877,,22.897485495060167,Z (1968),Safe,0.04747281796085228,0.006395032819923685,BBB,0.021889524534344673,0.0028817511315465294,A
PAGEIND,Page Industries Limited,Consumer Cyclical,2024,0,0.06890751854277653,0.4047046482473409,17.851179471187045,0.2117773386159258,1.999078010933831,-0.003798634140544599,25.104359573134087,Z (1968),Safe,0.06252127401025194,0.008538930009285581,BBB,0.0450446791946888,0.00605458484887952,BBB
PAGEIND,Page Industries Limited,Consumer Cyclical,2025,0,0.09905861156082968,0.46757845502723977,22.10006899823192,0.273825708015184,1.724275555221287,-0.014750719549568081,27.269381000249687,Z (1968),Safe,0.07621787978174101,0.010542553705382816,BBB,0.044156890362501144,0.005930482302665921,BBB
PAGEIND,Page Industries Limited,Consumer Cyclical,2026,0,0.09690983749750996,0.4739511837856705,21.67839064233135,0.2777842229276732,1.7246909256343967,0.08073216494369495,19.791383226749435,Z (1968),Safe,0.046706613664502426,0.006287441670573279,BBB,0.008085989393293858,0.0010516314709419147,AA
PATELENG,Patel Engineering Limited,Industrials,2023,0,0.20073574669210892,0.6601866601804938,1.5423695077389263,0.02095319335532694,1.4449592504350377,,2.4239396077333453,Z'' (1995),Grey,0.07710870440812062,0.010674643651567929,BBB,0.011020179837942123,0.0014369383583567649,AA
PATELENG,Patel Engineering Limited,Industrials,2024,0,0.2123035431703698,0.6485454180044651,2.381324204338546,0.03269684013272189,1.472508405835349,0.027296053826099786,2.797520674418439,Z'' (1995),Safe,0.10757350815128577,0.01532801266608417,BB,0.0043967971578240395,0.0005699856509226799,AA
PATELENG,Patel Engineering Limited,Industrials,2025,0,0.17373991155721066,0.6057368600492342,2.254694446798838,0.02668568798400056,1.355975916671684,0.06485037333856236,2.5021272430330592,Z'' (1995),Grey,0.09490384316267214,0.013360082824871743,BB,0.003943112213164568,0.0005109688384473869,AA
PATELENG,Patel Engineering Limited,Industrials,2026,0,0.12771595781270922,0.5334876454881285,2.2366960327799776,0.028182823298728975,1.4494585800964137,-0.006023366918154416,2.936410987431555,Z'' (1995),Safe,0.12237865980857458,0.01768922537382918,BB,0.021941769868135452,0.0028887632065183098,A
PERSISTENT,Persistent Systems Limited,Technology,2023,0,0.0985383061494842,0.40580991086574714,27.211491339247992,0.13803116402021257,1.7122809789172413,,5.055425698299933,Z'' (1995),Safe,0.04777391310518183,0.006437353895621472,BBB,0.01944286935031414,0.00255410174622789,A
PERSISTENT,Persistent Systems Limited,Technology,2024,0,0.06081844965658861,0.3316322967674059,31.98007575919704,0.15520732306396964,1.8742681607722,0.11157576411492154,6.035018024655746,Z'' (1995),Safe,0.03605019792056866,0.004806425199872137,BBB,0.00831990409642458,0.00108227551306096,AA
PERSISTENT,Persistent Systems Limited,Technology,2025,0,0.03558557434572389,0.27671364679311244,28.146359993445454,0.17334908317545936,2.356534427245656,0.17781519012666314,7.4461341719862535,Z'' (1995),Safe,0.01780255811951207,0.002335229884325188,A,0.013683948665857315,0.0017884603288319263,A
PERSISTENT,Persistent Systems Limited,Technology,2026,0,0.04196775400332473,0.31105131751786835,34.17481632316117,0.1854627814067476,2.4270388775811695,0.3021703403680287,7.397691391696282,Z'' (1995),Safe,0.007606689551285482,0.0009888799600332458,AA,0.013683948665857315,0.0017884603288319263,A
PIDILITIND,Pidilite Industries Limited,Basic Materials,2023,0,0.03711251855103363,0.2925505129681464,37.172124265323255,0.12097364185531238,1.8922600824684106,,25.98300709523197,Z (1968),Safe,0.032300892972866424,0.004292077357940036,BBB,0.01611122488975525,0.002110214101753258,A
PIDILITIND,Pidilite Industries Limited,Basic Materials,2024,0,0.03159877560631034,0.2880828159402509,47.480757960539165,0.15284655024068705,2.086235246177053,0.15001681707018144,29.1552143392722,Z (1968),Safe,0.019243715071368753,0.002527494047657496,A,0.006530256476253271,0.0008481418311029463,AA
PIDILITIND,Pidilite Industries Limited,Basic Materials,2025,0,0.032412016726296386,0.289313683717697,50.0,0.15900490974297943,2.268185479581136,0.1575948347440299,24.226292362944648,Z (1968),Safe,0.01578945809038554,0.00206748218696978,A,0.006971730384975672,0.0009058301786686537,AA
PIDILITIND,Pidilite Industries Limited,Basic Materials,2026,0,0.02703382192188242,0.2840841864355931,50.0,0.1663422129059691,2.3796372480385566,0.10144688601552865,20.760864351194986,Z (1968),Safe,0.01962328052945712,0.0025782134079303377,A,0.007264524698257446,0.000944114863869421,AA
POWERGRID,Power Grid Corporation of India Limited,Utilities,2023,0,0.5097009169350069,0.6708872124514603,3.062113716626475,0.06112321307713158,0.8199265831457659,,1.1126843286003725,Z'' (1995),Grey,0.12089453238993135,0.01744945902555956,BB,0.014823666773736477,0.0019393669443022947,A
POWERGRID,Power Grid Corporation of India Limited,Utilities,2024,0,0.5062116735219808,0.6526568241797259,3.1143825922472717,0.061900982579065046,0.7446792770137174,-0.00548033151062588,1.0938167588831167,Z'' (1995),Distress,0.20537117665345728,0.03229818534255803,BB,0.03087630867958069,0.0040975508665292495,BBB
POWERGRID,Power Grid Corporation of India Limited,Utilities,2025,0,0.5055019745990328,0.6517838920474114,3.087588556725701,0.06004452128037473,0.7264842990597586,0.060650637576900035,1.0274421416073791,Z'' (1995),Distress,0.14890075546180814,0.022094042132968488,BB,0.007989260368049145,0.0010389631401844805,AA
POWERGRID,Power Grid Corporation of India Limited,Utilities,2026,0,0.5142317001827384,0.659027027225103,2.8192352734204738,0.056800897305791395,0.6214806722499534,0.10755090833885395,0.7450085741676951,Z'' (1995),Distress,0.12409486835391029,0.017967351660925744,BB,0.014435344375669956,0.001887916280865539,A
RCOM,Reliance Communications Limited,Communication Services,2023,1,1.2853840295909487,3.036988685813751,-4.957446808510638,-0.3943374673629243,0.29291325798915835,,-22.90198774794793,Z'' (1995),Distress,0.45919678886855214,0.09881747079671883,B,0.8805338144302368,0.4876620482747455,D
RCOM,Reliance Communications Limited,Communication Services,2024,1,1.2921157739235105,3.2469770750123104,-0.851063829787234,-0.19672131147540983,0.2745962817207219,-0.005820278503046117,-24.94227419832524,Z'' (1995),Distress,0.6009561169847228,0.16281830077592482,CCC,0.8915860056877136,0.5150424425636505,D
RCOM,Reliance Communications Limited,Communication Services,2025,1,1.2962525737817434,3.511873713109128,-2.9565217391304346,-0.2573068965044739,0.25478753942101245,-0.00352902555123924,-27.572382186983713,Z'' (1995),Distress,0.6453792909508368,0.19029917416734435,CCC,0.8795090913772583,0.4852374931971252,D
RCOM,Reliance Communications Limited,Communication Services,2026,1,1.2993174812857773,3.8228203434610304,-10.136363636363637,-0.3057956872500378,0.23437533927317733,-0.00244337680164719,-29.281211779628173,Z'' (1995),Distress,0.7027453846611857,0.23389423424461192,CCC,0.8795090913772583,0.4852374931971252,D
RELIANCE,Reliance Industries Limited,Energy,2023,0,0.20802883607445669,0.484344273564464,5.960755353940289,0.04149602689011223,1.0746772526614494,,2.1796459722463783,Z (1968),Grey,0.08659265312969124,0.01209464911174258,BB,0.01267276331782341,0.0016548259349573168,A
RELIANCE,Reliance Industries Limited,Energy,2024,0,0.19712116155823567,0.47278167365799045,5.792393900422561,0.041398970154458994,1.1830373433123536,0.09241765276394442,2.5239062779343016,Z (1968),Grey,0.08392808047266515,0.011693133870342685,BBB,0.004653667565435171,0.0006034209494551743,AA
RELIANCE,Reliance Industries Limited,Energy,2025,0,0.18951388144633077,0.48227417683312984,5.792595271461507,0.037585531124708485,1.1003510844387827,0.11055612060688413,2.1217696033279503,Z (1968),Grey,0.08141708232286077,0.011316595790603056,BBB,0.004653667565435171,0.0006034209494551743,AA
RELIANCE,Reliance Industries Limited,Energy,2026,0,0.18272471007373264,0.5014709798268248,6.119803791153974,0.039132700185380724,1.097911516589254,0.11692556513159946,2.03462002885869,Z (1968),Grey,0.07934171435488402,0.01100671814052886,BBB,0.004653667565435171,0.0006034209494551743,AA
RELINFRA,Reliance Infrastructure Limited,Utilities,2023,1,0.1887055674858746,0.7712328255050657,-0.13483621836324222,-0.05281223798248522,0.371672377790113,,-2.63174058680586,Z'' (1995),Distress,0.16950920254698976,0.025681523532932238,BB,0.2526954412460327,0.041840694710794595,B
RELINFRA,Reliance Infrastructure Limited,Utilities,2024,1,0.16720414309416434,0.765834545577128,0.7166140115684969,-0.026772191477437497,0.3970533619400681,-0.02971108516280374,-2.4123700915152733,Z'' (1995),Distress,0.2863158926731725,0.049256568468236346,B,0.304500937461853,0.05351402972378366,B
RELINFRA,Reliance Infrastructure Limited,Utilities,2025,0,0.09661202836475277,0.6383275312127559,6.2344426757487135,0.07898657001789129,0.24691894962896385,0.1125359892357145,-1.4648411227472737,Z'' (1995),Distress,0.14566517332043552,0.021544192662712004,BB,0.022321587428450584,0.002939759745246591,A
RELINFRA,Reliance Infrastructure Limited,Utilities,2026,0,0.06937469575706884,0.5912310020314715,3.694726872440115,0.04233878105075207,0.20789350968671838,0.08079130789128386,-1.1265943719481966,Z'' (1995),Distress,0.1760820320192852,0.02685769934885149,BB,0.019133776426315308,0.002512809886200342,A
RPOWER,Reliance Power Limited,Utilities,2023,1,0.43753675151054633,0.7262384872738301,0.8495123635265179,-0.009699514292860761,0.27342451021317843,,-1.3491755468952422,Z'' (1995),Distress,0.1591700956366964,0.02386302420627013,BB,0.4598442316055298,0.09904986109490259,B
RPOWER,Reliance Power Limited,Utilities,2024,1,0.42885473996646556,0.7345889358314055,1.4791586545572879e-05,-0.04482182534553109,0.26611647479256023,-0.09843141359444296,-1.7629995203980289,Z'' (1995),Distress,0.5291198556152769,0.12672341970441783,CCC,0.9257786273956299,0.6169745173291803,D
RPOWER,Reliance Power Limited,Utilities,2025,0,0.3670544622328072,0.604262973646244,2.7909853890188425,0.06932732273741597,0.44364276833816824,-0.056563129813261614,0.6551396824661417,Z'' (1995),Distress,0.2913254366269067,0.050411365216374154,B,0.34448471665382385,0.06355240709133236,B
RPOWER,Reliance Power Limited,Utilities,2026,0,0.35870915338563164,0.611566627329504,0.9058721878268552,-0.00815956207839346,0.46273076866408336,0.0002342373068571213,0.04605449983071619,Z'' (1995),Distress,0.27019989022049434,0.04563089683302661,B,0.6595516800880432,0.20011755596508643,CCC
SAIL,Steel Authority of India Limited,Basic Materials,2023,0,0.23584589920271207,0.5804244124570082,2.5322318340016845,0.01668080792396814,0.7700657636029147,,1.552957755458399,Z (1968),Distress,0.12958741587788952,0.018863764818887848,BB,0.03638920933008194,0.004853103430735926,BBB
SAIL,Steel Authority of India Limited,Basic Materials,2024,0,0.2581409747721141,0.5941880018972546,2.6824801796054976,0.022616421930820595,0.9003660752328371,0.07838292889797294,1.709007274887906,Z (1968),Distress,0.1316078848424243,0.01919595294533731,BB,0.00920744240283966,0.0011986621176298244,AA
SAIL,Steel Authority of India Limited,Basic Materials,2025,0,0.2708343874435419,0.5680487353097368,2.178325390929352,0.017120139373707592,0.9094295570337669,-0.030827118005170684,1.718077798982922,Z (1968),Distress,0.2267010621255177,0.03647785004752635,BB,0.06253553181886673,0.008540989445585734,BBB
SAIL,Steel Authority of India Limited,Basic Materials,2026,0,0.23494204506663216,0.5558674196045789,3.1249899775969814,0.024775675205648277,0.823460029907963,-0.003481900176093289,1.9082593246340962,Z (1968),Grey,0.19959831934933298,0.03119929107048707,BB,0.05551408976316452,0.007533296738169023,BBB
SHREECEM,Shree Cement Limited,Basic Materials,2023,0,0.10346609736332657,0.2907646937754092,6.759457585330149,0.04825331872101175,1.3321108358139784,,8.851245252769186,Z (1968),Safe,0.08182603416227319,0.011377799510545098,BBB,0.014200187288224697,0.0018567763397760765,A
SHREECEM,Shree Cement Limited,Basic Materials,2024,0,0.059225205314402826,0.2579082310711336,12.607437044010355,0.08825987461917965,1.9929093985962405,0.0614997224114584,9.608898210891033,Z (1968),Safe,0.06563430796929945,0.008989872025409776,BBB,0.009091457352042198,0.0011834422124387017,AA
SHREECEM,Shree Cement Limited,Basic Materials,2025,0,0.03671693149177166,0.24263997731273884,7.51941144305811,0.03978263530859915,2.1025150578600553,0.01925664327183707,11.224285129247873,Z (1968),Safe,0.1053610724290083,0.014980917925270792,BB,0.04776286333799362,0.00643580036249749,BBB
SHREECEM,Shree Cement Limited,Basic Materials,2026,0,0.05935183629016552,0.25929788989534464,12.103626943005182,0.0581502131573045,2.1608076940686307,0.10472957795517024,7.897666876272866,Z (1968),Safe,0.05188745349088725,0.007017869468835644,BBB,0.009091457352042198,0.0011834422124387017,AA
SIEMENS,Siemens Limited,Industrials,2022,0,0.00905564672534686,0.42225869013874384,48.812849162011176,0.07672683872892734,1.9117481520393231,,6.172311727177021,Z (1968),Safe,0.04162193731439408,0.005577221336727231,BBB,0.023113202303647995,0.003046157268813329,A
SIEMENS,Siemens Limited,Industrials,2023,0,0.008047920035278553,0.398440945171248,50.0,0.09364687453735321,2.2018512716068726,0.08257993933064789,7.728107056454012,Z (1968),Safe,0.037373008827108284,0.004988723353315543,BBB,0.008914542384445667,0.0011602328693423225,AA
SIEMENS,Siemens Limited,Industrials,2024,0,0.011052433790225281,0.3921517435075852,50.0,0.1154793609229507,2.280270513360582,0.16122942084374547,11.306347814339526,Z (1968),Safe,0.01916069294126692,0.002516404776693332,A,0.008914542384445667,0.0011602328693423225,AA
SIEMENS,Siemens Limited,Industrials,2025,0,0.007268925219618594,0.3377373781842195,50.0,0.0929648962749096,2.543798282550313,-0.20927233529144174,12.632303617864869,Z (1968),Safe,0.20922146776416073,0.03303861951843332,BB,0.33510008454322815,0.06110763246872633,B
SIMPLEXINF,Simplex Infrastructures Limited,Industrials,2023,1,0.5769257836412627,0.9708783819609469,-0.016056091580101784,-0.04539552012185423,0.8836031699630384,,-1.049025490037798,Z'' (1995),Distress,0.1758420157233641,0.026814469903015267,BB,0.5303056836128235,0.12725113357973097,CCC
SIMPLEXINF,Simplex Infrastructures Limited,Industrials,2024,1,0.6894836811437219,0.9775949420572091,-0.5341246290801187,-0.006953461264063633,0.8783914377401705,0.003920736909587719,-1.129134392316357,Z'' (1995),Distress,0.2600537697172826,0.04341577864347077,B,0.6184152960777283,0.17306921222645075,CCC
SIMPLEXINF,Simplex Infrastructures Limited,Industrials,2025,1,0.5011950060960292,0.8788676366536142,4.095441595441596,0.0015698917005194336,1.6358365570599613,-0.5833486976795996,1.3238302176957903,Z'' (1995),Grey,0.7651210601558307,0.2961096107145692,CCC,0.10175551474094391,0.014418409911739823,BB
SIMPLEXINF,Simplex Infrastructures Limited,Industrials,2026,1,0.4230181532396253,0.747970161176031,8.698813056379821,0.009735101110254095,2.2859002374547375,-0.10556617014950831,2.2890858358250656,Z'' (1995),Grey,0.1688675993159742,0.025567557464175387,BB,0.05332747474312782,0.007222120449104246,BBB
SRF,SRF Limited,Industrials,2023,0,0.238744046768459,0.44935674173479245,18.764295150028307,0.11529700573515078,1.1745820282308912,,7.099308469896525,Z (1968),Safe,0.06822798266915163,0.00936756680618301,BBB,0.015131238847970963,0.001980143643389679,A
SRF,SRF Limited,Industrials,2024,0,0.24560857028191665,0.4395540656793253,7.1463751271248,0.06808514325706244,1.0307475044564907,0.09210686277228097,6.687945210398196,Z (1968),Safe,0.08927507948225957,0.012500895510270296,BB,0.004743821918964386,0.0006151593684269992,AA
SRF,SRF Limited,Industrials,2025,0,0.21923290309651752,0.41429096280022565,5.907676796773729,0.05950561216164205,1.128845123233633,0.0524940508565106,7.578783508353251,Z (1968),Safe,0.10235291432779964,0.014511342992693707,BB,0.004889241419732571,0.000634097408026942,AA
SRF,SRF Limited,Industrials,2026,0,0.21481388531006554,0.4184390642684892,10.362730342106333,0.08030756311456884,1.1034472714339152,0.12012504453285033,6.033242964037253,Z (1968),Safe,0.07048146683267446,0.009697198326343203,BBB,0.005131861194968224,0.0006657046034073596,AA
SUNPHARMA,Sun Pharmaceutical Industries Limited,Healthcare,2023,0,0.08528070153928008,0.26538478162786666,50.0,0.10494430579566749,2.003483196865424,,8.585334077545706,Z (1968),Safe,0.03864959321554367,0.005165063095224649,BBB,0.019072918221354485,0.002504682475313617,A
SUNPHARMA,Sun Pharmaceutical Industries Limited,Healthcare,2024,0,0.03828869474904283,0.21489807268216887,47.49595336939657,0.11520925602749321,2.559700666493959,0.05890325163892274,14.88597990268059,Z (1968),Safe,0.03490760468895743,0.004649311733946156,BBB,0.007380790077149868,0.0009593227389816067,AA
SUNPHARMA,Sun Pharmaceutical Industries Limited,Healthcare,2025,0,0.02564793837346084,0.2129696685949209,50.0,0.12307461538760395,2.892374552124,0.07720417568960802,15.125926079949949,Z (1968),Safe,0.02603873574155974,0.003440667929045183,A,0.007525695487856865,0.0009782811592259138,AA
SUNPHARMA,Sun Pharmaceutical Industries Limited,Healthcare,2026,0,0.04253629307363629,0.22894176249310338,45.61030952170193,0.11428801836665409,2.8242894982061744,0.18115673104338748,12.508953504865215,Z (1968),Safe,0.014200891374979973,0.0018568695569853343,A,0.007380790077149868,0.0009593227389816067,AA
SUPREMEINF,Supreme Infrastructure India Limited,Industrials,2023,1,1.0428268613632934,2.046172313374165,-0.09124589500659923,-0.2284805821164646,0.15213908682435281,,-13.837925638891416,Z'' (1995),Distress,0.4503788299747839,0.09569531702408145,B,0.9224042296409607,0.6055426180686779,D
SUPREMEINF,Supreme Infrastructure India Limited,Industrials,2024,1,0.8034889829807189,1.8826486487243974,-0.042183771262077535,-0.22092365882779133,0.11476106712109362,0.09841317478888545,-12.921015585446158,Z'' (1995),Distress,0.43078840312974087,0.08903361461419018,B,0.7182353138923645,0.2476599428427709,CCC
SUPREMEINF,Supreme Infrastructure India Limited,Industrials,2025,1,1.070389401868897,3.334634991966335,-0.02962164643785759,-0.3463427085654826,0.1078656420462546,-0.5202366244597292,-28.59341525651834,Z'' (1995),Distress,0.9900825254067767,0.9280178766093692,D,0.9625685811042786,0.7685671365182463,D
SUPREMEINF,Supreme Infrastructure India Limited,Industrials,2026,1,0.5430937477231115,0.9140765352918793,9.723276322761695,1.0,0.4068286964344005,0.006858292267512667,12.956314878675752,Z'' (1995),Safe,0.03730863558576196,0.004979841951108861,BBB,0.7890316247940063,0.3256867726975741,CCC
SUZLON,Suzlon Energy Limited,Industrials,2023,0,0.3508576270327227,0.8010022848328379,8.550748100373397,0.5158091603329845,1.546825188185679,,-0.1109460539904128,Z (1968),Distress,0.04499862528704243,0.006048142136994828,BBB,0.017215067520737648,0.002256993575634329,A
SUZLON,Suzlon Energy Limited,Industrials,2024,0,0.02092764750620558,0.453921287306624,7.242214860388074,0.1039724776420204,1.757379065091314,0.2997512392773989,8.198586292646977,Z (1968),Safe,0.017424748205131558,0.002284907489784464,A,0.008523020893335342,0.0011088950724320095,AA
SUZLON,Suzlon Energy Limited,Industrials,2025,0,0.057109831406703455,0.5288647248871299,14.688777441332324,0.20573713875982502,1.5642050910959924,0.8052032171522019,6.561806169725331,Z (1968),Safe,0.003240572314090142,0.00041967244507608385,AAA,0.012712379917502403,0.0016600570340607086,A
SUZLON,Suzlon Energy Limited,Industrials,2026,0,0.05199519207837675,0.4984583064371668,11.845626763401855,0.19877750880108833,1.6490666197625234,0.4559766165441963,5.6326243000734095,Z (1968),Safe,0.005688084767836341,0.0007382170708687473,AA,0.01368049904704094,0.001788004035473115,A
TATACONSUM,Tata Consumer Products Limited,Consumer Defensive,2023,0,0.07014295214660562,0.2491875676478982,21.57778797613584,0.052771169161720616,2.1170082656420397,,8.591489633705624,Z (1968),Safe,0.04349153488707192,0.005837604104438516,BBB,0.01680748350918293,0.0022027632184960654,A
TATACONSUM,Tata Consumer Products Limited,Consumer Defensive,2024,0,0.12409362426813661,0.37774642820690524,14.063092211694014,0.045260010068446946,1.19585880852585,0.228388948728099,7.144999383061895,Z (1968),Safe,0.02521129366513177,0.003328878213065444,A,0.0030658950563520193,0.000396990191312004,AAA
TATACONSUM,Tata Consumer Products Limited,Consumer Defensive,2025,0,0.07482343934894589,0.33108655787411717,7.121812543073743,0.04261664684954421,1.5284920675493754,0.14120654053718407,6.827521363736909,Z (1968),Safe,0.048978913801607245,0.0066069574055123495,BBB,0.00346547644585371,0.00044888697012308767,AAA
TATACONSUM,Tata Consumer Products Limited,Consumer Defensive,2026,0,0.0818365098383419,0.3269414297058946,16.856235860760417,0.046433392783811804,1.561863137959589,0.07740649102749164,6.631142145028753,Z (1968),Safe,0.06889680356341248,0.009465255881028952,BBB,0.0035470782313495874,0.00045948969090899244,AAA
TATAPOWER,The Tata Power Company Limited,Utilities,2023,0,0.4123372484905224,0.7335070055841477,2.3493664876413165,0.02599505224191782,0.7051397076800329,,0.6815694641796872,Z'' (1995),Distress,0.1280672552059887,0.01861470045276214,BB,0.01281103678047657,0.0016730855796185454,A
TATAPOWER,The Tata Power Company Limited,Utilities,2024,0,0.42282864030591516,0.7253163363272381,2.348716935138518,0.02759410120422636,0.674339640431221,0.08728838174403175,0.7289711369224754,Z'' (1995),Distress,0.13494326886111624,0.019747226425841008,BB,0.004719269461929798,0.0006119623674014357,AA
TATAPOWER,The Tata Power Company Limited,Utilities,2025,0,0.4338952494610753,0.7281221352378933,2.448626816336542,0.026807295040643667,0.6588768325111474,0.12294878154029854,0.710032729240496,Z'' (1995),Distress,0.10814926066012068,0.015418580882812605,BB,0.004840604029595852,0.0006277628051873487,AA
TATAPOWER,The Tata Power Company Limited,Utilities,2026,0,0.4560695476660352,0.7282761571681591,2.343785690564326,0.022596563904449665,0.8008585630825501,0.11639138787502179,1.0431653914918688,Z'' (1995),Distress,0.10778791132296417,0.015361727446362392,BB,0.00435121264308691,0.000564053753605755,AA
TATASTEEL,Tata Steel Limited,Basic Materials,2023,0,0.294745285546848,0.6348358634316978,3.895060885579564,0.030415759588147757,0.8907490025451428,,1.7285731566955254,Z (1968),Distress,0.11954381641528443,0.017231847110779984,BB,0.019618693739175797,0.002577600295347238,A
TATASTEEL,Tata Steel Limited,Basic Materials,2024,0,0.3184880597315154,0.6619429566222362,0.8472155437778136,-0.015807204991175987,0.7169284053775334,-0.05068450735697938,1.608444193155059,Z (1968),Distress,0.3003667804220507,0.05253010700714823,B,0.4721056818962097,0.10353495296460656,B
TATASTEEL,Tata Steel Limited,Basic Materials,2025,0,0.33930856980874374,0.6730333563831539,2.146019248189948,0.012374807418640084,0.7943862467761816,0.021839015300440634,1.6688031796680933,Z (1968),Distress,0.1973288841230971,0.030770945355472774,BB,0.007865439169108868,0.0010227497591317552,AA
TATASTEEL,Tata Steel Limited,Basic Materials,2026,0,0.3066569946547783,0.6555052809072048,3.228067017717167,0.03717864552608908,0.7482659503471195,0.07823807028620422,1.8321160438998214,Z (1968),Grey,0.1422140239079305,0.020961608013594955,BB,0.010294493287801743,0.0013414589840520833,AA
TCS,Tata Consultancy Services Limited,Technology,2023,0,0.05351859715560629,0.3650862158982534,50.0,0.2933985840683323,2.5315671059277287,,9.251148734160882,Z'' (1995),Safe,0.00929647372252505,0.0012103471765317533,AA,0.01680748350918293,0.0022027632184960654,A
TCS,Tata Consultancy Services Limited,Technology,2024,0,0.054769919903857316,0.3764450423014155,50.0,0.31649775939331265,2.4506333506854068,0.019477762076142824,9.158717255044799,Z'' (1995),Safe,0.016174595630256135,0.0021186328519599844,A,0.007189599797129631,0.0009343160945663154,AA
TCS,Tata Consultancy Services Limited,Technology,2025,0,0.058836426965025154,0.4000400929655639,50.0,0.3172589993400375,2.320918473236354,0.08999720039057957,9.031953036348733,Z'' (1995),Safe,0.009593262209725856,0.0012493128574954451,AA,0.005187049973756075,0.0006728961728689211,AA
TCS,Tata Consultancy Services Limited,Technology,2026,0,0.06186804991994385,0.40518281315114163,50.0,0.2877769363247476,2.2278129822372525,0.1424741118468449,8.457821410748066,Z'' (1995),Safe,0.007366734769469348,0.0009574840960863609,AA,0.005187049973756075,0.0006728961728689211,AA
TECHM,Tech Mahindra Limited,Technology,2023,0,0.05937170256514702,0.384774219828268,20.79576167076167,0.10467940537296358,1.8341490879063134,,5.901676880527759,Z'' (1995),Safe,0.05082907849670069,0.006868092509436839,BBB,0.02244753949344158,0.002956678407074655,A
TECHM,Tech Mahindra Limited,Technology,2024,0,0.05841754253447434,0.3748376458884109,9.22131565527792,0.052643036318515156,1.8567046589413947,-0.05914419987303188,5.622272078411122,Z'' (1995),Safe,0.18550163646238998,0.028571290263282666,BB,0.20438770949840546,0.03211002720805917,BB
TECHM,Tech Mahindra Limited,Technology,2025,0,0.04551573790018991,0.37539021676836465,18.572894000621698,0.09671501090219192,1.868328862237652,0.024661704695142728,5.937826650396326,Z'' (1995),Safe,0.08580518741435476,0.011975778986548564,BBB,0.01099011953920126,0.0014329808728197112,AA
TECHM,Tech Mahindra Limited,Technology,2026,0,0.04428249077363711,0.390776472875911,20.481624184943687,0.10250799295575828,1.9020313847215038,0.10956185595972534,5.878631707623512,Z'' (1995),Safe,0.046389816721859205,0.006243000459019313,BBB,0.008914542384445667,0.0011602328693423225,AA
TITAN,Titan Company Limited,Consumer Cyclical,2023,0,0.346630647966547,0.5594863634681567,15.823333333333334,0.12026791992006809,1.6893094089264173,,11.811210088842374,Z (1968),Safe,0.051101090323590094,0.006906558936880092,BBB,0.014081628993153572,0.0018410815248524365,A
TITAN,Titan Company Limited,Consumer Cyclical,2024,0,0.49217115689381935,0.7022820919175912,8.468497576736672,0.11937240708176122,1.5492770282533728,0.1675239610701995,11.925266495405676,Z (1968),Safe,0.036522834900814344,0.004871510058724484,BBB,0.0034231317695230246,0.0004433856177863819,AAA
TITAN,Titan Company Limited,Consumer Cyclical,2025,0,0.5111570349595296,0.7140256353482421,5.758656873032529,0.09244151419034032,1.3350133757220952,0.2883359746434231,8.104093193305104,Z (1968),Safe,0.0195284043703708,0.002565532402168016,A,0.004351753741502762,0.0005641241637850414,AA
TITAN,Titan Company Limited,Consumer Cyclical,2026,0,0.5056224302769109,0.740707716186985,6.763559322033898,0.10024899217453166,1.2761289674063276,0.489925455753192,7.08009565645311,Z (1968),Safe,0.004680110406242044,0.0006068637100047735,AA,0.004463681951165199,0.0005786902020217487,AA
TRENT,Trent Limited,Consumer Cyclical,2023,0,0.5523879760391907,0.6704869003765376,2.4955167276175,0.055018047325197085,2.1735132269328505,,2.407772282928323,Z'' (1995),Grey,0.06083701470769401,0.008296031039338165,BBB,0.013574173673987389,0.0017739413605296942,A
TRENT,Trent Limited,Consumer Cyclical,2024,0,0.24477118022829616,0.42715258142213847,7.0195236602945785,0.19507612534835023,2.017457362128358,-0.11381260726619835,5.684861541170296,Z'' (1995),Safe,0.14649753856946116,0.021685304106044478,BB,0.3475691080093384,0.06436842910403577,B
TRENT,Trent Limited,Consumer Cyclical,2025,0,0.23750270710982585,0.4072639718715365,15.645645428963128,0.1865609577966624,1.8269598993380383,0.3152707089747617,5.25512745213973,Z'' (1995),Safe,0.007842791582054868,0.0010197846222820017,AA,0.009418166242539883,0.00122632186248445,AA
TRENT,Trent Limited,Consumer Cyclical,2026,0,0.21837681970025358,0.39396244046593876,14.284704484704484,0.16262834413487282,1.2638781185864796,0.24511977103158933,4.712779837133619,Z'' (1995),Safe,0.01797378446071447,0.002358047456149507,A,0.005102838389575481,0.0006619229624568886,AA
TVSMOTOR,TVS Motor Company Limited,Consumer Cyclical,2023,0,0.6350761262694452,0.8322633583203886,2.42790869196445,0.03771104912991859,0.8858184996904057,,2.230855583939303,Z (1968),Grey,0.1348643424179121,0.019734139517008226,BB,0.03147760406136513,0.004179597015304387,BBB
TVSMOTOR,TVS Motor Company Limited,Consumer Cyclical,2024,0,0.6159501814996805,0.8220978644003405,2.399671544527753,0.04354542610605581,1.0209600340825904,0.1983245210231004,3.094354304844715,Z (1968),Safe,0.07034177918814269,0.009676725254513711,BBB,0.0071165417321026325,0.000924762711355234,AA
TVSMOTOR,TVS Motor Company Limited,Consumer Cyclical,2025,0,0.5967992096278212,0.8030271454709951,2.6827080013057087,0.04959239605148198,1.1212896260131167,0.13539525623358917,3.222685245706761,Z (1968),Safe,0.09258722972293297,0.013005360248938745,BB,0.005764150060713291,0.0007481388627414473,AA
TVSMOTOR,TVS Motor Company Limited,Consumer Cyclical,2026,0,0.5803654897946252,0.8103939390399609,3.1718669062965916,0.05780163510186424,0.9813441446340989,0.178645432089803,3.546033593414458,Z (1968),Safe,0.07684507131023763,0.01063552970571353,BBB,0.005987423472106457,0.0007772697941211004,AA
ULTRACEMCO,UltraTech Cement Limited,Basic Materials,2023,0,0.12099910096582707,0.4049460667036085,10.733250213268587,0.05541228201485201,0.885246069549104,,4.643103340142793,Z (1968),Safe,0.08401512868672105,0.011706219097257511,BBB,0.03187289834022522,0.004233582669481187,BBB
ULTRACEMCO,UltraTech Cement Limited,Basic Materials,2024,0,0.11312224825675599,0.4019621235727343,10.817062243430787,0.0728970034024325,0.8607152467334375,0.10302399817216812,5.28616543287361,Z (1968),Safe,0.0788065943570763,0.010927013250565481,BBB,0.011237867176532745,0.0014656034827102973,AA
ULTRACEMCO,UltraTech Cement Limited,Basic Materials,2025,0,0.18027443514880945,0.44731211941973936,5.629988622036348,0.05150645096099914,0.73342258620972,0.32633426654885156,4.221171729811878,Z (1968),Safe,0.028188405870177957,0.003731866239038917,A,0.01593937911093235,0.0020873892751113944,A
ULTRACEMCO,UltraTech Cement Limited,Basic Materials,2026,0,0.16802767031419605,0.42909400643927975,7.0336213798625105,0.05937066501784507,0.7462657803184587,0.05743502704171122,4.1363186086085735,Z (1968),Safe,0.12197597477044049,0.017624101546622015,BB,0.01499161310493946,0.0019616298668937975,A
UNITECH,Unitech Limited,Real Estate,2023,1,0.2722800347611068,1.0423990344171714,-0.521644066489587,-0.10368587342804261,0.8558144466868995,,-2.170980043420911,Z'' (1995),Distress,0.13971099675233822,0.02054156925225154,BB,0.4255203604698181,0.08730383462119218,B
UNITECH,Unitech Limited,Real Estate,2024,1,0.2784935200318505,1.1870576314726082,-0.7855839241147088,-0.12458029541428173,0.7501753653182132,-0.0135913676592202,-4.007482842061772,Z'' (1995),Distress,0.2754599829488824,0.04679955929368451,B,0.5211009979248047,0.1232072620183449,CCC
UNITECH,Unitech Limited,Real Estate,2025,1,0.2769345297571954,1.3089919556937302,-0.746033359875296,-0.09794803707569011,0.695732356101681,-0.003176380559034131,-4.754761002044339,Z'' (1995),Distress,0.27299913384878116,0.04625107099662099,B,0.6917510628700256,0.22469051274270935,CCC
UNITECH,Unitech Limited,Real Estate,2026,1,0.30346204679341676,1.4447795223068163,-0.5610686752438847,-0.09482531119163604,0.623249449207064,-0.04073251043918835,-6.097076970590047,Z'' (1995),Distress,0.3498016930018941,0.06496302607467566,B,0.7168021202087402,0.24634478884903435,CCC
UPL,UPL Limited,Basic Materials,2023,0,0.2702620319044447,0.6000203213023697,2.7258713136729225,0.04030391636655114,1.4473947033095707,,2.0343542287513445,Z (1968),Grey,0.09288665027091772,0.013051120247031651,BB,0.012038099579513073,0.0015710726907240797,A
UPL,UPL Limited,Basic Materials,2024,0,0.3398670413268453,0.6264135425947502,0.3821788040260509,-0.013626840333176246,1.4641301515207923,-0.011639590412861112,1.38740446222726,Z (1968),Distress,0.21566674782625378,0.03429176861944944,BB,0.24199078977108002,0.03959498328266261,BB
UPL,UPL Limited,Basic Materials,2025,0,0.28520942705847596,0.570168859798641,1.2564975247524752,0.010219427165219768,1.388253001505128,0.00520869028853399,1.8036746875872396,Z (1968),Distress,0.1835936675103155,0.02822149466884838,BB,0.12251604348421097,0.01771145530656065,BB
UPL,UPL Limited,Basic Materials,2026,0,0.2476340528333596,0.5665248673914185,2.1065545040308447,0.020981731047394477,1.2171923563946125,0.08185041249062519,1.7027926491315442,Z (1968),Distress,0.11841523149639903,0.017050460133158373,BB,0.004936710931360722,0.0006402804243914171,AA
VEDL,Vedanta Limited,Basic Materials,2023,0,0.34097155755283376,0.747017305005195,4.468354430379747,0.05412100707862236,0.6951072409158271,,1.2783183861793268,Z (1968),Distress,0.10496300042363897,0.01491862323960734,BB,0.06316721439361572,0.008632285692533116,BBB
VEDL,Vedanta Limited,Basic Materials,2024,0,0.3813801380452499,0.7795206674807528,3.4149175856753233,0.02195326580075819,0.6600983969184221,-0.023390675463334953,1.2629714646797234,Z (1968),Distress,0.272587716187509,0.04615967261516723,B,0.42515942454338074,0.08718624260187072,B
VEDL,Vedanta Limited,Basic Materials,2025,0,0.37225088377711985,0.7338617841900442,4.250768800670953,0.07631733714207153,0.6856405028882093,0.058525106521249315,0.9771639988252343,Z (1968),Distress,0.12552722501409389,0.018200191916269155,BB,0.011843048967421055,0.0015453516771396227,A
VEDL,Vedanta Limited,Basic Materials,2026,0,0.11938122759779794,0.705975921384349,7.779889152810768,0.07992003860205418,1.3200840085711447,0.15478229871171534,1.6464947343751182,Z (1968),Distress,0.04599120734978029,0.006187118649593267,BBB,0.0031776828691363335,0.00041150530515874246,AAA
VOLTAS,Voltas Limited,Consumer Cyclical,2023,0,0.0632920874675674,0.4655399693161112,11.379858060155458,0.013134533384051577,1.3954831000489225,,5.059609142906357,Z (1968),Safe,0.06679123895336934,0.009158122228619713,BBB,0.01364889182150364,0.0017838233644276102,A
VOLTAS,Voltas Limited,Consumer Cyclical,2024,0,0.06178525256486525,0.5135970261853882,9.69362920544023,0.022585977961642377,1.341926696986648,0.1709026452936615,5.295263645007373,Z (1968),Safe,0.04987281923563713,0.006733014761222227,BBB,0.0047605084255337715,0.0006173322141987212,AA
VOLTAS,Voltas Limited,Consumer Cyclical,2025,0,0.06782000027372222,0.5027151722701152,20.171630977298342,0.06680789939867571,1.4782982266255933,0.09274891738923796,6.5320383488534235,Z (1968),Safe,0.06009961332315313,0.00818992182209553,BBB,0.0048527223989367485,0.0006293410684310413,AA
VOLTAS,Voltas Limited,Consumer Cyclical,2026,0,0.06840123283215067,0.5589806253480435,7.419797188292233,0.02717692694230651,1.3673747655225093,0.10322824934876929,4.849667639289808,Z (1968),Safe,0.07236807783261695,0.009974226871644336,BBB,0.004653667565435171,0.0006034209494551743,AA
WINSOME,Winsome Yarns Limited,Consumer Cyclical,2023,0,2.568912891867055,2.887641968943724,-50.0,-0.12193624707661788,0.06556965767907094,,-6.960059759448656,Z (1968),Distress,0.8448325230089886,0.41284335325001403,D,0.9329814910888672,0.6425754006784835,D
WINSOME,Winsome Yarns Limited,Consumer Cyclical,2024,0,2.7947592267135324,3.1085397941250315,-50.0,-0.05263194601935555,0.058620165449834276,-0.08081065899621664,-7.388864018696964,Z (1968),Distress,0.9428671350766855,0.6806344627299281,D,0.9623053073883057,0.7672692666084995,D
WINSOME,Winsome Yarns Limited,Consumer Cyclical,2025,0,2.705385725882107,3.125187017873027,-50.0,-0.08544231733431469,0.0821388956553682,0.03303540045192066,-7.517729643598719,Z (1968),Distress,0.8988877054762944,0.5344626692461975,D,0.8648413419723511,0.45245407939752347,D
WINSOME,Winsome Yarns Limited,Consumer Cyclical,2026,0,2.8513582951368592,3.3041605681237765,-50.0,-0.06261705716692287,0.08207565784914249,-0.051194046536949145,-7.966930830150001,Z (1968),Distress,0.9419628103946721,0.6770013222408495,D,0.9507485032081604,0.7137062375951527,D
WIPRO,Wipro Limited,Technology,2023,0,0.148547994509373,0.3351434145644494,19.872315950920246,0.09652821600548382,2.46905170063454,,6.997046991678793,Z'' (1995),Safe,0.035154218928880786,0.004683195385077023,BBB,0.019072918221354485,0.002504682475313617,A
WIPRO,Wipro Limited,Technology,2024,0,0.14286755537507193,0.3481564203151696,18.822033898305083,0.09487858209554603,2.5773079086422297,-0.019869504057586918,6.920323831302737,Z'' (1995),Safe,0.06780789694268431,0.009306270233983425,BBB,0.04682592675089836,0.006304185890042126,BBB
WIPRO,Wipro Limited,Technology,2025,0,0.14926701489288935,0.35450129030252153,19.920406618362712,0.10771228452561502,2.7170894278837254,0.11632604717391248,7.1909684949609165,Z'' (1995),Safe,0.02661083720465855,0.003518056860533143,A,0.007380790077149868,0.0009593227389816067,AA
WIPRO,Wipro Limited,Technology,2026,0,0.14296866963252733,0.3744093761405576,22.92717157668479,0.09754961781843474,2.0493264423458455,0.10317911886329001,6.252158857604764,Z'' (1995),Safe,0.04017999835367101,0.005376999625939099,BBB,0.007380790077149868,0.0009593227389816067,AA
ZEELEARN,Zee Learn Limited,Consumer Defensive,2023,0,0.4519938279823076,0.8625001086657227,-9.606004707826116,-0.43312418396926144,0.37283525853071764,,-5.356489984909077,Z'' (1995),Distress,0.3443507975558261,0.06351711861826614,B,0.8333531022071838,0.3923901067826708,CCC
ZEELEARN,Zee Learn Limited,Consumer Defensive,2024,0,0.33173958606235265,0.8315016770784518,5.311953594972463,0.15442085170963474,0.7486983825428665,0.0588466156707792,0.3697336471779422,Z'' (1995),Distress,0.14593812186545316,0.02159043998883273,BB,0.012305579148232937,0.0016063591569412338,A
ZEELEARN,Zee Learn Limited,Consumer Defensive,2025,0,0.26405445781893633,0.8700751258391596,1.853989116459083,0.009812382169126124,0.9101193062078705,0.39231422066588695,-0.13363502347929598,Z'' (1995),Distress,0.028223205226810332,0.0037365894182460526,A,0.011925164610147476,0.0015561790600101533,A
ZEELEARN,Zee Learn Limited,Consumer Defensive,2026,0,0.2378937647125668,0.8524448091380441,2.7811620518668985,0.024838166375903248,1.0078034515219734,0.05532729047412199,0.4852365382736942,Z'' (1995),Distress,0.1683273339517101,0.025471707476420875,BB,0.010317040607333183,0.00134442372657158,AA
